CaseID,DayID,CalendarDate,Regime,TerminalMode,ReserveCapped,SolverStatus,ModelVersion,Generated,Cost_GBP,ImportCost_GBP,ExportRevenue_GBP,BatteryDeg_GBP,EVDeg_GBP,GridImport_kWh,GridExport_kWh,NetGrid_kWh,EVCharge_kWh,EVDischarge_kWh,EVInitialSOC_pct,EVFinalSOC_pct,EVInitialEnergy_kWh,EVFinalEnergy_kWh,BatteryMinSOC_pct,BatteryMaxSOC_pct,EVMinSOC_pct,EVMaxSOC_pct,BalanceMax_kW,BalanceRMS_kW,GridSimultaneity_kW,EVChargeAway_kW,EVDischargeAway_kW,CostError_GBP,FirstTripError_kWh,TerminalViolation_kWh,TripEnergy_kWh,OptimisationTime_s,VerificationTime_s,Valid,Error,ObjectiveLowerBound_GBP,AbsoluteMIPGap_GBP,SourceMAT
control_43598_V2H,43598,2014-06-19,V2H,none,0,Solved,R2.2,2026-10-01 14:01:29,0.565097409934248,0.692397437017725,0.174030483333352,0.0428529562498759,0.00387749999999915,12.5724553450002,4.59183333333383,7.98062201166632,11.3724279835399,0.352499999999923,64.4120370370353,57.5208333333335,25.7648148148141,23.0083333333334,19.9999999999999,36.4066979166189,57.5208333333335,90,2.55018228756398e-13,3.89318755586251e-14,4.54747350886464e-13,0,0,2.22044604925031e-16,0,0,12.6,6.4530037,0.0459864,1,"",0.565097409934248,0,PROJECT_ROOT\Round2_revision\runs_certified\control_43598_V2H.mat
control_43598_V2G,43598,2014-06-19,V2G,none,0,Solved,R2.2,2026-10-01 14:01:32,0.104905659934338,0.692397437017865,0.822404733333399,0.0428529562498729,0.19206,12.5724553450025,21.6993333333351,-9.1268779883326,11.3724279835399,17.46,64.4120370370353,10.0000000000001,25.7648148148141,4.00000000000004,20.0000000000011,36.4066979166189,10.0000000000001,90,6.32563446067991e-13,2.62460402617552e-13,0,0,0,2.77555756156289e-17,0,0,12.6,2.288254,0.0029417,1,"",0.104905659934338,0,PROJECT_ROOT\Round2_revision\runs_certified\control_43598_V2G.mat
uncapped_43593_V2H,43593,2014-06-14,V2H,none,0,Solved,R2.2,2026-10-01 14:01:34,0.526257131400806,0.631982192798372,0.195209146814369,0.0803009187501249,0.00918316666667868,12.4945329218113,5.15063711911264,7.34389580269863,11.4273662551448,0.834833333334426,64.4120370370353,59.8046296296265,25.7648148148141,23.9218518518506,36.4066979166189,67.2916666666669,59.8046296296265,89.9999999999999,7.21089854494039e-14,2.44547590814796e-14,0,0,0,6.66133814775094e-16,2.8421709430404e-14,0,11.2,2.2864978,0.0076526,1,"",0.526257131400805,0,PROJECT_ROOT\Round2_revision\runs_certified\uncapped_43593_V2H.mat
uncapped_43593_V2G,43593,2014-06-14,V2G,none,0,Solved,R2.2,2026-10-01 14:01:36,0.0439490980675138,0.631982192798384,0.874743513480993,0.0803009187501249,0.206409499999998,12.4945329218113,23.0803037857782,-10.5857708639669,11.4273662551448,18.7644999999998,64.4120370370353,10.0000000000004,25.7648148148141,4.00000000000014,36.4066979166189,67.2916666666669,10.0000000000004,89.9999999999999,1.62231339473351e-13,2.66235494249621e-14,0,0,0,4.57966997657877e-16,4.9737991503207e-14,0,11.2,1.9728887,0.003037,1,"",0.0439490980675143,0,PROJECT_ROOT\Round2_revision\runs_certified\uncapped_43593_V2G.mat
uncapped_43594_V2H,43594,2014-06-15,V2H,none,0,Solved,R2.2,2026-10-01 14:01:39,0.543604096112219,0.63257973152902,0.154676216666715,0.042657414583208,0.0230431666667063,12.4050659418354,4.08116666666793,8.32389927516748,11.3941810699594,2.09483333333693,64.4120370370353,59.7299629629524,25.7648148148141,23.891985185181,20.0000000000004,36.4066979166189,59.7299629629524,89.9999999999992,1.04137531931059e-12,4.48133750596799e-13,0,0,0,3.33066907387547e-16,2.98427949019242e-13,0,9.8,2.2331847,0.0262106,1,"",0.543604096112219,0,PROJECT_ROOT\Round2_revision\runs_certified\uncapped_43594_V2H.mat
uncapped_43594_V2G,43594,2014-06-15,V2G,none,0,Solved,R2.2,2026-10-01 14:01:41,0.0616335794454684,0.632163231528962,0.833143066666723,0.0426574145832312,0.219955999999998,12.4033992751677,21.9826666666681,-9.5792673915004,11.3921810699582,19.9959999999998,64.4120370370353,9.99999999999727,25.7648148148141,3.99999999999891,19.9999999999915,36.4066979166189,9.99999999999727,89.9999999999968,6.81676937119846e-13,2.30589083778519e-13,0,0,0,1.94289029309402e-16,1.26476606965298e-12,0,9.8,2.1726086,0.0043762,1,"",0.0616335794454686,0,PROJECT_ROOT\Round2_revision\runs_certified\uncapped_43594_V2G.mat
uncapped_43595_V2H,43595,2014-06-16,V2H,none,0,Solved,R2.2,2026-10-01 14:01:43,0.491140079416515,0.64156183971205,0.176247633333409,0.0185457063712085,0.00728016666666517,12.8455946502081,4.65033333333534,8.19526131687279,11.3740946502056,0.661833333333197,64.4120370370353,67.1653240740723,25.7648148148141,26.8661296296289,29.2737339276925,36.4066979166189,64.4120370370353,89.9999999999979,7.64430185817844e-13,2.96279486501877e-13,0,0,0,5.55111512312578e-17,8.5265128291212e-13,0,8.4,2.0441015,0.0031157,1,"",0.491140079416515,0,PROJECT_ROOT\Round2_revision\runs_certified\uncapped_43595_V2H.mat
uncapped_43595_V2G,43595,2014-06-16,V2G,none,0,Solved,R2.2,2026-10-01 14:01:45,-0.0630764372501378,0.640853789712077,0.956115933333421,0.0185457063712085,0.233639999999999,12.8427613168753,25.2273333333357,-12.3845720164604,11.3724279835397,21.2399999999999,64.4120370370353,9.99999999999983,25.7648148148141,3.99999999999993,29.2737339276925,36.4066979166189,9.99999999999983,89.9999999999995,1.34189881428881e-12,2.85581126062369e-13,0,0,0,2.91433543964104e-16,1.98951966012828e-13,0,8.4,2.0646992,0.0007726,1,"",-0.0630764372501375,0,PROJECT_ROOT\Round2_revision\runs_certified\uncapped_43595_V2G.mat
uncapped_43597_V2H,43597,2014-06-18,V2H,none,0,Solved,R2.2,2026-10-01 14:01:48,0.273575800433207,0.582077102516672,0.369000716666673,0.0426574145832098,0.0178419999999987,11.6381461887501,9.73616666666684,1.90197952208321,11.3754279835399,1.62199999999989,64.4120370370353,68.0011944444448,25.7648148148141,27.2004777777779,19.9999999999997,36.4066979166189,64.4120370370353,90,7.43294314986542e-14,2.34780735993745e-14,0,0,0,7.21644966006352e-16,0,0,7,2.1041711,0.0021669,1,"",0.273575800433207,0,PROJECT_ROOT\Round2_revision\runs_certified\uncapped_43597_V2H.mat
uncapped_43597_V2G,43597,2014-06-18,V2G,none,0,Solved,R2.2,2026-10-01 14:01:50,-0.288292766233579,0.581877269183305,1.1603274500001,0.0426574145832173,0.247499999999998,11.6364795220824,30.6155000000026,-18.9790204779202,11.3724279835396,22.4999999999998,64.4120370370353,9.99999999999975,25.7648148148141,3.9999999999999,19.9999999999968,36.4066979166189,9.99999999999975,89.9999999999993,1.93530608205705e-12,2.93035684315144e-13,0,0,0,6.10622663543836e-16,2.8421709430404e-13,0,7,2.2734034,0.0009441,1,"",-0.288292766233578,0,PROJECT_ROOT\Round2_revision\runs_certified\uncapped_43597_V2G.mat
uncapped_43598_V2H,43598,2014-06-19,V2H,none,0,Solved,R2.2,2026-10-01 14:01:52,0.565097409934248,0.692397437017725,0.174030483333352,0.0428529562498759,0.00387749999999915,12.5724553450002,4.59183333333383,7.98062201166632,11.3724279835399,0.352499999999923,64.4120370370353,57.5208333333335,25.7648148148141,23.0083333333334,19.9999999999999,36.4066979166189,57.5208333333335,90,2.55018228756398e-13,3.89318755586251e-14,4.54747350886464e-13,0,0,2.22044604925031e-16,0,0,12.6,2.1032991,0.0010295,1,"",0.565097409934248,0,PROJECT_ROOT\Round2_revision\runs_certified\uncapped_43598_V2H.mat
uncapped_43598_V2G,43598,2014-06-19,V2G,none,0,Solved,R2.2,2026-10-01 14:01:54,0.104905659934338,0.692397437017865,0.822404733333399,0.0428529562498729,0.19206,12.5724553450025,21.6993333333351,-9.1268779883326,11.3724279835399,17.46,64.4120370370353,10.0000000000001,25.7648148148141,4.00000000000004,20.0000000000011,36.4066979166189,10.0000000000001,90,6.32563446067991e-13,2.62460402617552e-13,0,0,0,2.77555756156289e-17,0,0,12.6,2.0711222,0.0008989,1,"",0.104905659934338,0,PROJECT_ROOT\Round2_revision\runs_certified\uncapped_43598_V2G.mat
uncapped_43599_V2H,43599,2014-06-20,V2H,none,0,Solved,R2.2,2026-10-01 14:01:56,0.291222783766566,0.56732650251672,0.324057633333405,0.0426574145832017,0.0052965000000491,11.2608128554171,8.55033333333522,2.71047952208191,11.377261316873,0.481500000004464,64.4120370370353,71.1733749999871,25.7648148148141,28.4693499999948,20.0000000000028,36.4066979166189,64.4120370370353,89.9999999999995,1.04864728012188e-12,5.05317551331172e-13,0,0,0,3.33066907387547e-16,1.91846538655227e-13,0,7,2.1504841,0.0009275,1,"",0.291222783766566,0,PROJECT_ROOT\Round2_revision\runs_certified\uncapped_43599_V2H.mat
uncapped_43599_V2G,43599,2014-06-20,V2G,none,0,Solved,R2.2,2026-10-01 14:01:59,-0.302106049566804,0.56632690251674,1.15859036666674,0.0426574145832011,0.247499999999998,11.2568128554177,30.5696666666687,-19.312853811251,11.3724279835406,22.4999999999998,64.4120370370353,10.0000000000021,25.7648148148141,4.00000000000084,20.0000000000031,36.4066979166189,10.0000000000021,90.0000000000017,6.5403238380668e-13,1.78957316587024e-13,0,0,0,5.55111512312578e-17,6.67910171614494e-13,0,7,2.1836959,0.0007973,1,"",-0.302106049566804,0,PROJECT_ROOT\Round2_revision\runs_certified\uncapped_43599_V2G.mat
uncapped_43600_V2H,43600,2014-06-21,V2H,none,0,Solved,R2.2,2026-10-01 14:02:00,-0.0508317884506437,0.414049973045204,0.479220233333393,0.00695013850416384,0.00738833333338119,8.29759465020449,12.6443333333349,-4.34673868313041,11.3724279835398,0.671666666671018,64.4120370370353,60.134259259247,25.7648148148141,24.0537037036988,33.7335677227097,36.4066979166189,60.134259259247,89.9999999999998,1.04319330951341e-12,4.66930224943121e-13,0,0,0,4.85722573273506e-17,7.105427357601e-14,0,11.2,1.8388411,0.0016415,1,"",-0.0508317884506437,0,PROJECT_ROOT\Round2_revision\runs_certified\uncapped_43600_V2H.mat
uncapped_43600_V2G,43600,2014-06-21,V2G,none,0,Solved,R2.2,2026-10-01 14:02:02,-0.536331955117364,0.414049973045187,1.16325206666672,0.00695013850417339,0.205919999999998,8.29759465020415,30.6926666666681,-22.395072016464,11.3724279835395,18.7199999999998,64.4120370370353,9.99999999999968,25.7648148148141,3.99999999999987,33.733567722706,36.4066979166189,9.99999999999968,89.9999999999992,6.40293373876943e-13,2.09176829088715e-13,0,0,0,4.44089209850063e-16,3.26849658449646e-13,0,11.2,1.955271,0.0009947,1,"",-0.536331955117363,0,PROJECT_ROOT\Round2_revision\runs_certified\uncapped_43600_V2G.mat
uncapped_43602_V2H,43602,2014-06-23,V2H,none,0,Solved,R2.2,2026-10-01 14:02:05,0.213477186502154,0.597460746918938,0.413804833333336,0.0218976062498816,0.0079236666666699,11.8258746658332,10.9183333333334,0.907541332499771,11.3740946502065,0.720333333333628,64.4120370370353,67.0028240740732,25.7648148148141,26.8011296296293,28.149999999998,36.4066979166189,64.4120370370353,90,1.10952913523477e-13,2.39175191473034e-14,0,0,0,3.51940698806175e-14,1.4210854715202e-14,0,8.4,2.145269,0.0009144,1,"",0.213477186502118,0,PROJECT_ROOT\Round2_revision\runs_certified\uncapped_43602_V2H.mat
uncapped_43602_V2G,43602,2014-06-23,V2G,none,0,Solved,R2.2,2026-10-01 14:02:07,-0.338989013497853,0.596960946918945,1.19148756666667,0.0218976062498746,0.233639999999999,11.8238746658332,31.4376666666668,-19.6137920008336,11.3724279835399,21.2399999999999,64.4120370370353,10.0000000000003,25.7648148148141,4.00000000000013,28.1500000000007,36.4066979166189,10.0000000000003,90,2.24639751245093e-13,3.0257161629732e-14,0,0,0,6.66133814775094e-16,7.105427357601e-15,0,8.4,2.2067644,0.0010306,1,"",-0.338989013497852,0,PROJECT_ROOT\Round2_revision\runs_certified\uncapped_43602_V2G.mat
uncapped_43603_V2H,43603,2014-06-24,V2H,none,0,Solved,R2.2,2026-10-01 14:02:09,0.270342490727558,0.579052639711816,0.35173095000001,0.0334783010157527,0.00954249999999997,11.6042613168725,9.28050000000027,2.32376131687226,11.3724279835399,0.867499999999997,64.4120370370353,66.5902777777778,25.7648148148141,26.6361111111111,23.5304282951755,36.4066979166189,64.4120370370353,90,2.45137243837235e-13,3.0754977410477e-14,0,0,0,1.01030295240889e-14,0,0,8.4,2.0095097,0.0011347,1,"",0.270342490727548,0,PROJECT_ROOT\Round2_revision\runs_certified\uncapped_43603_V2H.mat
uncapped_43603_V2G,43603,2014-06-24,V2G,none,0,Solved,R2.2,2026-10-01 14:02:11,-0.277677759272422,0.579052639711939,1.12384870000011,0.0334783010157465,0.233640000000003,11.6042613168725,29.6530000000029,-18.0487386831304,11.3724279835398,21.2400000000002,64.4120370370353,9.99999999999906,25.7648148148141,3.99999999999963,23.5304282951779,36.4066979166189,9.99999999999906,89.9999999999997,1.39345479599484e-12,2.81548812791912e-13,0,0,0,8.32667268468867e-16,9.9475983006414e-14,0,8.4,2.1506262,0.0011434,1,"",-0.277677759272421,0,PROJECT_ROOT\Round2_revision\runs_certified\uncapped_43603_V2G.mat
uncapped_43604_V2H,43604,2014-06-25,V2H,none,0,Solved,R2.2,2026-10-01 14:02:13,0.143788513442218,0.581181706378561,0.451016316666753,0.00690212373038376,0.00672100000002692,11.6469279835383,11.900166666669,-0.253238683130652,11.37242798354,0.611000000002448,64.4120370370353,70.8027777777711,25.7648148148141,28.3211111111085,33.7520349433943,36.4066979166189,64.4120370370353,90.0000000000002,1.02501340748518e-12,3.73515683633749e-13,0,0,0,0,6.3948846218409e-14,0,7,2.1000927,0.0008571,1,"",0.143788513442218,0,PROJECT_ROOT\Round2_revision\runs_certified\uncapped_43604_V2H.mat
uncapped_43604_V2G,43604,2014-06-25,V2G,none,0,Solved,R2.2,2026-10-01 14:02:16,-0.445025586557841,0.581181706378542,1.28060941666677,0.00690212373038376,0.247499999999998,11.6469279835379,33.7891666666693,-22.1422386831313,11.3724279835398,22.4999999999998,64.4120370370353,10.0000000000003,25.7648148148141,4.0000000000001,33.7520349433943,36.4066979166189,10.0000000000003,89.9999999999997,7.279454816711e-13,2.70548665563116e-13,0,0,0,1.66533453693773e-16,9.9475983006414e-14,0,7,2.0990741,0.0008723,1,"",-0.445025586557841,0,PROJECT_ROOT\Round2_revision\runs_certified\uncapped_43604_V2G.mat
uncapped_43605_V2H,43605,2014-06-26,V2H,none,0,Solved,R2.2,2026-10-01 14:02:18,0.205065477339024,0.575859039711974,0.39206918333334,0.0188097876270552,0.00246583333333423,11.5402613168732,10.3448333333335,1.19542798353973,11.3724279835399,0.224166666666748,64.4120370370353,57.8773148148146,25.7648148148141,23.1509259259258,29.1721642139053,36.4066979166189,57.8773148148146,90,8.17818035514506e-13,1.94145838316667e-13,0,0,0,1.66533453693773e-16,0,0,12.6,2.0314613,0.0008517,1,"",0.205065477339024,0,PROJECT_ROOT\Round2_revision\runs_certified\uncapped_43605_V2H.mat
uncapped_43605_V2G,43605,2014-06-26,V2G,none,0,Solved,R2.2,2026-10-01 14:02:20,-0.258578439327751,0.575859039711947,1.04530726666675,0.0188097876270552,0.192059999999999,11.5402613168727,27.5806666666689,-16.0404053497962,11.37242798354,17.46,64.4120370370353,10.0000000000003,25.7648148148141,4.00000000000011,29.1721642139053,36.4066979166189,10.0000000000003,90.0000000000002,6.84854950527836e-13,2.39748044108676e-13,0,0,0,3.88578058618805e-16,7.105427357601e-14,0,12.6,2.0570599,0.0008149,1,"",-0.258578439327751,0,PROJECT_ROOT\Round2_revision\runs_certified\uncapped_43605_V2G.mat
uncapped_43606_V2H,43606,2014-06-27,V2H,none,0,Solved,R2.2,2026-10-01 14:02:22,0.242342237495804,0.566893673045211,0.355350400000072,0.0242594644506182,0.00653950000004645,11.3605946502046,9.37600000000189,1.98459465020273,11.3724279835393,0.594500000004222,64.4120370370353,70.8486111110981,25.7648148148141,28.3394444444393,27.0761346663811,36.4066979166189,64.4120370370353,89.9999999999987,1.04499742192843e-12,4.46745968662322e-13,0,0,0,2.4980018054066e-16,5.04485342389671e-13,0,7,2.0736472,0.0011962,1,"",0.242342237495804,0,PROJECT_ROOT\Round2_revision\runs_certified\uncapped_43606_V2H.mat
uncapped_43606_V2G,43606,2014-06-27,V2G,none,0,Solved,R2.2,2026-10-01 14:02:24,-0.346915712504101,0.566893673045302,1.18556885000001,0.0242594644506042,0.247499999999999,11.3605946502065,31.2815000000002,-19.9209053497937,11.3724279835399,22.4999999999999,64.4120370370353,10.0000000000003,25.7648148148141,4.00000000000013,27.0761346663865,36.4066979166189,10.0000000000003,90,1.3404555243568e-13,2.35364113686661e-14,0,0,0,3.88578058618805e-16,0,0,7,2.0030968,0.0007936,1,"",-0.346915712504102,0,PROJECT_ROOT\Round2_revision\runs_certified\uncapped_43606_V2G.mat
uncapped_43608_V2H,43608,2014-06-29,V2H,none,0,Solved,R2.2,2026-10-01 14:02:26,0.300701981091434,0.488309983174595,0.233369250000068,0.0426574145835477,0.00310383333335936,9.70831079779774,6.15750000000179,3.55081079779595,11.4925925925935,0.282166666669033,64.4120370370353,64.9865740740677,25.7648148148141,25.9946296296271,19.9999999998698,36.4066979166189,64.4120370370353,89.9999999999999,1.05046527032471e-12,4.48288419676466e-13,0,0,0,1.11022302462516e-16,5.6843418860808e-14,0,9.8,2.0675948,0.0007916,1,"",0.300701981091434,0,PROJECT_ROOT\Round2_revision\runs_certified\uncapped_43608_V2H.mat
uncapped_43608_V2G,43608,2014-06-29,V2G,none,0,Solved,R2.2,2026-10-01 14:02:28,-0.231788002241644,0.488309983175127,0.983606066666662,0.0426574145832267,0.220850666666665,9.70831079780267,25.9526666666665,-16.2443558688639,11.492592592593,20.0773333333331,64.4120370370353,9.99999999999971,25.7648148148141,3.99999999999988,19.9999999999932,36.4066979166189,9.99999999999971,89.9999999999992,6.79394041025461e-13,2.62087899114693e-13,0,0,0,2.77555756156289e-16,3.26849658449646e-13,0,9.8,2.1586805,0.0008746,1,"",-0.231788002241644,0,PROJECT_ROOT\Round2_revision\runs_certified\uncapped_43608_V2G.mat
uncapped_43609_V2H,43609,2014-06-30,V2H,none,0,Solved,R2.2,2026-10-01 14:02:31,0.198132385845392,0.578796906378637,0.386510516666672,0.000829996133429017,0.00501599999999855,11.5949279835399,10.1981666666668,1.39676131687305,11.3724279835399,0.455999999999868,64.4120370370353,67.7333333333337,25.7648148148141,27.0933333333335,36.1626769678641,36.4066979166189,64.4120370370353,90,5.08204589522165e-14,2.10784473258977e-14,0,0,0,8.32667268468867e-17,1.4210854715202e-14,0,8.4,2.2514125,0.001062,1,"",0.198132385845392,0,PROJECT_ROOT\Round2_revision\runs_certified\uncapped_43609_V2H.mat
uncapped_43609_V2G,43609,2014-06-30,V2G,none,0,Solved,R2.2,2026-10-01 14:02:33,-0.360957214154608,0.578796906378634,1.17422411666667,0.000829996133431048,0.233639999999999,11.5949279835398,30.9821666666668,-19.387238683127,11.3724279835399,21.2399999999999,64.4120370370353,10.0000000000003,25.7648148148141,4.00000000000013,36.1626769678633,36.4066979166189,10.0000000000003,90,4.82280881897168e-13,6.60129442245023e-14,0,0,0,7.21644966006352e-16,0,0,8.4,2.2549631,0.0012313,1,"",-0.360957214154608,0,PROJECT_ROOT\Round2_revision\runs_certified\uncapped_43609_V2G.mat
uncapped_43610_V2H,43610,2014-07-01,V2H,none,0,Solved,R2.2,2026-10-01 14:02:35,0.221944710395258,0.579751239711974,0.38339008333334,0.019133887349959,0.00644966666666539,11.6182613168732,10.1158333333335,1.5024279835397,11.3724279835399,0.586333333333217,64.4120370370353,67.3712962962966,25.7648148148141,26.9485185185186,29.047510474327,36.4066979166189,64.4120370370353,90,1.05628006341618e-12,1.30386241403903e-13,0,0,0,2.4980018054066e-16,1.4210854715202e-14,0,8.4,2.1182785,0.0009744,1,"",0.221944710395257,0,PROJECT_ROOT\Round2_revision\runs_certified\uncapped_43610_V2H.mat
uncapped_43610_V2G,43610,2014-07-01,V2G,none,0,Solved,R2.2,2026-10-01 14:02:37,-0.333638922938135,0.579751239711991,1.1661640500001,0.019133887349959,0.233640000000012,11.6182613168736,30.7695000000026,-19.151238683129,11.3724279835398,21.2400000000011,64.4120370370353,9.99999999999678,25.7648148148141,3.99999999999871,29.047510474327,36.4066979166189,9.99999999999678,89.9999999999997,6.90204837727748e-13,2.7874171828209e-13,0,0,0,3.33066907387547e-16,9.9475983006414e-14,0,8.4,2.2077776,0.0008785,1,"",-0.333638922938135,0,PROJECT_ROOT\Round2_revision\runs_certified\uncapped_43610_V2G.mat
uncapped_43611_V2H,43611,2014-07-02,V2H,none,0,Solved,R2.2,2026-10-01 14:02:40,0.0116443559630046,0.579344723045241,0.615616016666757,0.0286528162511543,0.0192628333333665,11.6000946502052,16.243166666669,-4.64307201646381,11.3740946502065,1.75116666666968,64.4120370370353,67.6393981481397,25.7648148148141,27.0557592592559,25.3863839738672,36.4066979166189,64.4120370370353,90,1.04727337912891e-12,4.01162401215977e-13,0,0,0,1.50920942409982e-16,0,0,7,2.0588455,0.0007998,1,"",0.0116443559630044,0,PROJECT_ROOT\Round2_revision\runs_certified\uncapped_43611_V2H.mat
uncapped_43611_V2G,43611,2014-07-02,V2G,none,0,Solved,R2.2,2026-10-01 14:02:42,-0.547092427370379,0.578719973045274,1.40196521666682,0.0286528162511543,0.247500000000013,11.5975946502059,36.9911666666707,-25.3935720164648,11.3724279835393,22.5000000000012,64.4120370370353,9.99999999999541,25.7648148148141,3.99999999999816,25.3863839738672,36.4066979166189,9.99999999999541,89.9999999999988,3.60377006014545e-12,3.48206847761717e-13,0,0,0,1.11022302462516e-16,4.9737991503207e-13,0,7,2.1586409,0.0008614,1,"",-0.547092427370379,0,PROJECT_ROOT\Round2_revision\runs_certified\uncapped_43611_V2G.mat
uncapped_43613_V2H,43613,2014-07-04,V2H,none,0,Solved,R2.2,2026-10-01 14:02:44,-0.097513973815305,0.576312306378658,0.676394983333395,0.00066020313942746,0.00190850000000413,11.5409279835409,17.846833333335,-6.30590534979405,11.3767613168729,0.173500000000376,64.4120370370353,72.0278055555537,25.7648148148141,28.8111222222215,36.1527736322237,36.4066979166189,64.4120370370353,89.9999999999992,1.02409053459596e-12,2.84625679473123e-13,0,0,0,1.66533453693773e-16,3.12638803734444e-13,0,7,2.2424919,0.0008492,1,"",-0.0975139738153049,0,PROJECT_ROOT\Round2_revision\runs_certified\uncapped_43613_V2H.mat
uncapped_43613_V2G,43613,2014-07-04,V2G,none,0,Solved,R2.2,2026-10-01 14:02:46,-0.698646294802926,0.575830085390986,1.52266408333334,0.000660203139427054,0.247527499999999,11.5396810699596,40.1758333333334,-28.6361522633738,11.375514403293,22.5024999999999,64.4120370370353,10.0000000000004,25.7648148148141,4.00000000000014,36.1527736322238,36.4066979166189,10.0000000000004,90,1.02869102125425e-13,2.19251360087507e-14,0,0,0,4.44089209850063e-16,7.105427357601e-15,0,7,2.1194366,0.001572,1,"",-0.698646294802925,0,PROJECT_ROOT\Round2_revision\runs_certified\uncapped_43613_V2G.mat
uncapped_43614_V2H,43614,2014-07-05,V2H,none,0,Solved,R2.2,2026-10-01 14:02:49,0.437254065900748,0.597710506378559,0.165136616666722,0.0024985095221955,0.00218166666671509,11.9755946502049,4.35716666666812,7.61842798353681,11.3724279835407,0.198333333337736,64.4120370370353,61.4490740740638,25.7648148148141,24.5796296296255,35.5209410491078,36.4066979166189,61.4490740740638,90.0000000000019,1.04773828502047e-12,5.2497228566871e-13,0,0,0,0,7.74491581978509e-13,0,11.2,2.2287288,0.0007034,1,"",0.437254065900748,0,PROJECT_ROOT\Round2_revision\runs_certified\uncapped_43614_V2H.mat
uncapped_43614_V2G,43614,2014-07-05,V2G,none,0,Solved,R2.2,2026-10-01 14:02:50,-0.0609787674325803,0.59771050637857,0.867107783333336,0.00249850952218823,0.205919999999998,11.9755946502061,22.8788333333334,-10.9032386831273,11.3724279835398,18.7199999999998,64.4120370370353,10.0000000000003,25.7648148148141,4.00000000000013,35.5209410491106,36.4066979166189,10.0000000000003,89.9999999999999,4.70179450928754e-14,2.08622765553969e-14,0,0,0,2.0122792321331e-16,5.6843418860808e-14,0,11.2,1.9099453,0.0008065,1,"",-0.0609787674325805,0,PROJECT_ROOT\Round2_revision\runs_certified\uncapped_43614_V2G.mat
uncapped_43615_V2H,43615,2014-07-06,V2H,none,0,Solved,R2.2,2026-10-01 14:02:53,0.258349283848656,0.601233189711945,0.352653183333408,0.00902677747010713,0.000742500000011498,12.0487613168726,9.3048333333353,2.74392798353734,11.3724279835392,0.0675000000010453,64.4120370370353,65.3124999999956,25.7648148148141,26.1249999999982,32.9348604281161,36.4066979166189,64.4120370370353,89.9999999999985,1.02409053459596e-12,4.32017108340716e-13,0,0,0,0,5.96855898038484e-13,0,9.8,2.0719497,0.0008339,1,"",0.258349283848656,0,PROJECT_ROOT\Round2_revision\runs_certified\uncapped_43615_V2H.mat
uncapped_43615_V2G,43615,2014-07-06,V2G,none,0,Solved,R2.2,2026-10-01 14:02:55,-0.277296966151271,0.601233189711988,1.10733693333336,0.00902677747010713,0.219779999999997,12.0487613168735,29.2173333333341,-17.1685720164606,11.3724279835393,19.9799999999997,64.4120370370353,9.99999999999928,25.7648148148141,3.99999999999971,32.9348604281161,36.4066979166189,9.99999999999928,89.9999999999986,7.85392584301547e-13,3.1723526502919e-13,0,0,0,1.66533453693773e-16,5.6843418860808e-13,0,9.8,2.264144,0.0013505,1,"",-0.277296966151271,0,PROJECT_ROOT\Round2_revision\runs_certified\uncapped_43615_V2G.mat
uncapped_43616_V2H,43616,2014-07-07,V2H,none,0,Solved,R2.2,2026-10-01 14:02:57,0.0597806230452897,0.577896623045317,0.523588500000076,0,0.00547250000004894,11.5810946502068,13.815000000002,-2.23390534979526,11.3724279835399,0.497500000004449,64.4120370370353,67.6180555555432,25.7648148148141,27.0472222222173,36.4066979166189,36.4066979166189,64.4120370370353,90,1.04410230461482e-12,4.82952883081532e-13,0,0,0,5.55111512312578e-17,0,0,8.4,2.0128103,0.0010273,1,"",0.0597806230452897,0,PROJECT_ROOT\Round2_revision\runs_certified\uncapped_43616_V2H.mat
uncapped_43616_V2G,43616,2014-07-07,V2G,none,0,Solved,R2.2,2026-10-01 14:02:59,-0.498192626954702,0.577896623045304,1.30972925,0,0.233639999999999,11.5810946502065,34.5575000000001,-22.9764053497936,11.3724279835399,21.2399999999999,64.4120370370353,10.0000000000004,25.7648148148141,4.00000000000015,36.4066979166189,36.4066979166189,10.0000000000004,90,5.62883073484954e-14,2.25432777242317e-14,0,0,0,3.33066907387547e-16,0,0,8.4,2.1718405,0.0007935,1,"",-0.498192626954702,0,PROJECT_ROOT\Round2_revision\runs_certified\uncapped_43616_V2G.mat
uncapped_43617_V2H,43617,2014-07-08,V2H,none,0,Solved,R2.2,2026-10-01 14:03:01,0.31374821021063,0.581314773045332,0.310710516666734,0.036683287165318,0.00646066666671421,11.6495946502071,8.19816666666845,3.4514279835386,11.3724279835433,0.587333333337655,64.4120370370353,67.3685185185141,25.7648148148141,26.9474074074056,22.2977413145735,36.4066979166189,64.4120370370353,90.0000000000076,1.04864728012188e-12,5.65382223474258e-13,0,0,0,5.55111512312578e-17,3.03401748169563e-12,0,8.4,2.0507169,0.0008657,1,"",0.31374821021063,0,PROJECT_ROOT\Round2_revision\runs_certified\uncapped_43617_V2H.mat
uncapped_43617_V2G,43617,2014-07-08,V2G,none,0,Solved,R2.2,2026-10-01 14:03:04,-0.241808523122853,0.581314773045162,1.09344658333334,0.0366832871653245,0.233639999999999,11.6495946502059,28.8508333333335,-17.2012386831275,11.3724279835399,21.2399999999999,64.4120370370353,10.0000000000002,25.7648148148141,4.00000000000009,22.297741314571,36.4066979166189,10.0000000000002,90,5.33739719088544e-14,2.06354629453734e-14,0,0,0,7.7715611723761e-16,1.4210854715202e-14,0,8.4,2.1011016,0.0007669,1,"",-0.241808523122852,0,PROJECT_ROOT\Round2_revision\runs_certified\uncapped_43617_V2G.mat
uncapped_43619_V2H,43619,2014-07-10,V2H,none,0,Solved,R2.2,2026-10-01 14:03:06,1.00493287922905,0.838739189933902,0,0.163762689295124,0.0024310000000283,15.0584005998776,0,15.0584005998776,11.3724279835412,0.221000000002573,64.4120370370353,57.8861111111069,25.7648148148141,23.1544444444428,36.4066979166189,93.5568925727645,57.8861111111069,90.0000000000029,1.04410230461482e-12,4.131838969296e-13,0,0,0,4.44089209850063e-16,1.17950094136177e-12,0,12.6,2.0860459,0.0008288,1,"",1.00493287922905,0,PROJECT_ROOT\Round2_revision\runs_certified\uncapped_43619_V2H.mat
uncapped_43619_V2G,43619,2014-07-10,V2G,none,0,Solved,R2.2,2026-10-01 14:03:08,0.541203779228913,0.838739189933837,0.653358100000002,0.163762689295079,0.19206,15.0584005998763,17.239,-2.18059940012374,11.3724279835393,17.46,64.4120370370353,9.99999999999888,25.7648148148141,3.99999999999955,36.4066979166189,93.556892572747,9.99999999999888,89.9999999999988,3.75520448070432e-12,4.03746876589677e-13,0,0,0,4.44089209850063e-16,4.90274487674469e-13,0,12.6,2.1088948,0.0009983,1,"",0.541203779228914,0,PROJECT_ROOT\Round2_revision\runs_certified\uncapped_43619_V2G.mat
uncapped_43620_V2H,43620,2014-07-11,V2H,none,0,FAILED: CVX status Failed; objective NaN,R2.2,2026-10-01 14:03:10,NaN,NaN,NaN,NaN,NaN,NaN,NaN,NaN,NaN,NaN,NaN,NaN,NaN,NaN,NaN,NaN,NaN,NaN,NaN,NaN,NaN,NaN,NaN,NaN,NaN,NaN,NaN,NaN,NaN,0,"Error using solveRound2 (line 128)
CVX status Failed; objective NaN

Error in runRound2Case (line 17)
    R=solveRound2(cfg,I,regime,mode,cap);status=R.solver.status;
      ^^^^^^^^^^^^^^^^^^^^^^^^^^^^^^^^^^
Error in run_round2_principal (line 17)
        [row,~]=runRound2Case(cfg,inputs{n},reg,""none"",false,""uncapped_""+days.DayID(n)+""_""+reg,out);
                ^^^^^^^^^^^^^^^^^^^^^^^^^^^^^^^^^^^^^^^^^^^^^^^^^^^^^^^^^^^^^^^^^^^^^^^^^^^^^^^^^^^",NaN,NaN,PROJECT_ROOT\Round2_revision\runs_certified\uncapped_43620_V2H.mat
uncapped_43620_V2G,43620,2014-07-11,V2G,none,0,FAILED: CVX status Failed; objective NaN,R2.2,2026-10-01 14:03:12,NaN,NaN,NaN,NaN,NaN,NaN,NaN,NaN,NaN,NaN,NaN,NaN,NaN,NaN,NaN,NaN,NaN,NaN,NaN,NaN,NaN,NaN,NaN,NaN,NaN,NaN,NaN,NaN,NaN,0,"Error using solveRound2 (line 128)
CVX status Failed; objective NaN

Error in runRound2Case (line 17)
    R=solveRound2(cfg,I,regime,mode,cap);status=R.solver.status;
      ^^^^^^^^^^^^^^^^^^^^^^^^^^^^^^^^^^
Error in run_round2_principal (line 17)
        [row,~]=runRound2Case(cfg,inputs{n},reg,""none"",false,""uncapped_""+days.DayID(n)+""_""+reg,out);
                ^^^^^^^^^^^^^^^^^^^^^^^^^^^^^^^^^^^^^^^^^^^^^^^^^^^^^^^^^^^^^^^^^^^^^^^^^^^^^^^^^^^",NaN,NaN,PROJECT_ROOT\Round2_revision\runs_certified\uncapped_43620_V2G.mat
uncapped_43621_V2H,43621,2014-07-12,V2H,none,0,FAILED: CVX status Failed; objective NaN,R2.2,2026-10-01 14:03:14,NaN,NaN,NaN,NaN,NaN,NaN,NaN,NaN,NaN,NaN,NaN,NaN,NaN,NaN,NaN,NaN,NaN,NaN,NaN,NaN,NaN,NaN,NaN,NaN,NaN,NaN,NaN,NaN,NaN,0,"Error using solveRound2 (line 128)
CVX status Failed; objective NaN

Error in runRound2Case (line 17)
    R=solveRound2(cfg,I,regime,mode,cap);status=R.solver.status;
      ^^^^^^^^^^^^^^^^^^^^^^^^^^^^^^^^^^
Error in run_round2_principal (line 17)
        [row,~]=runRound2Case(cfg,inputs{n},reg,""none"",false,""uncapped_""+days.DayID(n)+""_""+reg,out);
                ^^^^^^^^^^^^^^^^^^^^^^^^^^^^^^^^^^^^^^^^^^^^^^^^^^^^^^^^^^^^^^^^^^^^^^^^^^^^^^^^^^^",NaN,NaN,PROJECT_ROOT\Round2_revision\runs_certified\uncapped_43621_V2H.mat
uncapped_43621_V2G,43621,2014-07-12,V2G,none,0,FAILED: CVX status Failed; objective NaN,R2.2,2026-10-01 14:03:16,NaN,NaN,NaN,NaN,NaN,NaN,NaN,NaN,NaN,NaN,NaN,NaN,NaN,NaN,NaN,NaN,NaN,NaN,NaN,NaN,NaN,NaN,NaN,NaN,NaN,NaN,NaN,NaN,NaN,0,"Error using solveRound2 (line 128)
CVX status Failed; objective NaN

Error in runRound2Case (line 17)
    R=solveRound2(cfg,I,regime,mode,cap);status=R.solver.status;
      ^^^^^^^^^^^^^^^^^^^^^^^^^^^^^^^^^^
Error in run_round2_principal (line 17)
        [row,~]=runRound2Case(cfg,inputs{n},reg,""none"",false,""uncapped_""+days.DayID(n)+""_""+reg,out);
                ^^^^^^^^^^^^^^^^^^^^^^^^^^^^^^^^^^^^^^^^^^^^^^^^^^^^^^^^^^^^^^^^^^^^^^^^^^^^^^^^^^^",NaN,NaN,PROJECT_ROOT\Round2_revision\runs_certified\uncapped_43621_V2G.mat
uncapped_43622_V2H,43622,2014-07-13,V2H,none,0,Solved,R2.2,2026-10-01 14:03:17,1.28018936577685,1.21300634958838,0.0810640973908907,0.100932446912657,0.0473146666667037,17.8850637860061,2.13889439026097,15.7461693957451,11.4082304526745,4.3013333333367,64.4120370370353,53.6324074073953,25.7648148148141,21.4529629629581,36.0791562500086,55.5759244863889,53.6324074073953,89.9999999999973,1.1198958427272e-12,5.35232907188819e-13,0,0,0,2.22044604925031e-16,1.06581410364015e-12,0,9.8,1.8874881,0.0041279,1,"",1.28018936577685,0,PROJECT_ROOT\Round2_revision\runs_certified\uncapped_43622_V2H.mat
uncapped_43622_V2G,43622,2014-07-13,V2G,none,0,Solved,R2.2,2026-10-01 14:03:20,0.857531717217217,1.21300883436214,0.676548897390912,0.100932446912652,0.220139333333336,17.8902572016458,17.8508943902615,0.039362811384251,11.4127572016467,20.0126666666669,64.4120370370353,9.9999999999989,25.7648148148141,3.99999999999956,36.2333333333397,55.73010156972,9.9999999999989,90.0000000000001,5.28466159721575e-13,1.87371553641626e-13,0,0,0,3.33066907387547e-16,5.6843418860808e-14,0,9.8,2.1794828,0.0007782,1,"",0.857531717217217,0,PROJECT_ROOT\Round2_revision\runs_certified\uncapped_43622_V2G.mat
uncapped_43624_V2H,43624,2014-07-15,V2H,none,0,Solved,R2.2,2026-10-01 14:03:22,0.72951966462137,0.974914056378641,0.382881866370801,0.114726641280154,0.0227608333333763,15.4067613168732,10.1024239147969,5.30433740207637,11.3724279835399,2.06916666667057,64.4120370370353,63.2523148148039,25.7648148148141,25.3009259259216,30.6708333332482,55.6015812556871,63.2523148148039,90,8.4909856923332e-13,1.10098174994067e-13,4.54747350886464e-13,0,0,5.88418203051333e-15,1.4210854715202e-14,0,8.4,1.9188397,0.0008604,1,"",0.729519664621365,0,PROJECT_ROOT\Round2_revision\runs_certified\uncapped_43624_V2H.mat
uncapped_43624_V2G,43624,2014-07-15,V2G,none,0,Solved,R2.2,2026-10-01 14:03:24,0.213824247954659,0.974914056378618,1.1094564497041,0.114726641280138,0.233640000000007,15.4067613168727,29.2732572481294,-13.8664959312567,11.3724279835397,21.2400000000007,64.4120370370353,9.99999999999763,25.7648148148141,3.99999999999905,28.6439687500006,53.5747166724382,9.99999999999763,89.9999999999995,1.35777500354095e-12,2.02377899870835e-13,0,0,0,5.55111512312578e-17,2.1316282072803e-13,0,8.4,2.0935795,0.0008429,1,"",0.213824247954659,0,PROJECT_ROOT\Round2_revision\runs_certified\uncapped_43624_V2G.mat
uncapped_43625_V2H,43625,2014-07-16,V2H,none,0,Solved,R2.2,2026-10-01 14:03:26,0.461806965341082,0.830802973045305,0.422403426454431,0.0255059187501478,0.0279015000000602,13.9842613168732,11.1452091412778,2.83905217559534,11.3724279835399,2.53650000000547,64.4120370370353,65.4541666666514,25.7648148148141,26.1816666666606,36.4066979166189,46.2166666666707,64.4120370370353,90,1.00774943945225e-12,8.68462680102752e-14,0,0,0,4.44089209850063e-16,1.4210854715202e-14,0,7,2.1262054,0.0007723,1,"",0.461806965341082,0,PROJECT_ROOT\Round2_revision\runs_certified\uncapped_43625_V2H.mat
uncapped_43625_V2G,43625,2014-07-16,V2G,none,0,Solved,R2.2,2026-10-01 14:03:28,-0.0752111846588037,0.830802973045328,1.17902007645427,0.0255059187501311,0.247500000000004,13.9842613168735,31.1087091412735,-17.1244478244,11.3724279835399,22.5000000000004,64.4120370370353,9.99999999999899,25.7648148148141,3.9999999999996,36.4066979166189,46.2166666666693,9.99999999999899,90,6.60298205001908e-13,2.39754142547148e-13,0,0,0,4.16333634234434e-16,0,0,7,2.1992479,0.0012683,1,"",-0.0752111846588041,0,PROJECT_ROOT\Round2_revision\runs_certified\uncapped_43625_V2G.mat
uncapped_43626_V2H,43626,2014-07-17,V2H,none,0,Solved,R2.2,2026-10-01 14:03:30,0.4263226493109,0.734478723045312,0.491667979557612,0.171800572489841,0.0117113333333594,12.8100946502067,12.9727699091718,-0.162675258965076,11.3724279835389,1.06466666666904,64.4120370370353,55.5425925925838,25.7648148148141,22.2170370370335,19.9999999999975,61.2419205909699,55.5425925925838,89.9999999999978,1.73134839798195e-11,1.49522564829936e-12,0,0,0,5.55111512312578e-17,8.73967564984923e-13,0,12.6,2.1068277,0.0007402,1,"",0.4263226493109,0,PROJECT_ROOT\Round2_revision\runs_certified\uncapped_43626_V2H.mat
uncapped_43626_V2G,43626,2014-07-17,V2G,none,0,Solved,R2.2,2026-10-01 14:03:33,-0.0147118173557349,0.734478723045298,1.11305111289088,0.171800572489848,0.19206,12.8100946502064,29.3681032425034,-16.558008592297,11.3724279835399,17.46,64.4120370370353,10.0000000000001,25.7648148148141,4.00000000000004,19.9999999999998,52.6083478474196,10.0000000000001,90,6.50757225884036e-13,1.40035443022172e-13,0,0,0,3.85108611666851e-16,7.105427357601e-15,0,12.6,2.133662,0.0011456,1,"",-0.0147118173557353,0,PROJECT_ROOT\Round2_revision\runs_certified\uncapped_43626_V2G.mat
uncapped_43627_V2H,43627,2014-07-18,V2H,none,0,Solved,R2.2,2026-10-01 14:03:35,0.133734952282442,0.607374353086457,0.502320148732103,0.0031974145946969,0.0254833333333906,11.992271604939,13.2538297818497,-1.26155817691064,11.4049382716057,2.31666666667187,64.4120370370353,66.1379629629484,25.7648148148141,26.4551851851794,36.4066979166189,37.5349030469725,64.4120370370353,89.9999999999999,2.85459433868596e-11,2.38632395697174e-12,0,0,0,5.55111512312578e-17,3.5527136788005e-14,0,7,2.1305594,0.0012228,1,"",0.133734952282442,0,PROJECT_ROOT\Round2_revision\runs_certified\uncapped_43627_V2H.mat
uncapped_43627_V2G,43627,2014-07-18,V2G,none,0,Solved,R2.2,2026-10-01 14:03:37,-0.409905081050436,0.607374353086455,1.26826651539857,0.00319741459501314,0.247789666666665,11.992271604939,33.4634964485111,-21.4712248435721,11.4049382716057,22.5263333333332,64.4120370370353,10.0000000000003,25.7648148148141,4.00000000000014,36.4066979166189,37.5349030470941,10.0000000000003,90,5.48228129559902e-13,6.07536742937849e-14,0,0,0,8.32667268468867e-16,0,0,7,2.0243106,0.0007976,1,"",-0.409905081050435,0,PROJECT_ROOT\Round2_revision\runs_certified\uncapped_43627_V2G.mat
uncapped_43629_V2H,43629,2014-07-20,V2H,none,0,FAILED: CVX status Failed; objective NaN,R2.2,2026-10-01 14:03:39,NaN,NaN,NaN,NaN,NaN,NaN,NaN,NaN,NaN,NaN,NaN,NaN,NaN,NaN,NaN,NaN,NaN,NaN,NaN,NaN,NaN,NaN,NaN,NaN,NaN,NaN,NaN,NaN,NaN,0,"Error using solveRound2 (line 128)
CVX status Failed; objective NaN

Error in runRound2Case (line 17)
    R=solveRound2(cfg,I,regime,mode,cap);status=R.solver.status;
      ^^^^^^^^^^^^^^^^^^^^^^^^^^^^^^^^^^
Error in run_round2_principal (line 17)
        [row,~]=runRound2Case(cfg,inputs{n},reg,""none"",false,""uncapped_""+days.DayID(n)+""_""+reg,out);
                ^^^^^^^^^^^^^^^^^^^^^^^^^^^^^^^^^^^^^^^^^^^^^^^^^^^^^^^^^^^^^^^^^^^^^^^^^^^^^^^^^^^",NaN,NaN,PROJECT_ROOT\Round2_revision\runs_certified\uncapped_43629_V2H.mat
uncapped_43629_V2G,43629,2014-07-20,V2G,none,0,FAILED: CVX status Failed; objective NaN,R2.2,2026-10-01 14:03:41,NaN,NaN,NaN,NaN,NaN,NaN,NaN,NaN,NaN,NaN,NaN,NaN,NaN,NaN,NaN,NaN,NaN,NaN,NaN,NaN,NaN,NaN,NaN,NaN,NaN,NaN,NaN,NaN,NaN,0,"Error using solveRound2 (line 128)
CVX status Failed; objective NaN

Error in runRound2Case (line 17)
    R=solveRound2(cfg,I,regime,mode,cap);status=R.solver.status;
      ^^^^^^^^^^^^^^^^^^^^^^^^^^^^^^^^^^
Error in run_round2_principal (line 17)
        [row,~]=runRound2Case(cfg,inputs{n},reg,""none"",false,""uncapped_""+days.DayID(n)+""_""+reg,out);
                ^^^^^^^^^^^^^^^^^^^^^^^^^^^^^^^^^^^^^^^^^^^^^^^^^^^^^^^^^^^^^^^^^^^^^^^^^^^^^^^^^^^",NaN,NaN,PROJECT_ROOT\Round2_revision\runs_certified\uncapped_43629_V2G.mat
uncapped_43630_V2H,43630,2014-07-21,V2H,none,0,Solved,R2.2,2026-10-01 14:03:43,0.654020412411703,0.703089423045311,0.277443242864555,0.17682639889755,0.0515478333333968,14.0030946502065,7.32040218639986,6.68269246380669,11.3724279835398,4.68616666667244,64.4120370370353,55.9828703703542,25.7648148148141,22.3931481481417,36.4066979166189,77.4087277526436,55.9828703703542,89.9999999999999,3.47441519998881e-11,2.89914622694597e-12,0,0,0,1.11022302462516e-16,4.9737991503207e-14,0,8.4,2.1346973,0.0008552,1,"",0.654020412411703,0,PROJECT_ROOT\Round2_revision\runs_certified\uncapped_43630_V2H.mat
uncapped_43630_V2G,43630,2014-07-21,V2G,none,0,Solved,R2.2,2026-10-01 14:03:45,0.208368962411794,0.702672923045289,0.904770359531199,0.176826398897705,0.233639999999999,14.0014279835394,23.8725688530659,-9.87114086952649,11.3724279835397,21.2399999999999,64.4120370370353,9.99999999999969,25.7648148148141,3.99999999999988,36.4066979166189,77.4500923360363,9.99999999999969,89.9999999999995,1.16496395863308e-12,2.11559987889732e-13,0,0,0,1.94289029309402e-16,2.1316282072803e-13,0,8.4,2.1736442,0.0009713,1,"",0.208368962411794,0,PROJECT_ROOT\Round2_revision\runs_certified\uncapped_43630_V2G.mat
uncapped_43631_V2H,43631,2014-07-22,V2H,none,0,Solved,R2.2,2026-10-01 14:03:47,0.498433965184637,0.854891623045291,0.448758490737981,0.0691018328772723,0.0231990000000549,13.3310946502065,11.8405934231657,1.49050122704078,11.3724279835399,2.109000000005,64.4120370370353,63.1416666666528,25.7648148148141,25.2566666666611,20.9707291665521,37.9651629731118,63.1416666666528,90,2.80419021336797e-11,2.34658554392115e-12,0,0,0,2.77555756156289e-16,1.4210854715202e-14,0,8.4,2.0447464,0.000968,1,"",0.498433965184637,0,PROJECT_ROOT\Round2_revision\runs_certified\uncapped_43631_V2H.mat
uncapped_43631_V2G,43631,2014-07-22,V2G,none,0,Solved,R2.2,2026-10-01 14:03:49,-0.0168259348150317,0.854141923045339,1.1737096907379,0.0691018328775219,0.233640000000003,13.3280946502072,30.9685934231635,-17.6404987729563,11.3724279835394,21.2400000000002,64.4120370370353,9.9999999999983,25.7648148148141,3.99999999999932,21.0083333333135,41.9963296398742,9.9999999999983,89.9999999999989,2.72929595590554e-12,3.64681791166632e-13,0,0,0,6.03683769639929e-16,4.19220214098459e-13,0,8.4,2.0026209,0.0008018,1,"",-0.0168259348150323,0,PROJECT_ROOT\Round2_revision\runs_certified\uncapped_43631_V2G.mat
uncapped_43632_V2H,43632,2014-07-23,V2H,none,0,Solved,R2.2,2026-10-01 14:03:51,0.368545467099857,0.817645352516689,0.528970300000082,0.0426574145831957,0.0372130000000535,13.8556461887503,13.9570000000022,-0.101353811251878,11.372427983539,3.38300000000487,64.4120370370353,63.1027777777622,25.7648148148141,25.2411111111049,20.0000000000051,36.4066979166189,63.1027777777622,89.9999999999979,1.54908863514436e-11,1.37644444347414e-12,0,0,0,3.88578058618805e-16,8.31335000839317e-13,0,7,2.0878959,0.0011136,1,"",0.368545467099857,0,PROJECT_ROOT\Round2_revision\runs_certified\uncapped_43632_V2H.mat
uncapped_43632_V2G,43632,2014-07-23,V2G,none,0,Solved,R2.2,2026-10-01 14:03:54,-0.145701832900141,0.817645352516661,1.25350460000001,0.0426574145832077,0.247499999999998,13.8556461887499,33.0740000000002,-19.2183538112503,11.3724279835399,22.4999999999999,64.4120370370353,10.0000000000004,25.7648148148141,4.00000000000017,20.0000000000005,36.4066979166189,10.0000000000004,90,1.62786450985664e-13,3.72502842161784e-14,0,0,0,3.05311331771918e-16,7.105427357601e-15,0,7,2.0318702,0.0009778,1,"",-0.145701832900141,0,PROJECT_ROOT\Round2_revision\runs_certified\uncapped_43632_V2G.mat
uncapped_43633_V2H,43633,2014-07-24,V2H,none,0,Solved,R2.2,2026-10-01 14:03:56,0.327924187981067,0.831591056378509,0.548382459354498,0.0312222576237229,0.0134933333333326,13.920094650206,14.4691941782189,-0.54909952801295,11.3724279835399,1.2266666666666,64.4120370370353,55.0925925925927,25.7648148148141,22.0370370370371,34.2416666666666,41.3284626038972,55.0925925925927,90,5.78981307342019e-14,2.37251947046809e-14,0,0,0,3.88578058618805e-16,1.4210854715202e-14,0,12.6,2.0768104,0.0008685,1,"",0.327924187981067,0,PROJECT_ROOT\Round2_revision\runs_certified\uncapped_43633_V2H.mat
uncapped_43633_V2G,43633,2014-07-24,V2G,none,0,Solved,R2.2,2026-10-01 14:03:58,-0.1087524786856,0.831591056378509,1.16362579268783,0.0312222576237229,0.19206,13.920094650206,30.7025275115523,-16.7824328613463,11.3724279835399,17.46,64.4120370370353,10.0000000000001,25.7648148148141,4.00000000000004,34.2416666666666,41.3284626038972,10.0000000000001,90,5.78981307342019e-14,2.32139970664135e-14,0,0,0,1.19348975147204e-15,7.105427357601e-15,0,12.6,2.0729546,0.0008635,1,"",-0.108752478685599,0,PROJECT_ROOT\Round2_revision\runs_certified\uncapped_43633_V2G.mat
uncapped_43635_V2H,43635,2014-07-26,V2H,none,0,FAILED: CVX status Failed; objective NaN,R2.2,2026-10-01 14:04:00,NaN,NaN,NaN,NaN,NaN,NaN,NaN,NaN,NaN,NaN,NaN,NaN,NaN,NaN,NaN,NaN,NaN,NaN,NaN,NaN,NaN,NaN,NaN,NaN,NaN,NaN,NaN,NaN,NaN,0,"Error using solveRound2 (line 128)
CVX status Failed; objective NaN

Error in runRound2Case (line 17)
    R=solveRound2(cfg,I,regime,mode,cap);status=R.solver.status;
      ^^^^^^^^^^^^^^^^^^^^^^^^^^^^^^^^^^
Error in run_round2_principal (line 17)
        [row,~]=runRound2Case(cfg,inputs{n},reg,""none"",false,""uncapped_""+days.DayID(n)+""_""+reg,out);
                ^^^^^^^^^^^^^^^^^^^^^^^^^^^^^^^^^^^^^^^^^^^^^^^^^^^^^^^^^^^^^^^^^^^^^^^^^^^^^^^^^^^",NaN,NaN,PROJECT_ROOT\Round2_revision\runs_certified\uncapped_43635_V2H.mat
uncapped_43635_V2G,43635,2014-07-26,V2G,none,0,FAILED: CVX status Failed; objective NaN,R2.2,2026-10-01 14:04:02,NaN,NaN,NaN,NaN,NaN,NaN,NaN,NaN,NaN,NaN,NaN,NaN,NaN,NaN,NaN,NaN,NaN,NaN,NaN,NaN,NaN,NaN,NaN,NaN,NaN,NaN,NaN,NaN,NaN,0,"Error using solveRound2 (line 128)
CVX status Failed; objective NaN

Error in runRound2Case (line 17)
    R=solveRound2(cfg,I,regime,mode,cap);status=R.solver.status;
      ^^^^^^^^^^^^^^^^^^^^^^^^^^^^^^^^^^
Error in run_round2_principal (line 17)
        [row,~]=runRound2Case(cfg,inputs{n},reg,""none"",false,""uncapped_""+days.DayID(n)+""_""+reg,out);
                ^^^^^^^^^^^^^^^^^^^^^^^^^^^^^^^^^^^^^^^^^^^^^^^^^^^^^^^^^^^^^^^^^^^^^^^^^^^^^^^^^^^",NaN,NaN,PROJECT_ROOT\Round2_revision\runs_certified\uncapped_43635_V2G.mat
uncapped_43636_V2H,43636,2014-07-27,V2H,none,0,Solved,R2.2,2026-10-01 14:04:04,1.21146034115066,1.06752570679013,0.0928335720166054,0.194097373043747,0.0426708333333833,16.1916975308641,2.44943461785238,13.7422629130117,11.5975308641961,3.87916666667121,64.4120370370353,55.2310185185009,25.7648148148141,22.0924074074004,36.4066979166189,88.2756001846719,55.2310185185009,89.9999999999947,1.04588560034813e-12,5.06243229509555e-13,0,0,0,8.88178419700125e-16,2.1316282072803e-12,0,9.8,2.1054474,0.0011146,1,"",1.21146034115066,0,PROJECT_ROOT\Round2_revision\runs_certified\uncapped_43636_V2H.mat
uncapped_43636_V2G,43636,2014-07-27,V2G,none,0,Solved,R2.2,2026-10-01 14:04:06,0.773443157817362,1.06752570679018,0.709965588683241,0.194097373043757,0.221785666666664,16.191697530865,18.7326012845182,-2.54090375365317,11.5975308641982,20.1623333333331,64.4120370370353,10.0000000000004,25.7648148148141,4.00000000000016,36.4066979166189,88.275600184674,10.0000000000004,89.9999999999998,4.50195436485501e-13,7.7595207522272e-14,0,0,0,1.33226762955019e-15,7.105427357601e-14,0,9.8,2.2312237,0.0008834,1,"",0.773443157817364,0,PROJECT_ROOT\Round2_revision\runs_certified\uncapped_43636_V2G.mat
uncapped_43637_V2H,43637,2014-07-28,V2H,none,0,Solved,R2.2,2026-10-01 14:04:08,1.21026150751636,1.09689397304532,0.051226751777011,0.127764452914655,0.0368298333333969,17.1575946502068,1.35162933448578,15.805965315721,11.3724279835389,3.34816666667245,64.4120370370353,59.6995370370188,25.7648148148141,23.8798148148075,36.4066979166189,79.9005193906317,59.6995370370188,89.9999999999979,1.65168434484997e-11,1.4651868624586e-12,0,0,0,6.66133814775094e-16,8.5265128291212e-13,0,8.4,2.1037175,0.0010724,1,"",1.21026150751636,0,PROJECT_ROOT\Round2_revision\runs_certified\uncapped_43637_V2H.mat
uncapped_43637_V2G,43637,2014-07-28,V2G,none,0,Solved,R2.2,2026-10-01 14:04:10,0.728971190849549,1.09689397304527,0.729327235110377,0.127764452914654,0.233639999999999,17.157594650206,19.24346266782,-2.08586801761401,11.3724279835392,21.2399999999999,64.4120370370353,9.99999999999869,25.7648148148141,3.99999999999948,36.4066979166189,79.9005193906314,9.99999999999869,89.9999999999983,8.65807425753928e-13,2.42283440402856e-13,0,0,0,1.11022302462516e-16,6.67910171614494e-13,0,8.4,2.2128313,0.000727,1,"",0.728971190849549,0,PROJECT_ROOT\Round2_revision\runs_certified\uncapped_43637_V2G.mat
uncapped_43638_V2H,43638,2014-07-29,V2H,none,0,Solved,R2.2,2026-10-01 14:04:13,0.598417156029669,0.848045756378637,0.460350516329129,0.185916915980104,0.024805000000056,13.2897613168731,12.1464516181828,1.14330969869025,11.3724279835392,2.25500000000509,64.4120370370353,62.7361111110954,25.7648148148141,25.0944444444382,20.0000000000005,63.9566020314067,62.7361111110954,89.9999999999985,1.04455333271858e-12,5.1850982920589e-13,0,0,0,7.7715611723761e-16,6.11066752753686e-13,0,8.4,2.1028899,0.0012667,1,"",0.598417156029669,0,PROJECT_ROOT\Round2_revision\runs_certified\uncapped_43638_V2H.mat
uncapped_43638_V2G,43638,2014-07-29,V2G,none,0,Solved,R2.2,2026-10-01 14:04:15,0.0877206560296872,0.848045756378655,1.17988201632908,0.185916915980118,0.233639999999999,13.2897613168736,31.1314516181816,-17.8416903013081,11.37242798354,21.2399999999999,64.4120370370353,10.0000000000005,25.7648148148141,4.0000000000002,20.0000000000057,63.9566020314119,10.0000000000005,90.0000000000003,6.53033183084517e-13,2.6773315489488e-13,0,0,0,1.30451205393456e-15,9.9475983006414e-14,0,8.4,2.2255574,0.0012534,1,"",0.0877206560296885,0,PROJECT_ROOT\Round2_revision\runs_certified\uncapped_43638_V2G.mat
uncapped_43640_V2H,43640,2014-07-31,V2H,none,0,Solved,R2.2,2026-10-01 14:04:17,0.150493715891957,0.61814810637839,0.514282800926477,0.0439389104400202,0.00268950000002408,11.9162613168712,13.569467042915,-1.65320572604381,11.3724279835399,0.244500000002189,64.4120370370353,57.8208333333272,25.7648148148141,23.1283333333309,36.4066979166189,46.1995665108592,57.8208333333272,90,5.66838243010181e-14,2.23077051864382e-14,4.54747350886464e-13,0,0,1.19099174966664e-13,1.4210854715202e-14,0,12.6,2.1379038,0.00117,1,"",0.150493715891838,0,PROJECT_ROOT\Round2_revision\runs_certified\uncapped_43640_V2H.mat
uncapped_43640_V2G,43640,2014-07-31,V2G,none,0,Solved,R2.2,2026-10-01 14:04:19,-0.312603234107903,0.618148106378646,1.16675025092647,0.0439389104399231,0.19206,11.9162613168732,30.7849670429148,-18.8687057260416,11.3724279835399,17.46,64.4120370370353,10.0000000000001,25.7648148148141,4.00000000000004,36.4066979166189,46.3875873441926,10.0000000000001,90,6.79373224343749e-13,1.13264622468875e-13,0,0,0,7.7715611723761e-16,0,0,12.6,2.1443387,0.0008283,1,"",-0.312603234107902,0,PROJECT_ROOT\Round2_revision\runs_certified\uncapped_43640_V2G.mat
uncapped_43641_V2H,43641,2014-08-01,V2H,none,0,Solved,R2.2,2026-10-01 14:04:22,0.480326250433122,0.8976171025166,0.471690766666733,0.042657414583209,0.0117425000000464,13.821479522082,12.4456666666684,1.37581285541354,11.3724279835398,1.06750000000422,64.4120370370353,69.5347222222104,25.7648148148141,27.8138888888841,20,36.4066979166189,64.4120370370353,89.9999999999999,1.05092323732237e-12,4.36420919375255e-13,0,0,0,2.77555756156289e-16,5.6843418860808e-14,0,7,2.1999594,0.0007833,1,"",0.480326250433123,0,PROJECT_ROOT\Round2_revision\runs_certified\uncapped_43641_V2H.mat
uncapped_43641_V2G,43641,2014-08-01,V2G,none,0,Solved,R2.2,2026-10-01 14:04:24,-0.0962079995668895,0.897617102516641,1.28398251666673,0.042657414583209,0.247499999999992,13.8214795220828,33.8781666666684,-20.0566871445856,11.3724279835401,22.4999999999992,64.4120370370353,10.0000000000026,25.7648148148141,4.00000000000105,20,36.4066979166189,10.0000000000026,90.0000000000005,5.51447776331315e-13,1.73505034293054e-13,0,0,0,1.52655665885959e-16,2.1316282072803e-13,0,7,2.2195682,0.0007999,1,"",-0.0962079995668896,0,PROJECT_ROOT\Round2_revision\runs_certified\uncapped_43641_V2G.mat
uncapped_43642_V2H,43642,2014-08-02,V2H,none,0,Solved,R2.2,2026-10-01 14:04:26,0.327236564801131,0.642885597530837,0.342154832827694,0.0190753000979591,0.00743050000003009,12.5853827160488,9.02783200073072,3.55755071531812,11.6160493827166,0.675500000002735,64.4120370370353,60.6717592592511,25.7648148148141,24.2687037037004,35.3499999998781,39.5466759001637,60.6717592592511,89.9999999999987,1.05092323732237e-12,4.53894286935448e-13,0,0,0,1.11022302462516e-16,5.11590769747272e-13,0,11.2,2.0962326,0.0007518,1,"",0.327236564801132,0,PROJECT_ROOT\Round2_revision\runs_certified\uncapped_43642_V2H.mat
uncapped_43642_V2G,43642,2014-08-02,V2G,none,0,Solved,R2.2,2026-10-01 14:04:28,-0.163543341988412,0.642852174074111,1.03358348282748,0.0190753000982906,0.208112666666663,12.5875185185193,27.271332000725,-14.6838134822057,11.6185185185191,18.919333333333,64.4120370370353,10.0000000000003,25.7648148148141,4.00000000000012,35.3500000000056,39.306009233624,10.0000000000003,89.9999999999998,6.63913368725844e-13,2.72822562186951e-13,0,0,0,4.44089209850063e-16,6.3948846218409e-14,0,11.2,2.0483129,0.0010322,1,"",-0.163543341988413,0,PROJECT_ROOT\Round2_revision\runs_certified\uncapped_43642_V2G.mat
uncapped_43643_V2H,43643,2014-08-03,V2H,none,0,Solved,R2.2,2026-10-01 14:04:30,0.134996404855086,0.493504406378631,0.403552883333347,0.0299492151431358,0.0150956666666662,9.88659465020642,10.6478333333337,-0.76123868312727,11.3724279835397,1.37233333333329,64.4120370370353,61.6879629629627,25.7648148148141,24.6751851851851,24.8877690154128,36.4066979166189,61.6879629629627,89.9999999999996,4.01900734914307e-14,1.98687126062572e-14,0,0,0,8.32667268468867e-17,1.4210854715202e-13,0,9.8,2.0868617,0.0009009,1,"",0.134996404855086,0,PROJECT_ROOT\Round2_revision\runs_certified\uncapped_43643_V2H.mat
uncapped_43643_V2G,43643,2014-08-03,V2G,none,0,Solved,R2.2,2026-10-01 14:04:32,-0.365640183622288,0.493451551234602,1.10884661666669,0.0299492151431385,0.219805666666664,9.888808641976,29.2571666666674,-19.3683580246914,11.375308641976,19.9823333333331,64.4120370370353,10.0000000000003,25.7648148148141,4.00000000000011,24.8877690154117,36.4066979166189,10.0000000000003,89.9999999999997,4.68569627543047e-13,1.08984216327357e-13,0,0,0,3.88578058618805e-16,1.13686837721616e-13,0,9.8,2.0672143,0.0010371,1,"",-0.365640183622288,0,PROJECT_ROOT\Round2_revision\runs_certified\uncapped_43643_V2G.mat
uncapped_43644_V2H,43644,2014-08-04,V2H,none,0,Solved,R2.2,2026-10-01 14:04:35,0.246701167880451,0.597688556378645,0.421740473915045,0.0636067520834584,0.00714633333339255,11.8617613168733,11.1277169898429,0.734044327030451,11.3724279835413,0.64966666667205,64.4120370370353,67.1953703703585,25.7648148148141,26.8781481481434,36.4066979166189,60.8708333333336,64.4120370370353,90.0000000000031,1.05092323732237e-12,5.00267064109599e-13,0,0,0,3.05311331771918e-16,1.24344978758018e-12,0,8.4,2.0738473,0.0008737,1,"",0.246701167880452,0,PROJECT_ROOT\Round2_revision\runs_certified\uncapped_43644_V2H.mat
uncapped_43644_V2G,43644,2014-08-04,V2G,none,0,Solved,R2.2,2026-10-01 14:04:37,-0.30717879878637,0.597688556378606,1.20211410724845,0.0636067520834589,0.233640000000011,11.8617613168725,31.718050323178,-19.8562890063054,11.3724279835397,21.240000000001,64.4120370370353,9.99999999999672,25.7648148148141,3.99999999999869,36.4066979166189,60.8708333333338,9.99999999999672,89.9999999999995,1.37051481274852e-12,2.240500266229e-13,0,0,0,2.22044604925031e-16,2.1316282072803e-13,0,8.4,2.1291767,0.00089,1,"",-0.30717879878637,0,PROJECT_ROOT\Round2_revision\runs_certified\uncapped_43644_V2G.mat
uncapped_43646_V2H,43646,2014-08-06,V2H,none,0,Solved,R2.2,2026-10-01 14:04:39,0.273644277459426,0.646851729542848,0.390363683333341,0.00925456458324781,0.00790166666667149,12.9562275929161,10.2998333333335,2.6563942595826,11.3724279835399,0.718333333333772,64.4120370370353,70.5046296296284,25.7648148148141,28.2018518518513,32.9374999999851,36.4518229166189,64.4120370370353,90,2.61124455391837e-13,3.7973567303716e-14,0,0,0,3.99680288865056e-14,1.4210854715202e-14,0,7,2.0830928,0.0007595,1,"",0.273644277459386,0,PROJECT_ROOT\Round2_revision\runs_certified\uncapped_43646_V2H.mat
uncapped_43646_V2G,43646,2014-08-06,V2G,none,0,Solved,R2.2,2026-10-01 14:04:41,-0.312282555873916,0.646851729542922,1.21588885000004,0.00925456458320621,0.247499999999997,12.9562275929168,32.0815000000011,-19.1252724070843,11.3724279835398,22.4999999999998,64.4120370370353,10.0000000000004,25.7648148148141,4.00000000000017,32.937500000001,36.4518229166188,10.0000000000004,89.9999999999997,7.63916707668955e-13,2.8693094744414e-13,0,0,0,5.55111512312578e-16,9.9475983006414e-14,0,7,2.2078936,0.0009976,1,"",-0.312282555873915,0,PROJECT_ROOT\Round2_revision\runs_certified\uncapped_43646_V2G.mat
uncapped_43647_V2H,43647,2014-08-07,V2H,none,0,Solved,R2.2,2026-10-01 14:04:43,0.563605506186542,0.860261723045296,0.341573700705864,0.0426716505137761,0.00224583333333381,12.9800946502065,9.01249869936317,3.96759595084337,11.3724279835399,0.20416666666671,64.4120370370353,57.9328703703702,25.7648148148141,23.1731481481481,20.4458333333344,36.5609043455754,57.9328703703702,90,6.7257310831792e-13,9.92498746357287e-14,0,0,0,4.44089209850063e-16,1.4210854715202e-14,0,12.6,2.1151143,0.0007377,1,"",0.563605506186542,0,PROJECT_ROOT\Round2_revision\runs_certified\uncapped_43647_V2H.mat
uncapped_43647_V2G,43647,2014-08-07,V2G,none,0,Solved,R2.2,2026-10-01 14:04:46,0.0994235895198445,0.860261723045258,0.995569784039194,0.0426716505137809,0.19206,12.9800946502063,26.2683320326964,-13.2882373824901,11.3724279835399,17.46,64.4120370370353,10.0000000000001,25.7648148148141,4.00000000000002,20.4458333333338,36.560904345576,10.0000000000001,89.9999999999999,5.10258502117722e-13,4.71333196972832e-14,0,0,0,1.52655665885959e-16,2.1316282072803e-14,0,12.6,2.1442961,0.0010838,1,"",0.0994235895198446,0,PROJECT_ROOT\Round2_revision\runs_certified\uncapped_43647_V2G.mat
uncapped_43648_V2H,43648,2014-08-08,V2H,none,0,Solved,R2.2,2026-10-01 14:04:48,0.468178367099961,0.580462419183448,0.161719300000064,0.0426574145831884,0.00677783333338798,11.5849795220846,4.26700000000168,7.31797952208294,11.3724279835423,0.616166666671635,64.4120370370353,70.7884259259175,25.7648148148141,28.315370370367,20.000000000008,36.4066979166189,64.4120370370353,90.0000000000054,1.04545538892609e-12,5.06093944929678e-13,0,0,0,1.66533453693773e-16,2.1600499167107e-12,0,7,2.2610488,0.0012212,1,"",0.46817836709996,0,PROJECT_ROOT\Round2_revision\runs_certified\uncapped_43648_V2H.mat
uncapped_43648_V2G,43648,2014-08-08,V2G,none,0,Solved,R2.2,2026-10-01 14:04:50,-0.120626517262319,0.580360984821217,0.991179750000082,0.0426574145832149,0.247534833333332,11.5873889871037,26.1525000000022,-14.5651110128985,11.3763374485604,22.5031666666665,64.4120370370353,10.0000000000002,25.7648148148141,4.00000000000008,19.9999999999977,36.4066979166189,10.0000000000002,90,6.17450535145281e-13,2.29216588412279e-13,0,0,0,1.11022302462516e-16,1.4210854715202e-14,0,7,2.2405963,0.000778,1,"",-0.120626517262319,0,PROJECT_ROOT\Round2_revision\runs_certified\uncapped_43648_V2G.mat
uncapped_43649_V2H,43649,2014-08-09,V2H,none,0,Solved,R2.2,2026-10-01 14:04:52,0.00939223177108382,0.431438739712002,0.435900533333395,0.00929085872580529,0.00456316666667151,8.64326131687379,11.501333333335,-2.85807201646117,11.3724279835399,0.414833333333774,64.4120370370353,60.8476851851839,25.7648148148141,24.3390740740736,32.8332907143861,36.4066979166189,60.8476851851839,89.9999999999999,1.04364433761717e-12,4.01905066830329e-13,0,0,0,7.63278329429795e-17,2.8421709430404e-14,0,11.2,2.0124024,0.0008231,1,"",0.0093922317710839,0,PROJECT_ROOT\Round2_revision\runs_certified\uncapped_43649_V2H.mat
uncapped_43649_V2G,43649,2014-08-09,V2G,none,0,Solved,R2.2,2026-10-01 14:04:55,-0.483091341685489,0.431405316255443,1.12972951666672,0.00929085872579353,0.205941999999998,8.64539711934607,29.8081666666682,-21.1627695473221,11.3748971193415,18.7219999999998,64.4120370370353,9.99999999999858,25.7648148148141,3.99999999999943,32.8332907143906,36.4066979166189,9.99999999999858,89.9999999999981,6.08402217494586e-14,2.26331148926803e-14,3.41060513164848e-13,0,0,2.50910403565285e-13,7.53175299905706e-13,0,11.2,2.2783953,0.0008735,1,"",-0.48309134168574,0,PROJECT_ROOT\Round2_revision\runs_certified\uncapped_43649_V2G.mat
uncapped_43651_V2H,43651,2014-08-11,V2H,none,0,Solved,R2.2,2026-10-01 14:04:57,0.208022195633019,0.586072189711978,0.402194800000073,0.0197118059210631,0.00443300000005149,11.72542798354,10.6120000000019,1.11342798353806,11.3759279835411,0.403000000004681,64.4120370370353,67.8884305555453,25.7648148148141,27.1553722222181,28.9004424341586,36.4066979166189,64.4120370370353,90.0000000000028,1.04863340233408e-12,4.87533596454334e-13,0,0,0,1.11022302462516e-16,1.10134124042816e-12,0,8.4,2.0250412,0.0007034,1,"",0.208022195633019,0,PROJECT_ROOT\Round2_revision\runs_certified\uncapped_43651_V2H.mat
uncapped_43651_V2G,43651,2014-08-11,V2G,none,0,Solved,R2.2,2026-10-01 14:04:59,-0.353509087700337,0.585030939712065,1.19189183333347,0.0197118059210632,0.23364000000001,11.7212613168751,31.4483333333371,-19.727072016462,11.3724279835397,21.2400000000009,64.4120370370353,9.99999999999685,25.7648148148141,3.99999999999874,28.9004424341587,36.4066979166189,9.99999999999685,89.9999999999995,8.55732151805455e-13,2.91891557059695e-13,0,0,0,5.55111512312578e-17,2.1316282072803e-13,0,8.4,2.1362748,0.0010745,1,"",-0.353509087700337,0,PROJECT_ROOT\Round2_revision\runs_certified\uncapped_43651_V2G.mat
uncapped_43652_V2H,43652,2014-08-12,V2H,none,0,Solved,R2.2,2026-10-01 14:05:01,0.165152395338727,0.584284489711969,0.457629866666675,0.0322534389601011,0.00624433333333201,11.7024279835399,12.0746666666669,-0.372238683127004,11.3724279835399,0.567666666666546,64.4120370370353,67.4231481481484,25.7648148148141,26.9692592592594,24.0842582524768,36.4066979166189,64.4120370370353,90,6.7390537594747e-13,1.19410760680283e-13,0,0,0,1.11022302462516e-16,1.4210854715202e-14,0,8.4,2.0794785,0.0012019,1,"",0.165152395338727,0,PROJECT_ROOT\Round2_revision\runs_certified\uncapped_43652_V2H.mat
uncapped_43652_V2G,43652,2014-08-12,V2G,none,0,Solved,R2.2,2026-10-01 14:05:03,-0.390933371327941,0.584284489711967,1.24111130000001,0.0322534389601011,0.233639999999999,11.7024279835398,32.7470000000002,-21.0445720164604,11.3724279835399,21.2399999999999,64.4120370370353,10.0000000000002,25.7648148148141,4.0000000000001,24.0842582524768,36.4066979166189,10.0000000000002,90,6.7390537594747e-13,1.19041344364235e-13,0,0,0,1.11022302462516e-16,7.105427357601e-15,0,8.4,2.0745582,0.0007775,1,"",-0.390933371327941,0,PROJECT_ROOT\Round2_revision\runs_certified\uncapped_43652_V2G.mat
uncapped_43653_V2H,43653,2014-08-13,V2H,none,0,Solved,R2.2,2026-10-01 14:05:05,0.157909396267869,0.584915889711971,0.465361466666735,0.0313296398892468,0.00702533333338632,11.7217613168732,12.2786666666685,-0.55690534979531,11.3724279835399,0.638666666671483,64.4120370370353,70.7259259259125,25.7648148148141,28.290370370365,24.3568364207547,36.4066979166189,64.4120370370353,90,1.04864728012188e-12,4.99668282510439e-13,0,0,0,3.05311331771918e-16,1.4210854715202e-14,0,7,2.0714016,0.0008407,1,"",0.157909396267869,0,PROJECT_ROOT\Round2_revision\runs_certified\uncapped_43653_V2H.mat
uncapped_43653_V2G,43653,2014-08-13,V2G,none,0,Solved,R2.2,2026-10-01 14:05:08,-0.430160470398857,0.584915889711928,1.29390599999999,0.0313296398892073,0.247499999999998,11.7217613168728,34.1399999999998,-22.418238683127,11.3724279835399,22.4999999999998,64.4120370370353,10.0000000000004,25.7648148148141,4.00000000000017,24.3568364207699,36.4066979166189,10.0000000000004,90,5.07593966858622e-13,9.57679446776581e-14,0,0,0,2.22044604925031e-16,7.105427357601e-15,0,7,2.276808,0.0008461,1,"",-0.430160470398858,0,PROJECT_ROOT\Round2_revision\runs_certified\uncapped_43653_V2G.mat
uncapped_43654_V2H,43654,2014-08-14,V2H,none,0,Solved,R2.2,2026-10-01 14:05:10,0.491126780868386,0.642422041285207,0.197465316666696,0.0430093895832084,0.00316066666666609,12.1732026700004,5.21016666666743,6.96303600333299,11.3724279835399,0.287333333333281,64.4120370370353,57.701851851852,25.7648148148141,23.0807407407408,19.9999999999997,36.4066979166189,57.701851851852,90,1.42788558754603e-13,2.9281112251708e-14,4.54747350886464e-13,0,0,3.33066907387547e-16,1.4210854715202e-14,0,12.6,2.1054136,0.0008615,1,"",0.491126780868386,0,PROJECT_ROOT\Round2_revision\runs_certified\uncapped_43654_V2H.mat
uncapped_43654_V2G,43654,2014-08-14,V2G,none,0,Solved,R2.2,2026-10-01 14:05:12,0.029182047535044,0.642422041285196,0.84830938333336,0.0430093895832084,0.19206,12.1732026700003,22.382833333334,-10.2096306633338,11.3724279835399,17.46,64.4120370370353,10.0000000000001,25.7648148148141,4.00000000000004,19.9999999999997,36.4066979166189,10.0000000000001,90,1.33240640742827e-13,2.71023134970515e-14,4.54747350886464e-13,0,0,5.759281940243e-16,7.105427357601e-15,0,12.6,2.1391767,0.0008541,1,"",0.0291820475350446,0,PROJECT_ROOT\Round2_revision\runs_certified\uncapped_43654_V2G.mat
uncapped_43655_V2H,43655,2014-08-15,V2H,none,0,Solved,R2.2,2026-10-01 14:05:15,0.244694565796878,0.579427556378585,0.352368933333342,0.010647276084967,0.00698866666666832,11.6050946502062,9.29733333333357,2.30776131687268,11.3742613168732,0.635333333333484,64.4120370370353,70.7393101851846,25.7648148148141,28.2957240740739,32.3115917300931,36.4066979166189,64.4120370370353,89.9999999999999,5.83144643684363e-14,2.39537162190716e-14,0,0,0,1.79578574233119e-14,5.6843418860808e-14,0,7,2.5718473,0.0012353,1,"",0.24469456579686,0,PROJECT_ROOT\Round2_revision\runs_certified\uncapped_43655_V2H.mat
uncapped_43655_V2G,43655,2014-08-15,V2G,none,0,Solved,R2.2,2026-10-01 14:05:17,-0.343887784203136,0.579011056378583,1.18104611666669,0.010647276084967,0.247499999999999,11.6034279835395,31.1621666666672,-19.5587386831276,11.3724279835399,22.4999999999999,64.4120370370353,10.0000000000004,25.7648148148141,4.00000000000014,32.3115917300931,36.4066979166189,10.0000000000004,90,2.65010235978025e-13,5.89651998390262e-14,0,0,0,5.55111512312578e-17,0,0,7,2.1510723,0.0009017,1,"",-0.343887784203137,0,PROJECT_ROOT\Round2_revision\runs_certified\uncapped_43655_V2G.mat
uncapped_43657_V2H,43657,2014-08-17,V2H,none,0,Solved,R2.2,2026-10-01 14:05:19,0.256273420702498,0.572624556378717,0.362166083333393,0.0402141143238344,0.00560083333333893,11.4684279835414,9.5558333333349,1.91259465020653,11.3724279835394,0.509166666667175,64.4120370370353,64.0856481481456,25.7648148148141,25.6342592592582,21.0149392023236,36.4066979166189,64.0856481481456,89.9999999999989,8.21454015920153e-13,3.95039773409107e-13,0,0,0,2.77555756156289e-16,4.40536496171262e-13,0,9.8,2.0972417,0.0010273,1,"",0.256273420702498,0,PROJECT_ROOT\Round2_revision\runs_certified\uncapped_43657_V2H.mat
uncapped_43657_V2G,43657,2014-08-17,V2G,none,0,Solved,R2.2,2026-10-01 14:05:21,-0.267605998639234,0.572542553703673,1.10017383333339,0.0402141143238186,0.219811166666663,11.4707592592587,29.0283333333348,-17.5575740740761,11.3759259259265,19.982833333333,64.4120370370353,10.0000000000004,25.7648148148141,4.00000000000015,21.0149392023296,36.4066979166189,10.0000000000004,89.9999999999998,6.78027078926391e-13,2.99148729922305e-13,0,0,0,0,8.5265128291212e-14,0,9.8,2.1095469,0.0010833,1,"",-0.267605998639234,0,PROJECT_ROOT\Round2_revision\runs_certified\uncapped_43657_V2G.mat
uncapped_43658_V2H,43658,2014-08-18,V2H,none,0,Solved,R2.2,2026-10-01 14:05:23,0.296215251900267,0.588758856378579,0.312656050000081,0.0117396121883767,0.0083728333333917,11.7920946502053,8.24950000000214,3.5425946502032,11.3742613168732,0.761166666671973,64.4120370370353,66.8897731481334,25.7648148148141,26.7559092592534,31.8914624595509,36.4066979166189,64.4120370370353,90,1.05182529352987e-12,4.92417403460999e-13,0,0,0,2.22044604925031e-16,1.4210854715202e-14,0,8.4,2.1474494,0.0008543,1,"",0.296215251900266,0,PROJECT_ROOT\Round2_revision\runs_certified\uncapped_43658_V2H.mat
uncapped_43658_V2G,43658,2014-08-18,V2G,none,0,Solved,R2.2,2026-10-01 14:05:25,-0.255088181433121,0.588342356378579,1.08881015000007,0.0117396121883767,0.233639999999989,11.7904279835386,28.7285000000017,-16.9380720164631,11.3724279835399,21.239999999999,64.4120370370353,10.0000000000028,25.7648148148141,4.00000000000111,31.8914624595509,36.4066979166189,10.0000000000028,90.0000000000001,5.21596654756706e-13,2.21279694438871e-13,0,0,0,1.11022302462516e-16,4.2632564145606e-14,0,8.4,2.0698762,0.0009362,1,"",-0.255088181433121,0,PROJECT_ROOT\Round2_revision\runs_certified\uncapped_43658_V2G.mat
uncapped_43659_V2H,43659,2014-08-19,V2H,none,0,Solved,R2.2,2026-10-01 14:05:28,0.142333977200352,0.585597856378569,0.471457050000071,0.0211385041551371,0.0070546666667163,11.7354279835385,12.4395000000019,-0.704072016463414,11.3724279835389,0.641333333337846,64.4120370370353,67.2185185185039,25.7648148148141,26.8874074074015,28.2765040107969,36.4066979166189,64.4120370370353,89.9999999999979,1.04818931312423e-12,4.59442070906486e-13,0,0,0,5.55111512312578e-17,8.5265128291212e-13,0,8.4,2.0806005,0.0011637,1,"",0.142333977200352,0,PROJECT_ROOT\Round2_revision\runs_certified\uncapped_43659_V2H.mat
uncapped_43659_V2G,43659,2014-08-19,V2G,none,0,Solved,R2.2,2026-10-01 14:05:31,-0.411770156132938,0.58559785637866,1.25214651666674,0.0211385041551371,0.233640000000002,11.7354279835403,33.0381666666685,-21.3027386831282,11.3724279835398,21.2400000000002,64.4120370370353,9.99999999999921,25.7648148148141,3.99999999999968,28.2765040107969,36.4066979166189,9.99999999999921,89.9999999999997,6.7656991120657e-13,2.45729981202018e-13,0,0,0,1.11022302462516e-16,9.9475983006414e-14,0,8.4,3.2775527,0.0076311,1,"",-0.411770156132938,0,PROJECT_ROOT\Round2_revision\runs_certified\uncapped_43659_V2G.mat
uncapped_43660_V2H,43660,2014-08-20,V2H,none,0,Solved,R2.2,2026-10-01 14:05:34,0.336356098489913,0.628450306378661,0.339299959972281,0.0403692520834745,0.00683650000005824,12.1109279835402,8.95250554016572,3.15842244337449,11.3724279835389,0.621500000005295,64.4120370370353,70.7736111110943,25.7648148148141,28.3094444444377,36.4066979166189,51.9333333333398,64.4120370370353,89.9999999999979,1.57446139459338e-11,1.40240459167121e-12,0,0,0,5.55111512312578e-17,8.5265128291212e-13,0,7,3.0225532,0.0015081,1,"",0.336356098489913,0,PROJECT_ROOT\Round2_revision\runs_certified\uncapped_43660_V2H.mat
uncapped_43660_V2G,43660,2014-08-20,V2G,none,0,Solved,R2.2,2026-10-01 14:05:38,-0.252175551510111,0.62845030637865,1.16849510997222,0.0403692520834639,0.247499999999998,12.11092798354,30.8310055401642,-18.7200775566242,11.3724279835399,22.4999999999999,64.4120370370353,10.0000000000004,25.7648148148141,4.00000000000017,36.4066979166189,51.9333333333332,10.0000000000004,90,1.14949716412127e-13,2.19942556533086e-14,4.54747350886464e-13,0,0,2.55351295663786e-15,0,0,7,3.5032204,0.001444,1,"",-0.252175551510114,0,PROJECT_ROOT\Round2_revision\runs_certified\uncapped_43660_V2G.mat
uncapped_43662_V2H,43662,2014-08-22,V2H,none,0,Solved,R2.2,2026-10-01 14:05:41,0.854822869497164,0.902947656378654,0.209827440627158,0.131667153745613,0.0300355000000537,15.1374279835402,5.53634407987224,9.60108390366794,11.3724279835386,2.73050000000489,64.4120370370353,64.9152777777612,25.7648148148141,25.9661111111045,36.4066979166189,82.2312934268554,64.4120370370353,89.999999999997,2.10410577849984e-11,1.81735880914758e-12,0,0,0,1.11022302462516e-16,1.18660636871937e-12,0,7,3.5979565,0.0014197,1,"",0.854822869497164,0,PROJECT_ROOT\Round2_revision\runs_certified\uncapped_43662_V2H.mat
uncapped_43662_V2G,43662,2014-08-22,V2G,none,0,Solved,R2.2,2026-10-01 14:05:45,0.323023319496976,0.902947656378581,0.959091490627159,0.131667153745554,0.247499999999999,15.1374279835397,25.3058440798723,-10.1684160963326,11.3724279835399,22.4999999999999,64.4120370370353,10.0000000000003,25.7648148148141,4.00000000000013,36.4066979166189,84.0509346145034,10.0000000000003,90,2.36033415035308e-13,2.86026402939748e-14,5.6843418860808e-14,0,0,1.66533453693773e-16,7.105427357601e-15,0,7,3.1828215,0.0012046,1,"",0.323023319496976,0,PROJECT_ROOT\Round2_revision\runs_certified\uncapped_43662_V2G.mat
uncapped_43663_V2H,43663,2014-08-23,V2H,none,0,FAILED: CVX status Failed; objective NaN,R2.2,2026-10-01 14:05:48,NaN,NaN,NaN,NaN,NaN,NaN,NaN,NaN,NaN,NaN,NaN,NaN,NaN,NaN,NaN,NaN,NaN,NaN,NaN,NaN,NaN,NaN,NaN,NaN,NaN,NaN,NaN,NaN,NaN,0,"Error using solveRound2 (line 128)
CVX status Failed; objective NaN

Error in runRound2Case (line 17)
    R=solveRound2(cfg,I,regime,mode,cap);status=R.solver.status;
      ^^^^^^^^^^^^^^^^^^^^^^^^^^^^^^^^^^
Error in run_round2_principal (line 17)
        [row,~]=runRound2Case(cfg,inputs{n},reg,""none"",false,""uncapped_""+days.DayID(n)+""_""+reg,out);
                ^^^^^^^^^^^^^^^^^^^^^^^^^^^^^^^^^^^^^^^^^^^^^^^^^^^^^^^^^^^^^^^^^^^^^^^^^^^^^^^^^^^",NaN,NaN,PROJECT_ROOT\Round2_revision\runs_certified\uncapped_43663_V2H.mat
uncapped_43663_V2G,43663,2014-08-23,V2G,none,0,FAILED: CVX status Failed; objective NaN,R2.2,2026-10-01 14:05:51,NaN,NaN,NaN,NaN,NaN,NaN,NaN,NaN,NaN,NaN,NaN,NaN,NaN,NaN,NaN,NaN,NaN,NaN,NaN,NaN,NaN,NaN,NaN,NaN,NaN,NaN,NaN,NaN,NaN,0,"Error using solveRound2 (line 128)
CVX status Failed; objective NaN

Error in runRound2Case (line 17)
    R=solveRound2(cfg,I,regime,mode,cap);status=R.solver.status;
      ^^^^^^^^^^^^^^^^^^^^^^^^^^^^^^^^^^
Error in run_round2_principal (line 17)
        [row,~]=runRound2Case(cfg,inputs{n},reg,""none"",false,""uncapped_""+days.DayID(n)+""_""+reg,out);
                ^^^^^^^^^^^^^^^^^^^^^^^^^^^^^^^^^^^^^^^^^^^^^^^^^^^^^^^^^^^^^^^^^^^^^^^^^^^^^^^^^^^",NaN,NaN,PROJECT_ROOT\Round2_revision\runs_certified\uncapped_43663_V2G.mat
uncapped_43664_V2H,43664,2014-08-24,V2H,none,0,Solved,R2.2,2026-10-01 14:05:54,1.05954646433489,0.918891706378651,0.0735931053922769,0.171023363348476,0.043224500000041,13.9135946502066,1.94177059082525,11.9718240593813,11.3724279835398,3.92950000000373,64.4120370370353,54.5847222222117,25.7648148148141,21.8338888888847,36.4066979166189,88.083759377798,54.5847222222117,89.9999999999998,5.07927033766009e-14,2.70059990468901e-14,4.54747350886464e-13,0,0,0,7.105427357601e-14,0,9.8,2.8871142,0.0011946,1,"",1.05954646433489,0,PROJECT_ROOT\Round2_revision\runs_certified\uncapped_43664_V2H.mat
uncapped_43664_V2G,43664,2014-08-24,V2G,none,0,Solved,R2.2,2026-10-01 14:05:57,0.627788014335018,0.918891706378649,0.681907055392098,0.17102336334847,0.219779999999998,13.9135946502065,17.9922705908205,-4.078675940614,11.3724279835398,19.9799999999998,64.4120370370353,10.0000000000004,25.7648148148141,4.00000000000015,36.4066979166189,88.9937802112194,10.0000000000004,89.9999999999998,4.38371561273243e-13,7.59404616154791e-14,0,0,0,2.22044604925031e-16,8.5265128291212e-14,0,9.8,3.1960558,0.0014658,1,"",0.627788014335018,0,PROJECT_ROOT\Round2_revision\runs_certified\uncapped_43664_V2G.mat
uncapped_43665_V2H,43665,2014-08-25,V2H,none,0,FAILED: CVX status Failed; objective NaN,R2.2,2026-10-01 14:06:00,NaN,NaN,NaN,NaN,NaN,NaN,NaN,NaN,NaN,NaN,NaN,NaN,NaN,NaN,NaN,NaN,NaN,NaN,NaN,NaN,NaN,NaN,NaN,NaN,NaN,NaN,NaN,NaN,NaN,0,"Error using solveRound2 (line 128)
CVX status Failed; objective NaN

Error in runRound2Case (line 17)
    R=solveRound2(cfg,I,regime,mode,cap);status=R.solver.status;
      ^^^^^^^^^^^^^^^^^^^^^^^^^^^^^^^^^^
Error in run_round2_principal (line 17)
        [row,~]=runRound2Case(cfg,inputs{n},reg,""none"",false,""uncapped_""+days.DayID(n)+""_""+reg,out);
                ^^^^^^^^^^^^^^^^^^^^^^^^^^^^^^^^^^^^^^^^^^^^^^^^^^^^^^^^^^^^^^^^^^^^^^^^^^^^^^^^^^^",NaN,NaN,PROJECT_ROOT\Round2_revision\runs_certified\uncapped_43665_V2H.mat
uncapped_43665_V2G,43665,2014-08-25,V2G,none,0,FAILED: CVX status Failed; objective NaN,R2.2,2026-10-01 14:06:03,NaN,NaN,NaN,NaN,NaN,NaN,NaN,NaN,NaN,NaN,NaN,NaN,NaN,NaN,NaN,NaN,NaN,NaN,NaN,NaN,NaN,NaN,NaN,NaN,NaN,NaN,NaN,NaN,NaN,0,"Error using solveRound2 (line 128)
CVX status Failed; objective NaN

Error in runRound2Case (line 17)
    R=solveRound2(cfg,I,regime,mode,cap);status=R.solver.status;
      ^^^^^^^^^^^^^^^^^^^^^^^^^^^^^^^^^^
Error in run_round2_principal (line 17)
        [row,~]=runRound2Case(cfg,inputs{n},reg,""none"",false,""uncapped_""+days.DayID(n)+""_""+reg,out);
                ^^^^^^^^^^^^^^^^^^^^^^^^^^^^^^^^^^^^^^^^^^^^^^^^^^^^^^^^^^^^^^^^^^^^^^^^^^^^^^^^^^^",NaN,NaN,PROJECT_ROOT\Round2_revision\runs_certified\uncapped_43665_V2G.mat
uncapped_43666_V2H,43666,2014-08-26,V2H,none,0,Solved,R2.2,2026-10-01 14:06:06,1.23566962137225,0.903642799113312,0,0.298289822258931,0.0337370000000092,14.5825210243149,0,14.5825210243149,11.3724279835389,3.06700000000083,64.4120370370353,60.4805555555511,25.7648148148141,24.1922222222204,36.0458333333352,93.540807565796,60.4805555555511,89.9999999999979,5.49527090498714e-12,5.39744897455422e-13,0,0,0,0,8.5265128291212e-13,0,8.4,3.2322177,0.0017426,1,"",1.23566962137225,0,PROJECT_ROOT\Round2_revision\runs_certified\uncapped_43666_V2H.mat
uncapped_43666_V2G,43666,2014-08-26,V2G,none,0,Solved,R2.2,2026-10-01 14:06:09,0.746815921372331,0.90364279911337,0.688756699999999,0.298289822258961,0.233639999999999,14.5825210243161,18.173,-3.59047897568391,11.3724279835399,21.2399999999999,64.4120370370353,10.0000000000002,25.7648148148141,4.00000000000009,36.0458333333349,93.5408075658017,10.0000000000002,90,5.50670620214078e-13,1.05308789644844e-13,0,0,0,6.66133814775094e-16,7.105427357601e-15,0,8.4,3.1296062,0.0012063,1,"",0.746815921372332,0,PROJECT_ROOT\Round2_revision\runs_certified\uncapped_43666_V2G.mat
uncapped_43668_V2H,43668,2014-08-28,V2H,none,0,Solved,R2.2,2026-10-01 14:06:12,1.55725881939006,1.44048603780513,0.135147620498538,0.23492356875013,0.0169968333333327,18.1814991377076,3.56590027700627,14.6155988607014,11.3724279835399,1.54516666666661,64.4120370370353,54.2078703703705,25.7648148148141,21.6831481481482,36.4066979166189,95.0000000000016,54.2078703703705,90,2.82146528363114e-12,3.17891223502065e-13,0,0,0,0,1.4210854715202e-14,0,12.6,2.9284052,0.0015452,1,"",1.55725881939006,0,PROJECT_ROOT\Round2_revision\runs_certified\uncapped_43668_V2H.mat
uncapped_43668_V2G,43668,2014-08-28,V2G,none,0,Solved,R2.2,2026-10-01 14:06:16,1.12914980272348,1.44048603780522,0.738319803831866,0.23492356875013,0.19206,18.1814991377079,19.4807336103395,-1.29923447263158,11.3724279835399,17.46,64.4120370370353,10.0000000000001,25.7648148148141,4.00000000000004,36.4066979166189,95.0000000000017,10.0000000000001,90,6.83453293959246e-13,1.92917123787881e-13,0,0,0,8.88178419700125e-16,7.105427357601e-15,0,12.6,2.9864991,0.0027303,1,"",1.12914980272348,0,PROJECT_ROOT\Round2_revision\runs_certified\uncapped_43668_V2G.mat
uncapped_43669_V2H,43669,2014-08-29,V2H,none,0,Solved,R2.2,2026-10-01 14:06:19,0.950580374795419,0.846955223045259,0.144523260074914,0.212141745158352,0.0360066666667224,15.1117613168724,3.81327862994496,11.2984826869275,11.3724279835368,3.2733333333384,64.4120370370353,63.4074074073863,25.7648148148141,25.3629629629545,36.4066979166189,94.5439738285059,63.4074074073863,89.999999999993,1.04727337912891e-12,5.44259834694856e-13,0,0,0,5.55111512312578e-16,2.79953837889479e-12,0,7,3.0049524,0.0014448,1,"",0.95058037479542,0,PROJECT_ROOT\Round2_revision\runs_certified\uncapped_43669_V2H.mat
uncapped_43669_V2G,43669,2014-08-29,V2G,none,0,Solved,R2.2,2026-10-01 14:06:22,0.433300568828219,0.846912083744762,0.87327709340823,0.212141745158355,0.247523833333332,15.113936213992,23.0416119632778,-7.92767574928581,11.3751028806592,22.5021666666665,64.4120370370353,10.0000000000003,25.7648148148141,4.00000000000013,36.4066979166189,95.0000000000005,10.0000000000003,90,2.31481500634345e-13,3.18870958625362e-14,4.54747350886464e-13,0,0,7.21644966006352e-16,7.105427357601e-15,0,7,3.2806128,0.0018591,1,"",0.433300568828218,0,PROJECT_ROOT\Round2_revision\runs_certified\uncapped_43669_V2G.mat
uncapped_43670_V2H,43670,2014-08-30,V2H,none,0,Solved,R2.2,2026-10-01 14:06:25,0.927932822469151,0.759322500822746,0.103628391194464,0.246421712840821,0.0258170000000472,13.4778724279829,2.73425834286184,10.7436140851211,11.383539094651,2.34700000000429,64.4120370370353,55.5055555555436,25.7648148148141,22.2022222222174,35.191666666568,83.1879732224691,55.5055555555436,89.9999999999999,8.64086580065759e-13,7.58638175845587e-14,0,0,0,2.55351295663786e-15,2.1316282072803e-14,0,11.2,2.8980346,0.0021692,1,"",0.927932822469148,0,PROJECT_ROOT\Round2_revision\runs_certified\uncapped_43670_V2H.mat
uncapped_43670_V2G,43670,2014-08-30,V2G,none,0,Solved,R2.2,2026-10-01 14:06:28,0.487257022469262,0.759322500822748,0.724506191194296,0.246421712840811,0.206018999999998,13.4778724279829,19.1162583428574,-5.63838591487452,11.383539094651,18.7289999999998,64.4120370370353,10.0000000000004,25.7648148148141,4.00000000000015,35.1916666666671,83.1879732225682,10.0000000000004,89.9999999999999,1.15851772619635e-13,2.52619996678937e-14,2.27373675443232e-13,0,0,9.43689570931383e-16,4.2632564145606e-14,0,11.2,3.1260359,0.0011518,1,"",0.487257022469261,0,PROJECT_ROOT\Round2_revision\runs_certified\uncapped_43670_V2G.mat
uncapped_43671_V2H,43671,2014-08-31,V2H,none,0,FAILED: CVX status Failed; objective NaN,R2.2,2026-10-01 14:06:31,NaN,NaN,NaN,NaN,NaN,NaN,NaN,NaN,NaN,NaN,NaN,NaN,NaN,NaN,NaN,NaN,NaN,NaN,NaN,NaN,NaN,NaN,NaN,NaN,NaN,NaN,NaN,NaN,NaN,0,"Error using solveRound2 (line 128)
CVX status Failed; objective NaN

Error in runRound2Case (line 17)
    R=solveRound2(cfg,I,regime,mode,cap);status=R.solver.status;
      ^^^^^^^^^^^^^^^^^^^^^^^^^^^^^^^^^^
Error in run_round2_principal (line 17)
        [row,~]=runRound2Case(cfg,inputs{n},reg,""none"",false,""uncapped_""+days.DayID(n)+""_""+reg,out);
                ^^^^^^^^^^^^^^^^^^^^^^^^^^^^^^^^^^^^^^^^^^^^^^^^^^^^^^^^^^^^^^^^^^^^^^^^^^^^^^^^^^^",NaN,NaN,PROJECT_ROOT\Round2_revision\runs_certified\uncapped_43671_V2H.mat
uncapped_43671_V2G,43671,2014-08-31,V2G,none,0,FAILED: CVX status Failed; objective NaN,R2.2,2026-10-01 14:06:34,NaN,NaN,NaN,NaN,NaN,NaN,NaN,NaN,NaN,NaN,NaN,NaN,NaN,NaN,NaN,NaN,NaN,NaN,NaN,NaN,NaN,NaN,NaN,NaN,NaN,NaN,NaN,NaN,NaN,0,"Error using solveRound2 (line 128)
CVX status Failed; objective NaN

Error in runRound2Case (line 17)
    R=solveRound2(cfg,I,regime,mode,cap);status=R.solver.status;
      ^^^^^^^^^^^^^^^^^^^^^^^^^^^^^^^^^^
Error in run_round2_principal (line 17)
        [row,~]=runRound2Case(cfg,inputs{n},reg,""none"",false,""uncapped_""+days.DayID(n)+""_""+reg,out);
                ^^^^^^^^^^^^^^^^^^^^^^^^^^^^^^^^^^^^^^^^^^^^^^^^^^^^^^^^^^^^^^^^^^^^^^^^^^^^^^^^^^^",NaN,NaN,PROJECT_ROOT\Round2_revision\runs_certified\uncapped_43671_V2G.mat
uncapped_43673_V2H,43673,2014-09-02,V2H,none,0,Solved,R2.2,2026-10-01 14:06:37,0.86991390542104,0.799961706378641,0.122226322662338,0.168504688371347,0.0236738333333896,13.9635946502066,3.22496893568173,10.7386257145249,11.3724279835399,2.15216666667178,64.4120370370353,63.021759259245,25.7648148148141,25.208703703698,35.8791666665492,68.5476800553046,63.021759259245,90,3.07848191383187e-11,2.57259772903915e-12,0,0,0,3.33066907387547e-16,1.4210854715202e-14,0,8.4,2.9661571,0.0010155,1,"",0.869913905421039,0,PROJECT_ROOT\Round2_revision\runs_certified\uncapped_43673_V2H.mat
uncapped_43673_V2G,43673,2014-09-02,V2G,none,0,Solved,R2.2,2026-10-01 14:06:40,0.356451188754631,0.79996170637844,0.845655205995467,0.168504688371659,0.233639999999999,13.9635946502057,22.3128022690097,-8.34920761880401,11.3724279835399,21.2399999999999,64.4120370370353,10.0000000000002,25.7648148148141,4.0000000000001,35.8791666666669,68.5476800554222,10.0000000000002,90,1.37778677355982e-13,2.44622945987129e-14,0,0,0,5.55111512312578e-16,7.105427357601e-15,0,8.4,3.0505538,0.0012997,1,"",0.35645118875463,0,PROJECT_ROOT\Round2_revision\runs_certified\uncapped_43673_V2G.mat
uncapped_43674_V2H,43674,2014-09-03,V2H,none,0,Solved,R2.2,2026-10-01 14:06:43,0.511136167926633,0.691874823045314,0.309019907202205,0.0989992520834629,0.029282000000062,13.38242798354,8.15355955678642,5.22886842675362,11.3724279835389,2.66200000000563,64.4120370370353,65.1055555555378,25.7648148148141,26.0422222222151,36.4066979166189,74.4833333333353,64.4120370370353,89.9999999999979,1.61953159216743e-11,1.43799814050749e-12,0,0,0,6.66133814775094e-16,8.5265128291212e-13,0,7,3.1541097,0.0017835,1,"",0.511136167926632,0,PROJECT_ROOT\Round2_revision\runs_certified\uncapped_43674_V2H.mat
uncapped_43674_V2G,43674,2014-09-03,V2G,none,0,Solved,R2.2,2026-10-01 14:06:46,-0.0225060320734897,0.691874823045278,1.06088010720223,0.0989992520834629,0.247499999999998,13.3824279835393,27.991559556787,-14.6091315732477,11.3724279835398,22.4999999999998,64.4120370370353,10.0000000000002,25.7648148148141,4.00000000000008,36.4066979166189,74.4833333333353,10.0000000000002,89.9999999999997,6.38364361371657e-13,1.76814215828394e-13,0,0,0,4.8919202022546e-16,9.9475983006414e-14,0,7,3.0097223,0.0011736,1,"",-0.0225060320734902,0,PROJECT_ROOT\Round2_revision\runs_certified\uncapped_43674_V2G.mat
uncapped_43675_V2H,43675,2014-09-04,V2H,none,0,FAILED: CVX status Failed; objective NaN,R2.2,2026-10-01 14:06:49,NaN,NaN,NaN,NaN,NaN,NaN,NaN,NaN,NaN,NaN,NaN,NaN,NaN,NaN,NaN,NaN,NaN,NaN,NaN,NaN,NaN,NaN,NaN,NaN,NaN,NaN,NaN,NaN,NaN,0,"Error using solveRound2 (line 128)
CVX status Failed; objective NaN

Error in runRound2Case (line 17)
    R=solveRound2(cfg,I,regime,mode,cap);status=R.solver.status;
      ^^^^^^^^^^^^^^^^^^^^^^^^^^^^^^^^^^
Error in run_round2_principal (line 17)
        [row,~]=runRound2Case(cfg,inputs{n},reg,""none"",false,""uncapped_""+days.DayID(n)+""_""+reg,out);
                ^^^^^^^^^^^^^^^^^^^^^^^^^^^^^^^^^^^^^^^^^^^^^^^^^^^^^^^^^^^^^^^^^^^^^^^^^^^^^^^^^^^",NaN,NaN,PROJECT_ROOT\Round2_revision\runs_certified\uncapped_43675_V2H.mat
uncapped_43675_V2G,43675,2014-09-04,V2G,none,0,FAILED: CVX status Failed; objective NaN,R2.2,2026-10-01 14:06:52,NaN,NaN,NaN,NaN,NaN,NaN,NaN,NaN,NaN,NaN,NaN,NaN,NaN,NaN,NaN,NaN,NaN,NaN,NaN,NaN,NaN,NaN,NaN,NaN,NaN,NaN,NaN,NaN,NaN,0,"Error using solveRound2 (line 128)
CVX status Failed; objective NaN

Error in runRound2Case (line 17)
    R=solveRound2(cfg,I,regime,mode,cap);status=R.solver.status;
      ^^^^^^^^^^^^^^^^^^^^^^^^^^^^^^^^^^
Error in run_round2_principal (line 17)
        [row,~]=runRound2Case(cfg,inputs{n},reg,""none"",false,""uncapped_""+days.DayID(n)+""_""+reg,out);
                ^^^^^^^^^^^^^^^^^^^^^^^^^^^^^^^^^^^^^^^^^^^^^^^^^^^^^^^^^^^^^^^^^^^^^^^^^^^^^^^^^^^",NaN,NaN,PROJECT_ROOT\Round2_revision\runs_certified\uncapped_43675_V2G.mat
uncapped_43676_V2H,43676,2014-09-05,V2H,none,0,Solved,R2.2,2026-10-01 14:06:55,1.21458620612575,0.897365244900984,0,0.265168961224741,0.0520520000000281,15.0389494636136,0,15.0389494636136,11.6454732510295,4.73200000000255,64.4120370370353,59.9699074074002,25.7648148148141,23.9879629629601,36.4066979166189,92.703359129716,59.9699074074002,90.6143518518517,1.67854619093077e-12,4.09023783978163e-13,0,0,0,6.66133814775094e-16,4.2632564145606e-14,0,7,3.0509658,0.0057927,1,"",1.21458620612575,0,PROJECT_ROOT\Round2_revision\runs_certified\uncapped_43676_V2H.mat
uncapped_43676_V2G,43676,2014-09-05,V2G,none,0,Solved,R2.2,2026-10-01 14:06:58,0.730677622792566,0.897365244901066,0.681789416666669,0.265168961224837,0.249932833333332,15.0389494636152,17.9891666666667,-2.95021720305148,11.6454732510296,22.7211666666665,64.4120370370353,10.0000000000004,25.7648148148141,4.00000000000014,36.4066979166189,92.703359129753,10.0000000000004,90.6143518518518,6.7568173278687e-13,1.38008359412108e-13,0,0,0,2.22044604925031e-16,7.105427357601e-15,0,7,3.2413211,0.0012282,1,"",0.730677622792566,0,PROJECT_ROOT\Round2_revision\runs_certified\uncapped_43676_V2G.mat
uncapped_43678_V2H,43678,2014-09-07,V2H,none,0,Solved,R2.2,2026-10-01 14:07:02,0.676013307649431,0.853247759259334,0.203545537026739,0.0121375854167935,0.0141735000000429,14.7131481481495,5.37059464450499,9.34255350364448,11.431481481483,1.2885000000039,64.4120370370353,62.0537037036945,25.7648148148141,24.8214814814778,36.4066979166189,41.075000000001,62.0537037036945,89.9999999999999,1.02773345389551e-12,4.92341681766566e-13,0,0,0,1.11022302462516e-16,4.9737991503207e-14,0,9.8,3.1482025,0.0013188,1,"",0.676013307649431,0,PROJECT_ROOT\Round2_revision\runs_certified\uncapped_43678_V2H.mat
uncapped_43678_V2G,43678,2014-09-07,V2G,none,0,Solved,R2.2,2026-10-01 14:07:05,0.171426650859271,0.852714535802516,0.913753637026703,0.0121375854167931,0.220328166666665,14.713283950618,24.109594644504,-9.39631069388599,11.4339506172847,20.0298333333332,64.4120370370353,10.0000000000003,25.7648148148141,4.00000000000012,36.4066979166189,41.0750000000005,10.0000000000003,89.9999999999999,6.75917655179603e-13,6.06209295192295e-14,4.54747350886464e-13,0,0,1.4432899320127e-15,5.6843418860808e-14,0,9.8,3.3615905,0.0013425,1,"",0.171426650859269,0,PROJECT_ROOT\Round2_revision\runs_certified\uncapped_43678_V2G.mat
uncapped_43679_V2H,43679,2014-09-08,V2H,none,0,Solved,R2.2,2026-10-01 14:07:08,0.362388183600155,0.793350585683403,0.472366650000059,0.0105474145834276,0.0308568333333833,13.5053145220849,12.4635000000016,1.0418145220833,11.3724279835389,2.80516666667121,64.4120370370353,61.2078703703556,25.7648148148141,24.4831481481422,32.349999999916,36.4066979166189,61.2078703703556,89.9999999999979,1.82565074169361e-11,1.59906566724582e-12,0,0,0,3.88578058618805e-16,8.5265128291212e-13,0,8.4,3.0135379,0.0012633,1,"",0.362388183600155,0,PROJECT_ROOT\Round2_revision\runs_certified\uncapped_43679_V2H.mat
uncapped_43679_V2G,43679,2014-09-08,V2G,none,0,Solved,R2.2,2026-10-01 14:07:12,-0.133508833066812,0.79335058568332,1.17104683333334,0.0105474145832078,0.233639999999999,13.5053145220832,30.8983333333335,-17.3930188112503,11.3724279835399,21.2399999999999,64.4120370370353,10.0000000000003,25.7648148148141,4.00000000000012,32.3500000000005,36.4066979166189,10.0000000000003,90,5.22915044598449e-14,2.12826900335106e-14,0,0,0,0,7.105427357601e-15,0,8.4,3.1337022,0.0017021,1,"",-0.133508833066812,0,PROJECT_ROOT\Round2_revision\runs_certified\uncapped_43679_V2G.mat
uncapped_43680_V2H,43680,2014-09-09,V2H,none,0,Solved,R2.2,2026-10-01 14:07:15,0.48545998437593,0.692732223045318,0.277431845323658,0.049657439987547,0.020502166666723,12.7250946502068,7.32010145972712,5.40499319047965,11.3724279835389,1.86383333333845,64.4120370370353,63.8226851851688,25.7648148148141,25.5290740740675,36.4066979166189,50.2841066482268,63.8226851851688,89.9999999999979,1.62925922753132e-11,1.44424911806429e-12,0,0,0,5.55111512312578e-17,8.5265128291212e-13,0,8.4,3.069582,0.0016275,1,"",0.48545998437593,0,PROJECT_ROOT\Round2_revision\runs_certified\uncapped_43680_V2H.mat
uncapped_43680_V2G,43680,2014-09-09,V2G,none,0,Solved,R2.2,2026-10-01 14:07:18,-0.0357588989576148,0.692732223045128,1.01178856199029,0.0496574399875435,0.233639999999999,12.7250946502058,26.6962681263928,-13.9711734761869,11.3724279835399,21.2399999999999,64.4120370370353,10.0000000000002,25.7648148148141,4.00000000000007,36.4066979166189,50.2841066482205,10.0000000000002,89.9999999999999,6.38378239159465e-14,2.32234561043234e-14,4.54747350886464e-13,0,0,8.32667268468867e-17,2.1316282072803e-14,0,8.4,3.0711718,0.00129,1,"",-0.0357588989576147,0,PROJECT_ROOT\Round2_revision\runs_certified\uncapped_43680_V2G.mat
uncapped_43681_V2H,43681,2014-09-10,V2H,none,0,Solved,R2.2,2026-10-01 14:07:21,0.805107863586684,0.853990823045338,0.173797711542208,0.100223418750147,0.0246913333334074,14.0390946502068,4.58569159741974,9.45340305278706,11.3724279835399,2.2446666666734,64.4120370370353,66.2648148147961,25.7648148148141,26.5059259259184,36.4066979166189,74.9541666666702,64.4120370370353,90,8.71247518574592e-13,7.84649724477998e-14,4.54747350886464e-13,0,0,6.66133814775094e-16,1.4210854715202e-14,0,7,3.0145981,0.0010555,1,"",0.805107863586685,0,PROJECT_ROOT\Round2_revision\runs_certified\uncapped_43681_V2H.mat
uncapped_43681_V2G,43681,2014-09-10,V2G,none,0,Solved,R2.2,2026-10-01 14:07:24,0.260239396920098,0.8539908230454,0.941474844875384,0.100223418750082,0.247499999999999,14.0390946502084,24.8410249307489,-10.8019302805405,11.3724279835397,22.4999999999999,64.4120370370353,9.99999999999978,25.7648148148141,3.99999999999991,36.4066979166189,74.9541666666505,9.99999999999978,89.9999999999996,5.25579579857549e-13,2.7182026154695e-13,0,0,0,1.66533453693773e-16,1.77635683940025e-13,0,7,2.9896345,0.0010709,1,"",0.260239396920098,0,PROJECT_ROOT\Round2_revision\runs_certified\uncapped_43681_V2G.mat
uncapped_43682_V2H,43682,2014-09-11,V2H,none,0,Solved,R2.2,2026-10-01 14:07:27,1.18594775533664,0.994030023045321,0.0501435350278445,0.23444376731916,0.00761749999999929,15.7470946502067,1.32304841762123,14.4240462325854,11.3724279835399,0.692499999999936,64.4120370370353,56.576388888889,25.7648148148141,22.6305555555556,35.1000000000002,80.8386888273788,56.576388888889,90,1.0122735982776e-12,2.48762466669557e-13,0,0,0,0,1.4210854715202e-14,0,12.6,2.9141565,0.0011408,1,"",1.18594775533664,0,PROJECT_ROOT\Round2_revision\runs_certified\uncapped_43682_V2H.mat
uncapped_43682_V2G,43682,2014-09-11,V2G,none,0,Solved,R2.2,2026-10-01 14:07:30,0.734902005336718,0.994030023045425,0.685631785027866,0.234443767319159,0.19206,15.7470946502087,18.0905484176218,-2.34345376741304,11.3724279835397,17.46,64.4120370370353,9.99999999999957,25.7648148148141,3.99999999999983,35.1,80.8386888273785,9.99999999999957,89.9999999999995,8.67562965911617e-13,3.30866523498848e-13,0,0,0,1.11022302462516e-16,2.1316282072803e-13,0,12.6,2.9905841,0.0015969,1,"",0.734902005336718,0,PROJECT_ROOT\Round2_revision\runs_certified\uncapped_43682_V2G.mat
uncapped_43684_V2H,43684,2014-09-13,V2H,none,0,Solved,R2.2,2026-10-01 14:07:33,0.924743681212672,0.871998582304619,0.105311838771201,0.136988271012539,0.0210686666667152,14.0689094650224,2.77867648472825,11.2902329802941,11.3872427983546,1.91533333333774,64.4120370370353,56.7129629629506,25.7648148148141,22.6851851851802,36.4066979166189,66.4822888966194,56.7129629629506,89.9999999999995,1.04274922030356e-12,5.32671578292948e-13,0,0,0,3.33066907387547e-16,1.84741111297626e-13,0,11.2,2.8969644,0.0009857,1,"",0.924743681212672,0,PROJECT_ROOT\Round2_revision\runs_certified\uncapped_43684_V2H.mat
uncapped_43684_V2G,43684,2014-09-13,V2G,none,0,Solved,R2.2,2026-10-01 14:07:36,0.472375347878995,0.871998582304307,0.742663505437856,0.136988271012545,0.206051999999998,14.0689094650202,19.5953431513946,-5.52643368637441,11.3872427983546,18.7319999999998,64.4120370370353,10.0000000000003,25.7648148148141,4.00000000000014,36.4066979166189,66.7306979166188,10.0000000000003,89.9999999999999,5.12923037376822e-14,2.25408920476204e-14,4.54747350886464e-13,0,0,8.32667268468867e-16,5.6843418860808e-14,0,11.2,3.0799266,0.001454,1,"",0.472375347878994,0,PROJECT_ROOT\Round2_revision\runs_certified\uncapped_43684_V2G.mat
uncapped_43685_V2H,43685,2014-09-14,V2H,none,0,FAILED: CVX status Failed; objective NaN,R2.2,2026-10-01 14:07:39,NaN,NaN,NaN,NaN,NaN,NaN,NaN,NaN,NaN,NaN,NaN,NaN,NaN,NaN,NaN,NaN,NaN,NaN,NaN,NaN,NaN,NaN,NaN,NaN,NaN,NaN,NaN,NaN,NaN,0,"Error using solveRound2 (line 128)
CVX status Failed; objective NaN

Error in runRound2Case (line 17)
    R=solveRound2(cfg,I,regime,mode,cap);status=R.solver.status;
      ^^^^^^^^^^^^^^^^^^^^^^^^^^^^^^^^^^
Error in run_round2_principal (line 17)
        [row,~]=runRound2Case(cfg,inputs{n},reg,""none"",false,""uncapped_""+days.DayID(n)+""_""+reg,out);
                ^^^^^^^^^^^^^^^^^^^^^^^^^^^^^^^^^^^^^^^^^^^^^^^^^^^^^^^^^^^^^^^^^^^^^^^^^^^^^^^^^^^",NaN,NaN,PROJECT_ROOT\Round2_revision\runs_certified\uncapped_43685_V2H.mat
uncapped_43685_V2G,43685,2014-09-14,V2G,none,0,FAILED: CVX status Failed; objective NaN,R2.2,2026-10-01 14:07:42,NaN,NaN,NaN,NaN,NaN,NaN,NaN,NaN,NaN,NaN,NaN,NaN,NaN,NaN,NaN,NaN,NaN,NaN,NaN,NaN,NaN,NaN,NaN,NaN,NaN,NaN,NaN,NaN,NaN,0,"Error using solveRound2 (line 128)
CVX status Failed; objective NaN

Error in runRound2Case (line 17)
    R=solveRound2(cfg,I,regime,mode,cap);status=R.solver.status;
      ^^^^^^^^^^^^^^^^^^^^^^^^^^^^^^^^^^
Error in run_round2_principal (line 17)
        [row,~]=runRound2Case(cfg,inputs{n},reg,""none"",false,""uncapped_""+days.DayID(n)+""_""+reg,out);
                ^^^^^^^^^^^^^^^^^^^^^^^^^^^^^^^^^^^^^^^^^^^^^^^^^^^^^^^^^^^^^^^^^^^^^^^^^^^^^^^^^^^",NaN,NaN,PROJECT_ROOT\Round2_revision\runs_certified\uncapped_43685_V2G.mat
uncapped_43686_V2H,43686,2014-09-15,V2H,none,0,Solved,R2.2,2026-10-01 14:07:45,0.893592176520428,0.860162273045321,0.177906778894656,0.164368515703033,0.0469681666667297,14.0245946502068,4.69411026107271,9.33048438913409,11.3724279835389,4.26983333333907,64.4120370370353,57.1393518518338,25.7648148148141,22.8557407407335,36.4066979166189,79.7730955678566,57.1393518518338,89.9999999999979,1.63576166500867e-11,1.45362163319128e-12,0,0,0,4.44089209850063e-16,8.5265128291212e-13,0,8.4,2.8651754,0.0018614,1,"",0.893592176520427,0,PROJECT_ROOT\Round2_revision\runs_certified\uncapped_43686_V2H.mat
uncapped_43686_V2G,43686,2014-09-15,V2G,none,0,Solved,R2.2,2026-10-01 14:07:48,0.437094693187106,0.860162273045275,0.821076095561341,0.164368515703157,0.233640000000015,14.0245946502059,21.6642769277399,-7.63968227753399,11.3724279835397,21.2400000000013,64.4120370370353,9.99999999999572,25.7648148148141,3.99999999999829,36.4066979166189,79.7730955679043,9.99999999999572,89.9999999999995,7.32497396072063e-13,2.14887138819537e-13,0,0,0,5.55111512312578e-17,2.1316282072803e-13,0,8.4,3.0539693,0.0016152,1,"",0.437094693187106,0,PROJECT_ROOT\Round2_revision\runs_certified\uncapped_43686_V2G.mat
uncapped_43687_V2H,43687,2014-09-16,V2H,none,0,Solved,R2.2,2026-10-01 14:07:51,0.66830947466595,0.709663623045127,0.263653424470183,0.196913109424281,0.0253861666667239,12.7777613168725,6.95655473536102,5.82120658151146,11.3724279835399,2.30783333333853,64.4120370370353,62.5893518518374,25.7648148148141,25.0357407407349,36.4066979166189,85.8775046167041,62.5893518518374,90,1.01030295240889e-13,2.53846297384728e-14,0,0,0,4.44089209850063e-16,1.4210854715202e-14,0,8.4,3.0186484,0.0013525,1,"",0.66830947466595,0,PROJECT_ROOT\Round2_revision\runs_certified\uncapped_43687_V2H.mat
uncapped_43687_V2G,43687,2014-09-16,V2G,none,0,Solved,R2.2,2026-10-01 14:07:55,0.159034191332759,0.709663623045126,0.981182541136648,0.196913109424281,0.233639999999999,12.7777613168725,25.8887214020224,-13.1109600851499,11.3724279835399,21.2399999999999,64.4120370370353,10.0000000000002,25.7648148148141,4.00000000000009,36.4066979166189,85.877504616824,10.0000000000002,90,1.15407683409785e-13,2.36639555114681e-14,1.13686837721616e-13,0,0,9.99200722162641e-16,1.4210854715202e-14,0,8.4,3.5861909,0.0014182,1,"",0.159034191332758,0,PROJECT_ROOT\Round2_revision\runs_certified\uncapped_43687_V2G.mat
uncapped_43689_V2H,43689,2014-09-18,V2H,none,0,Solved,R2.2,2026-10-01 14:07:58,1.29297566829699,1.30252210337874,0.194688520498539,0.176695918750125,0.00844616666666595,16.2846246502071,5.1369002770063,11.1477243732007,11.3724279835399,0.767833333333269,64.4120370370353,56.3671296296298,25.7648148148141,22.5468518518519,36.4066979166189,95.0000000000004,56.3671296296298,90,6.68021193916957e-13,1.17024590686123e-13,0,0,0,8.88178419700125e-16,1.4210854715202e-14,0,12.6,3.108274,0.0010744,1,"",1.29297566829699,0,PROJECT_ROOT\Round2_revision\runs_certified\uncapped_43689_V2H.mat
uncapped_43689_V2G,43689,2014-09-18,V2G,none,0,Solved,R2.2,2026-10-01 14:08:01,0.843956384963614,1.30252210337871,0.827321637165226,0.176695918750125,0.19206,16.2846246502069,21.8290669436735,-5.54444229346662,11.3724279835399,17.46,64.4120370370353,10.0000000000001,25.7648148148141,4.00000000000004,36.4066979166189,95.0000000000005,10.0000000000001,90,1.54057322454548e-13,2.9305675629397e-14,4.54747350886464e-13,0,0,6.66133814775094e-16,0,0,12.6,2.9585125,0.0017038,1,"",0.843956384963613,0,PROJECT_ROOT\Round2_revision\runs_certified\uncapped_43689_V2G.mat
uncapped_43690_V2H,43690,2014-09-19,V2H,none,0,Solved,R2.2,2026-10-01 14:08:04,1.09494279045489,1.04880980886993,0.181518270498576,0.193758418750142,0.033892833333396,15.7960599639928,4.78940027700728,11.0066596869855,11.7251028806589,3.08116666667236,64.4120370370353,64.7347222222057,25.7648148148141,25.8938888888823,36.4066979166189,95.0000000000051,64.4120370370353,90.7935185185178,1.04954933632939e-12,5.35937690371121e-13,0,0,0,0,1.12976294985856e-12,0,7,3.029498,0.0013277,1,"",1.09494279045489,0,PROJECT_ROOT\Round2_revision\runs_certified\uncapped_43690_V2H.mat
uncapped_43690_V2G,43690,2014-09-19,V2G,none,0,Solved,R2.2,2026-10-01 14:08:08,0.56489174045487,1.04880980886994,0.928318820498539,0.193758418750137,0.250642333333332,15.7960599639927,24.4939002770063,-8.69784031301362,11.7251028806592,22.7856666666665,64.4120370370353,10.0000000000003,25.7648148148141,4.00000000000014,36.4066979166189,95.0000000000028,10.0000000000003,90.7935185185185,6.63136212608606e-13,1.0329630985521e-13,0,0,0,2.22044604925031e-16,0,0,7,3.7153608,0.0013209,1,"",0.56489174045487,0,PROJECT_ROOT\Round2_revision\runs_certified\uncapped_43690_V2G.mat
uncapped_43691_V2H,43691,2014-09-20,V2H,none,0,FAILED: CVX status Failed; objective NaN,R2.2,2026-10-01 14:08:11,NaN,NaN,NaN,NaN,NaN,NaN,NaN,NaN,NaN,NaN,NaN,NaN,NaN,NaN,NaN,NaN,NaN,NaN,NaN,NaN,NaN,NaN,NaN,NaN,NaN,NaN,NaN,NaN,NaN,0,"Error using solveRound2 (line 128)
CVX status Failed; objective NaN

Error in runRound2Case (line 17)
    R=solveRound2(cfg,I,regime,mode,cap);status=R.solver.status;
      ^^^^^^^^^^^^^^^^^^^^^^^^^^^^^^^^^^
Error in run_round2_principal (line 17)
        [row,~]=runRound2Case(cfg,inputs{n},reg,""none"",false,""uncapped_""+days.DayID(n)+""_""+reg,out);
                ^^^^^^^^^^^^^^^^^^^^^^^^^^^^^^^^^^^^^^^^^^^^^^^^^^^^^^^^^^^^^^^^^^^^^^^^^^^^^^^^^^^",NaN,NaN,PROJECT_ROOT\Round2_revision\runs_certified\uncapped_43691_V2H.mat
uncapped_43691_V2G,43691,2014-09-20,V2G,none,0,FAILED: CVX status Failed; objective NaN,R2.2,2026-10-01 14:08:13,NaN,NaN,NaN,NaN,NaN,NaN,NaN,NaN,NaN,NaN,NaN,NaN,NaN,NaN,NaN,NaN,NaN,NaN,NaN,NaN,NaN,NaN,NaN,NaN,NaN,NaN,NaN,NaN,NaN,0,"Error using solveRound2 (line 128)
CVX status Failed; objective NaN

Error in runRound2Case (line 17)
    R=solveRound2(cfg,I,regime,mode,cap);status=R.solver.status;
      ^^^^^^^^^^^^^^^^^^^^^^^^^^^^^^^^^^
Error in run_round2_principal (line 17)
        [row,~]=runRound2Case(cfg,inputs{n},reg,""none"",false,""uncapped_""+days.DayID(n)+""_""+reg,out);
                ^^^^^^^^^^^^^^^^^^^^^^^^^^^^^^^^^^^^^^^^^^^^^^^^^^^^^^^^^^^^^^^^^^^^^^^^^^^^^^^^^^^",NaN,NaN,PROJECT_ROOT\Round2_revision\runs_certified\uncapped_43691_V2G.mat
uncapped_43692_V2H,43692,2014-09-21,V2H,none,0,FAILED: CVX status Failed; objective NaN,R2.2,2026-10-01 14:08:16,NaN,NaN,NaN,NaN,NaN,NaN,NaN,NaN,NaN,NaN,NaN,NaN,NaN,NaN,NaN,NaN,NaN,NaN,NaN,NaN,NaN,NaN,NaN,NaN,NaN,NaN,NaN,NaN,NaN,0,"Error using solveRound2 (line 128)
CVX status Failed; objective NaN

Error in runRound2Case (line 17)
    R=solveRound2(cfg,I,regime,mode,cap);status=R.solver.status;
      ^^^^^^^^^^^^^^^^^^^^^^^^^^^^^^^^^^
Error in run_round2_principal (line 17)
        [row,~]=runRound2Case(cfg,inputs{n},reg,""none"",false,""uncapped_""+days.DayID(n)+""_""+reg,out);
                ^^^^^^^^^^^^^^^^^^^^^^^^^^^^^^^^^^^^^^^^^^^^^^^^^^^^^^^^^^^^^^^^^^^^^^^^^^^^^^^^^^^",NaN,NaN,PROJECT_ROOT\Round2_revision\runs_certified\uncapped_43692_V2H.mat
uncapped_43692_V2G,43692,2014-09-21,V2G,none,0,FAILED: CVX status Failed; objective NaN,R2.2,2026-10-01 14:08:19,NaN,NaN,NaN,NaN,NaN,NaN,NaN,NaN,NaN,NaN,NaN,NaN,NaN,NaN,NaN,NaN,NaN,NaN,NaN,NaN,NaN,NaN,NaN,NaN,NaN,NaN,NaN,NaN,NaN,0,"Error using solveRound2 (line 128)
CVX status Failed; objective NaN

Error in runRound2Case (line 17)
    R=solveRound2(cfg,I,regime,mode,cap);status=R.solver.status;
      ^^^^^^^^^^^^^^^^^^^^^^^^^^^^^^^^^^
Error in run_round2_principal (line 17)
        [row,~]=runRound2Case(cfg,inputs{n},reg,""none"",false,""uncapped_""+days.DayID(n)+""_""+reg,out);
                ^^^^^^^^^^^^^^^^^^^^^^^^^^^^^^^^^^^^^^^^^^^^^^^^^^^^^^^^^^^^^^^^^^^^^^^^^^^^^^^^^^^",NaN,NaN,PROJECT_ROOT\Round2_revision\runs_certified\uncapped_43692_V2G.mat
uncapped_43693_V2H,43693,2014-09-22,V2H,none,0,Solved,R2.2,2026-10-01 14:08:21,0.700556371180789,0.716064206378633,0.224477231787462,0.164468896589553,0.044500500000066,12.8052613168733,5.92288210521009,6.88237921166318,11.3724279835389,4.045500000006,64.4120370370353,57.7624999999812,25.7648148148141,23.1049999999925,36.4066979166189,93.0111495845085,57.7624999999812,89.9999999999979,1.6314415096641e-11,1.45667819939772e-12,0,0,0,2.22044604925031e-16,8.5265128291212e-13,0,8.4,2.2948883,0.0009891,1,"",0.70055637118079,0,PROJECT_ROOT\Round2_revision\runs_certified\uncapped_43693_V2H.mat
uncapped_43693_V2G,43693,2014-09-22,V2G,none,0,Solved,R2.2,2026-10-01 14:08:23,0.238024321180732,0.716064206378627,0.876148781787431,0.164468896589537,0.233639999999999,12.8052613168731,23.1173821052092,-10.3121207883361,11.3724279835399,21.2399999999999,64.4120370370353,10.0000000000003,25.7648148148141,4.00000000000014,36.4066979166189,93.0111495845026,10.0000000000003,90,6.7212901910807e-13,1.18321245897535e-13,0,0,0,6.38378239159465e-16,0,0,8.4,2.2685692,0.000882,1,"",0.238024321180732,0,PROJECT_ROOT\Round2_revision\runs_certified\uncapped_43693_V2G.mat
uncapped_43695_V2H,43695,2014-09-24,V2H,none,0,Solved,R2.2,2026-10-01 14:08:26,0.7156895845927,0.738105573045163,0.186792407202353,0.126375085416477,0.0380013333334119,13.708261316872,4.9285595567903,8.77970176008172,11.3724279835399,3.45466666667381,64.4120370370353,62.9037037036838,25.7648148148141,25.1614814814735,36.4066979166189,85.0124999998794,62.9037037036838,90,3.13901682424955e-11,2.69333680000183e-12,0,0,0,2.22044604925031e-16,1.4210854715202e-14,0,7,2.0315059,0.001122,1,"",0.715689584592699,0,PROJECT_ROOT\Round2_revision\runs_certified\uncapped_43695_V2H.mat
uncapped_43695_V2G,43695,2014-09-24,V2G,none,0,Solved,R2.2,2026-10-01 14:08:28,0.203370117926621,0.738105573045298,0.908610540535469,0.126375085416794,0.247499999999998,13.7082613168731,23.9738928901179,-10.2656315732448,11.3724279835399,22.4999999999998,64.4120370370353,10.0000000000004,25.7648148148141,4.00000000000017,36.4066979166189,85.0125000000013,10.0000000000004,90,1.9417800700694e-13,2.96889330369857e-14,0,0,0,1.66533453693773e-16,0,0,7,2.0580845,0.0007792,1,"",0.203370117926621,0,PROJECT_ROOT\Round2_revision\runs_certified\uncapped_43695_V2G.mat
uncapped_43696_V2H,43696,2014-09-25,V2H,none,0,FAILED: CVX status Failed; objective NaN,R2.2,2026-10-01 14:08:29,NaN,NaN,NaN,NaN,NaN,NaN,NaN,NaN,NaN,NaN,NaN,NaN,NaN,NaN,NaN,NaN,NaN,NaN,NaN,NaN,NaN,NaN,NaN,NaN,NaN,NaN,NaN,NaN,NaN,0,"Error using solveRound2 (line 128)
CVX status Failed; objective NaN

Error in runRound2Case (line 17)
    R=solveRound2(cfg,I,regime,mode,cap);status=R.solver.status;
      ^^^^^^^^^^^^^^^^^^^^^^^^^^^^^^^^^^
Error in run_round2_principal (line 17)
        [row,~]=runRound2Case(cfg,inputs{n},reg,""none"",false,""uncapped_""+days.DayID(n)+""_""+reg,out);
                ^^^^^^^^^^^^^^^^^^^^^^^^^^^^^^^^^^^^^^^^^^^^^^^^^^^^^^^^^^^^^^^^^^^^^^^^^^^^^^^^^^^",NaN,NaN,PROJECT_ROOT\Round2_revision\runs_certified\uncapped_43696_V2H.mat
uncapped_43696_V2G,43696,2014-09-25,V2G,none,0,FAILED: CVX status Failed; objective NaN,R2.2,2026-10-01 14:08:32,NaN,NaN,NaN,NaN,NaN,NaN,NaN,NaN,NaN,NaN,NaN,NaN,NaN,NaN,NaN,NaN,NaN,NaN,NaN,NaN,NaN,NaN,NaN,NaN,NaN,NaN,NaN,NaN,NaN,0,"Error using solveRound2 (line 128)
CVX status Failed; objective NaN

Error in runRound2Case (line 17)
    R=solveRound2(cfg,I,regime,mode,cap);status=R.solver.status;
      ^^^^^^^^^^^^^^^^^^^^^^^^^^^^^^^^^^
Error in run_round2_principal (line 17)
        [row,~]=runRound2Case(cfg,inputs{n},reg,""none"",false,""uncapped_""+days.DayID(n)+""_""+reg,out);
                ^^^^^^^^^^^^^^^^^^^^^^^^^^^^^^^^^^^^^^^^^^^^^^^^^^^^^^^^^^^^^^^^^^^^^^^^^^^^^^^^^^^",NaN,NaN,PROJECT_ROOT\Round2_revision\runs_certified\uncapped_43696_V2G.mat
uncapped_43697_V2H,43697,2014-09-26,V2H,none,0,FAILED: CVX status Failed; objective NaN,R2.2,2026-10-01 14:08:33,NaN,NaN,NaN,NaN,NaN,NaN,NaN,NaN,NaN,NaN,NaN,NaN,NaN,NaN,NaN,NaN,NaN,NaN,NaN,NaN,NaN,NaN,NaN,NaN,NaN,NaN,NaN,NaN,NaN,0,"Error using solveRound2 (line 128)
CVX status Failed; objective NaN

Error in runRound2Case (line 17)
    R=solveRound2(cfg,I,regime,mode,cap);status=R.solver.status;
      ^^^^^^^^^^^^^^^^^^^^^^^^^^^^^^^^^^
Error in run_round2_principal (line 17)
        [row,~]=runRound2Case(cfg,inputs{n},reg,""none"",false,""uncapped_""+days.DayID(n)+""_""+reg,out);
                ^^^^^^^^^^^^^^^^^^^^^^^^^^^^^^^^^^^^^^^^^^^^^^^^^^^^^^^^^^^^^^^^^^^^^^^^^^^^^^^^^^^",NaN,NaN,PROJECT_ROOT\Round2_revision\runs_certified\uncapped_43697_V2H.mat
uncapped_43697_V2G,43697,2014-09-26,V2G,none,0,FAILED: CVX status Failed; objective NaN,R2.2,2026-10-01 14:08:35,NaN,NaN,NaN,NaN,NaN,NaN,NaN,NaN,NaN,NaN,NaN,NaN,NaN,NaN,NaN,NaN,NaN,NaN,NaN,NaN,NaN,NaN,NaN,NaN,NaN,NaN,NaN,NaN,NaN,0,"Error using solveRound2 (line 128)
CVX status Failed; objective NaN

Error in runRound2Case (line 17)
    R=solveRound2(cfg,I,regime,mode,cap);status=R.solver.status;
      ^^^^^^^^^^^^^^^^^^^^^^^^^^^^^^^^^^
Error in run_round2_principal (line 17)
        [row,~]=runRound2Case(cfg,inputs{n},reg,""none"",false,""uncapped_""+days.DayID(n)+""_""+reg,out);
                ^^^^^^^^^^^^^^^^^^^^^^^^^^^^^^^^^^^^^^^^^^^^^^^^^^^^^^^^^^^^^^^^^^^^^^^^^^^^^^^^^^^",NaN,NaN,PROJECT_ROOT\Round2_revision\runs_certified\uncapped_43697_V2G.mat
uncapped_43698_V2H,43698,2014-09-27,V2H,none,0,Solved,R2.2,2026-10-01 14:08:37,1.57369937178215,1.4231246735305,0.0588043871652038,0.177508418750141,0.0318706666667165,17.0383084207823,1.55156694367292,15.4867414771094,11.4652263374505,2.89733333333786,64.4120370370353,54.1606481481382,25.7648148148141,21.6642592592553,36.4066979166189,95.0000000000066,54.1606481481382,90.0000000000016,1.05049302590032e-12,5.44489519130739e-13,0,0,0,4.44089209850063e-16,6.3948846218409e-13,0,11.2,2.1320329,0.0008716,1,"",1.57369937178215,0,PROJECT_ROOT\Round2_revision\runs_certified\uncapped_43698_V2H.mat
uncapped_43698_V2G,43698,2014-09-27,V2G,none,0,Solved,R2.2,2026-10-01 14:08:40,1.14604765511537,1.42312467353038,0.661332270498511,0.177508418750167,0.206746833333331,17.0383084207825,17.4494002770056,-0.411091856223038,11.4652263374493,18.7951666666665,64.4120370370353,10.0000000000004,25.7648148148141,4.00000000000015,36.4066979166189,95.0000000000017,10.0000000000004,89.9999999999999,5.45063993939721e-13,1.48592039892654e-13,0,0,0,1.11022302462516e-15,4.2632564145606e-14,0,11.2,2.152791,0.0012721,1,"",1.14604765511537,0,PROJECT_ROOT\Round2_revision\runs_certified\uncapped_43698_V2G.mat
uncapped_43700_V2H,43700,2014-09-29,V2H,none,0,FAILED: CVX status Failed; objective NaN,R2.2,2026-10-01 14:08:41,NaN,NaN,NaN,NaN,NaN,NaN,NaN,NaN,NaN,NaN,NaN,NaN,NaN,NaN,NaN,NaN,NaN,NaN,NaN,NaN,NaN,NaN,NaN,NaN,NaN,NaN,NaN,NaN,NaN,0,"Error using solveRound2 (line 128)
CVX status Failed; objective NaN

Error in runRound2Case (line 17)
    R=solveRound2(cfg,I,regime,mode,cap);status=R.solver.status;
      ^^^^^^^^^^^^^^^^^^^^^^^^^^^^^^^^^^
Error in run_round2_principal (line 17)
        [row,~]=runRound2Case(cfg,inputs{n},reg,""none"",false,""uncapped_""+days.DayID(n)+""_""+reg,out);
                ^^^^^^^^^^^^^^^^^^^^^^^^^^^^^^^^^^^^^^^^^^^^^^^^^^^^^^^^^^^^^^^^^^^^^^^^^^^^^^^^^^^",NaN,NaN,PROJECT_ROOT\Round2_revision\runs_certified\uncapped_43700_V2H.mat
uncapped_43700_V2G,43700,2014-09-29,V2G,none,0,FAILED: CVX status Failed; objective NaN,R2.2,2026-10-01 14:08:44,NaN,NaN,NaN,NaN,NaN,NaN,NaN,NaN,NaN,NaN,NaN,NaN,NaN,NaN,NaN,NaN,NaN,NaN,NaN,NaN,NaN,NaN,NaN,NaN,NaN,NaN,NaN,NaN,NaN,0,"Error using solveRound2 (line 128)
CVX status Failed; objective NaN

Error in runRound2Case (line 17)
    R=solveRound2(cfg,I,regime,mode,cap);status=R.solver.status;
      ^^^^^^^^^^^^^^^^^^^^^^^^^^^^^^^^^^
Error in run_round2_principal (line 17)
        [row,~]=runRound2Case(cfg,inputs{n},reg,""none"",false,""uncapped_""+days.DayID(n)+""_""+reg,out);
                ^^^^^^^^^^^^^^^^^^^^^^^^^^^^^^^^^^^^^^^^^^^^^^^^^^^^^^^^^^^^^^^^^^^^^^^^^^^^^^^^^^^",NaN,NaN,PROJECT_ROOT\Round2_revision\runs_certified\uncapped_43700_V2G.mat
uncapped_43701_V2H,43701,2014-09-30,V2H,none,0,FAILED: CVX status Failed; objective NaN,R2.2,2026-10-01 14:08:45,NaN,NaN,NaN,NaN,NaN,NaN,NaN,NaN,NaN,NaN,NaN,NaN,NaN,NaN,NaN,NaN,NaN,NaN,NaN,NaN,NaN,NaN,NaN,NaN,NaN,NaN,NaN,NaN,NaN,0,"Error using solveRound2 (line 128)
CVX status Failed; objective NaN

Error in runRound2Case (line 17)
    R=solveRound2(cfg,I,regime,mode,cap);status=R.solver.status;
      ^^^^^^^^^^^^^^^^^^^^^^^^^^^^^^^^^^
Error in run_round2_principal (line 17)
        [row,~]=runRound2Case(cfg,inputs{n},reg,""none"",false,""uncapped_""+days.DayID(n)+""_""+reg,out);
                ^^^^^^^^^^^^^^^^^^^^^^^^^^^^^^^^^^^^^^^^^^^^^^^^^^^^^^^^^^^^^^^^^^^^^^^^^^^^^^^^^^^",NaN,NaN,PROJECT_ROOT\Round2_revision\runs_certified\uncapped_43701_V2H.mat
uncapped_43701_V2G,43701,2014-09-30,V2G,none,0,FAILED: CVX status Failed; objective NaN,R2.2,2026-10-01 14:08:47,NaN,NaN,NaN,NaN,NaN,NaN,NaN,NaN,NaN,NaN,NaN,NaN,NaN,NaN,NaN,NaN,NaN,NaN,NaN,NaN,NaN,NaN,NaN,NaN,NaN,NaN,NaN,NaN,NaN,0,"Error using solveRound2 (line 128)
CVX status Failed; objective NaN

Error in runRound2Case (line 17)
    R=solveRound2(cfg,I,regime,mode,cap);status=R.solver.status;
      ^^^^^^^^^^^^^^^^^^^^^^^^^^^^^^^^^^
Error in run_round2_principal (line 17)
        [row,~]=runRound2Case(cfg,inputs{n},reg,""none"",false,""uncapped_""+days.DayID(n)+""_""+reg,out);
                ^^^^^^^^^^^^^^^^^^^^^^^^^^^^^^^^^^^^^^^^^^^^^^^^^^^^^^^^^^^^^^^^^^^^^^^^^^^^^^^^^^^",NaN,NaN,PROJECT_ROOT\Round2_revision\runs_certified\uncapped_43701_V2G.mat
uncapped_43702_V2H,43702,2014-10-01,V2H,none,0,FAILED: CVX status Failed; objective NaN,R2.2,2026-10-01 14:08:49,NaN,NaN,NaN,NaN,NaN,NaN,NaN,NaN,NaN,NaN,NaN,NaN,NaN,NaN,NaN,NaN,NaN,NaN,NaN,NaN,NaN,NaN,NaN,NaN,NaN,NaN,NaN,NaN,NaN,0,"Error using solveRound2 (line 128)
CVX status Failed; objective NaN

Error in runRound2Case (line 17)
    R=solveRound2(cfg,I,regime,mode,cap);status=R.solver.status;
      ^^^^^^^^^^^^^^^^^^^^^^^^^^^^^^^^^^
Error in run_round2_principal (line 17)
        [row,~]=runRound2Case(cfg,inputs{n},reg,""none"",false,""uncapped_""+days.DayID(n)+""_""+reg,out);
                ^^^^^^^^^^^^^^^^^^^^^^^^^^^^^^^^^^^^^^^^^^^^^^^^^^^^^^^^^^^^^^^^^^^^^^^^^^^^^^^^^^^",NaN,NaN,PROJECT_ROOT\Round2_revision\runs_certified\uncapped_43702_V2H.mat
uncapped_43702_V2G,43702,2014-10-01,V2G,none,0,FAILED: CVX status Failed; objective NaN,R2.2,2026-10-01 14:08:51,NaN,NaN,NaN,NaN,NaN,NaN,NaN,NaN,NaN,NaN,NaN,NaN,NaN,NaN,NaN,NaN,NaN,NaN,NaN,NaN,NaN,NaN,NaN,NaN,NaN,NaN,NaN,NaN,NaN,0,"Error using solveRound2 (line 128)
CVX status Failed; objective NaN

Error in runRound2Case (line 17)
    R=solveRound2(cfg,I,regime,mode,cap);status=R.solver.status;
      ^^^^^^^^^^^^^^^^^^^^^^^^^^^^^^^^^^
Error in run_round2_principal (line 17)
        [row,~]=runRound2Case(cfg,inputs{n},reg,""none"",false,""uncapped_""+days.DayID(n)+""_""+reg,out);
                ^^^^^^^^^^^^^^^^^^^^^^^^^^^^^^^^^^^^^^^^^^^^^^^^^^^^^^^^^^^^^^^^^^^^^^^^^^^^^^^^^^^",NaN,NaN,PROJECT_ROOT\Round2_revision\runs_certified\uncapped_43702_V2G.mat
principal_none_43593_V2H,43593,2014-06-14,V2H,none,1,Solved,R2.2,2026-10-01 14:08:53,0.526257131400806,0.631982192798372,0.195209146814369,0.0803009187501249,0.00918316666667868,12.4945329218113,5.15063711911264,7.34389580269863,11.4273662551448,0.834833333334426,64.4120370370353,59.8046296296265,25.7648148148141,23.9218518518506,36.4066979166189,67.2916666666669,59.8046296296265,89.9999999999999,7.21089854494039e-14,2.44547590814796e-14,0,0,0,6.66133814775094e-16,2.8421709430404e-14,0,11.2,2.0025353,0.0023659,1,"",0.526257131400805,0,PROJECT_ROOT\Round2_revision\runs_certified\principal_none_43593_V2H.mat
principal_none_43593_V2G,43593,2014-06-14,V2G,none,1,Solved,R2.2,2026-10-01 14:08:56,0.0439490980675138,0.631982192798384,0.874743513480993,0.0803009187501249,0.206409499999998,12.4945329218113,23.0803037857782,-10.5857708639669,11.4273662551448,18.7644999999998,64.4120370370353,10.0000000000004,25.7648148148141,4.00000000000014,36.4066979166189,67.2916666666669,10.0000000000004,89.9999999999999,1.62231339473351e-13,2.66235494249621e-14,0,0,0,4.57966997657877e-16,4.9737991503207e-14,0,11.2,2.2577239,0.0007175,1,"",0.0439490980675143,0,PROJECT_ROOT\Round2_revision\runs_certified\principal_none_43593_V2G.mat
principal_none_43594_V2H,43594,2014-06-15,V2H,none,1,Solved,R2.2,2026-10-01 14:08:58,0.543604096112219,0.63257973152902,0.154676216666715,0.042657414583208,0.0230431666667063,12.4050659418354,4.08116666666793,8.32389927516748,11.3941810699594,2.09483333333693,64.4120370370353,59.7299629629524,25.7648148148141,23.891985185181,20.0000000000004,36.4066979166189,59.7299629629524,89.9999999999992,1.04137531931059e-12,4.48133750596799e-13,0,0,0,3.33066907387547e-16,2.98427949019242e-13,0,9.8,1.9862028,0.001719,1,"",0.543604096112219,0,PROJECT_ROOT\Round2_revision\runs_certified\principal_none_43594_V2H.mat
principal_none_43594_V2G,43594,2014-06-15,V2G,none,1,Solved,R2.2,2026-10-01 14:09:00,0.0616335794454684,0.632163231528962,0.833143066666723,0.0426574145832312,0.219955999999998,12.4033992751677,21.9826666666681,-9.5792673915004,11.3921810699582,19.9959999999998,64.4120370370353,9.99999999999727,25.7648148148141,3.99999999999891,19.9999999999915,36.4066979166189,9.99999999999727,89.9999999999968,6.81676937119846e-13,2.30589083778519e-13,0,0,0,1.94289029309402e-16,1.26476606965298e-12,0,9.8,2.1429349,0.0010068,1,"",0.0616335794454686,0,PROJECT_ROOT\Round2_revision\runs_certified\principal_none_43594_V2G.mat
principal_none_43595_V2H,43595,2014-06-16,V2H,none,1,Solved,R2.2,2026-10-01 14:09:02,0.491140079416515,0.64156183971205,0.176247633333409,0.0185457063712085,0.00728016666666517,12.8455946502081,4.65033333333534,8.19526131687279,11.3740946502056,0.661833333333197,64.4120370370353,67.1653240740723,25.7648148148141,26.8661296296289,29.2737339276925,36.4066979166189,64.4120370370353,89.9999999999979,7.64430185817844e-13,2.96279486501877e-13,0,0,0,5.55111512312578e-17,8.5265128291212e-13,0,8.4,2.2073938,0.0012954,1,"",0.491140079416515,0,PROJECT_ROOT\Round2_revision\runs_certified\principal_none_43595_V2H.mat
principal_none_43595_V2G,43595,2014-06-16,V2G,none,1,Solved,R2.2,2026-10-01 14:09:04,-0.0630764372501378,0.640853789712077,0.956115933333421,0.0185457063712085,0.233639999999999,12.8427613168753,25.2273333333357,-12.3845720164604,11.3724279835397,21.2399999999999,64.4120370370353,9.99999999999983,25.7648148148141,3.99999999999993,29.2737339276925,36.4066979166189,9.99999999999983,89.9999999999995,1.34189881428881e-12,2.85581126062369e-13,0,0,0,2.91433543964104e-16,1.98951966012828e-13,0,8.4,2.0842603,0.0008585,1,"",-0.0630764372501375,0,PROJECT_ROOT\Round2_revision\runs_certified\principal_none_43595_V2G.mat
principal_none_43597_V2H,43597,2014-06-18,V2H,none,1,Solved,R2.2,2026-10-01 14:09:07,0.273575800433207,0.582077102516672,0.369000716666673,0.0426574145832098,0.0178419999999987,11.6381461887501,9.73616666666684,1.90197952208321,11.3754279835399,1.62199999999989,64.4120370370353,68.0011944444448,25.7648148148141,27.2004777777779,19.9999999999997,36.4066979166189,64.4120370370353,90,7.43294314986542e-14,2.34780735993745e-14,0,0,0,7.21644966006352e-16,0,0,7,2.204588,0.0006528,1,"",0.273575800433207,0,PROJECT_ROOT\Round2_revision\runs_certified\principal_none_43597_V2H.mat
principal_none_43597_V2G,43597,2014-06-18,V2G,none,1,Solved,R2.2,2026-10-01 14:09:09,-0.288292766233579,0.581877269183305,1.1603274500001,0.0426574145832173,0.247499999999998,11.6364795220824,30.6155000000026,-18.9790204779202,11.3724279835396,22.4999999999998,64.4120370370353,9.99999999999975,25.7648148148141,3.9999999999999,19.9999999999968,36.4066979166189,9.99999999999975,89.9999999999993,1.93530608205705e-12,2.93035684315144e-13,0,0,0,6.10622663543836e-16,2.8421709430404e-13,0,7,2.1855373,0.0011295,1,"",-0.288292766233578,0,PROJECT_ROOT\Round2_revision\runs_certified\principal_none_43597_V2G.mat
principal_none_43598_V2H,43598,2014-06-19,V2H,none,1,Solved,R2.2,2026-10-01 14:09:11,0.565097409934248,0.692397437017725,0.174030483333352,0.0428529562498759,0.00387749999999915,12.5724553450002,4.59183333333383,7.98062201166632,11.3724279835399,0.352499999999923,64.4120370370353,57.5208333333335,25.7648148148141,23.0083333333334,19.9999999999999,36.4066979166189,57.5208333333335,90,2.55018228756398e-13,3.89318755586251e-14,4.54747350886464e-13,0,0,2.22044604925031e-16,0,0,12.6,2.1398543,0.0008738,1,"",0.565097409934248,0,PROJECT_ROOT\Round2_revision\runs_certified\principal_none_43598_V2H.mat
principal_none_43598_V2G,43598,2014-06-19,V2G,none,1,Solved,R2.2,2026-10-01 14:09:13,0.104905659934338,0.692397437017865,0.822404733333399,0.0428529562498729,0.19206,12.5724553450025,21.6993333333351,-9.1268779883326,11.3724279835399,17.46,64.4120370370353,10.0000000000001,25.7648148148141,4.00000000000004,20.0000000000011,36.4066979166189,10.0000000000001,90,6.32563446067991e-13,2.62460402617552e-13,0,0,0,2.77555756156289e-17,0,0,12.6,2.0463038,0.0007775,1,"",0.104905659934338,0,PROJECT_ROOT\Round2_revision\runs_certified\principal_none_43598_V2G.mat
principal_none_43599_V2H,43599,2014-06-20,V2H,none,1,Solved,R2.2,2026-10-01 14:09:15,0.291222783766566,0.56732650251672,0.324057633333405,0.0426574145832017,0.0052965000000491,11.2608128554171,8.55033333333522,2.71047952208191,11.377261316873,0.481500000004464,64.4120370370353,71.1733749999871,25.7648148148141,28.4693499999948,20.0000000000028,36.4066979166189,64.4120370370353,89.9999999999995,1.04864728012188e-12,5.05317551331172e-13,0,0,0,3.33066907387547e-16,1.91846538655227e-13,0,7,2.1344714,0.0008863,1,"",0.291222783766566,0,PROJECT_ROOT\Round2_revision\runs_certified\principal_none_43599_V2H.mat
principal_none_43599_V2G,43599,2014-06-20,V2G,none,1,Solved,R2.2,2026-10-01 14:09:18,-0.302106049566804,0.56632690251674,1.15859036666674,0.0426574145832011,0.247499999999998,11.2568128554177,30.5696666666687,-19.312853811251,11.3724279835406,22.4999999999998,64.4120370370353,10.0000000000021,25.7648148148141,4.00000000000084,20.0000000000031,36.4066979166189,10.0000000000021,90.0000000000017,6.5403238380668e-13,1.78957316587024e-13,0,0,0,5.55111512312578e-17,6.67910171614494e-13,0,7,2.2855586,0.0010979,1,"",-0.302106049566804,0,PROJECT_ROOT\Round2_revision\runs_certified\principal_none_43599_V2G.mat
principal_none_43600_V2H,43600,2014-06-21,V2H,none,1,Solved,R2.2,2026-10-01 14:09:20,-0.0508317884506437,0.414049973045204,0.479220233333393,0.00695013850416384,0.00738833333338119,8.29759465020449,12.6443333333349,-4.34673868313041,11.3724279835398,0.671666666671018,64.4120370370353,60.134259259247,25.7648148148141,24.0537037036988,33.7335677227097,36.4066979166189,60.134259259247,89.9999999999998,1.04319330951341e-12,4.66930224943121e-13,0,0,0,4.85722573273506e-17,7.105427357601e-14,0,11.2,2.0468346,0.0008136,1,"",-0.0508317884506437,0,PROJECT_ROOT\Round2_revision\runs_certified\principal_none_43600_V2H.mat
principal_none_43600_V2G,43600,2014-06-21,V2G,none,1,Solved,R2.2,2026-10-01 14:09:22,-0.536331955117364,0.414049973045187,1.16325206666672,0.00695013850417339,0.205919999999998,8.29759465020415,30.6926666666681,-22.395072016464,11.3724279835395,18.7199999999998,64.4120370370353,9.99999999999968,25.7648148148141,3.99999999999987,33.733567722706,36.4066979166189,9.99999999999968,89.9999999999992,6.40293373876943e-13,2.09176829088715e-13,0,0,0,4.44089209850063e-16,3.26849658449646e-13,0,11.2,2.1688593,0.0007707,1,"",-0.536331955117363,0,PROJECT_ROOT\Round2_revision\runs_certified\principal_none_43600_V2G.mat
principal_none_43602_V2H,43602,2014-06-23,V2H,none,1,Solved,R2.2,2026-10-01 14:09:25,0.213477186502154,0.597460746918938,0.413804833333336,0.0218976062498816,0.0079236666666699,11.8258746658332,10.9183333333334,0.907541332499771,11.3740946502065,0.720333333333628,64.4120370370353,67.0028240740732,25.7648148148141,26.8011296296293,28.149999999998,36.4066979166189,64.4120370370353,90,1.10952913523477e-13,2.39175191473034e-14,0,0,0,3.51940698806175e-14,1.4210854715202e-14,0,8.4,2.3232941,0.001301,1,"",0.213477186502118,0,PROJECT_ROOT\Round2_revision\runs_certified\principal_none_43602_V2H.mat
principal_none_43602_V2G,43602,2014-06-23,V2G,none,1,Solved,R2.2,2026-10-01 14:09:27,-0.338989013497853,0.596960946918945,1.19148756666667,0.0218976062498746,0.233639999999999,11.8238746658332,31.4376666666668,-19.6137920008336,11.3724279835399,21.2399999999999,64.4120370370353,10.0000000000003,25.7648148148141,4.00000000000013,28.1500000000007,36.4066979166189,10.0000000000003,90,2.24639751245093e-13,3.0257161629732e-14,0,0,0,6.66133814775094e-16,7.105427357601e-15,0,8.4,2.2213548,0.0015146,1,"",-0.338989013497852,0,PROJECT_ROOT\Round2_revision\runs_certified\principal_none_43602_V2G.mat
principal_none_43603_V2H,43603,2014-06-24,V2H,none,1,Solved,R2.2,2026-10-01 14:09:29,0.270342490727558,0.579052639711816,0.35173095000001,0.0334783010157527,0.00954249999999997,11.6042613168725,9.28050000000027,2.32376131687226,11.3724279835399,0.867499999999997,64.4120370370353,66.5902777777778,25.7648148148141,26.6361111111111,23.5304282951755,36.4066979166189,64.4120370370353,90,2.45137243837235e-13,3.0754977410477e-14,0,0,0,1.01030295240889e-14,0,0,8.4,2.0783386,0.0008788,1,"",0.270342490727548,0,PROJECT_ROOT\Round2_revision\runs_certified\principal_none_43603_V2H.mat
principal_none_43603_V2G,43603,2014-06-24,V2G,none,1,Solved,R2.2,2026-10-01 14:09:31,-0.277677759272422,0.579052639711939,1.12384870000011,0.0334783010157465,0.233640000000003,11.6042613168725,29.6530000000029,-18.0487386831304,11.3724279835398,21.2400000000002,64.4120370370353,9.99999999999906,25.7648148148141,3.99999999999963,23.5304282951779,36.4066979166189,9.99999999999906,89.9999999999997,1.39345479599484e-12,2.81548812791912e-13,0,0,0,8.32667268468867e-16,9.9475983006414e-14,0,8.4,2.0850206,0.0006729,1,"",-0.277677759272421,0,PROJECT_ROOT\Round2_revision\runs_certified\principal_none_43603_V2G.mat
principal_none_43604_V2H,43604,2014-06-25,V2H,none,1,Solved,R2.2,2026-10-01 14:09:33,0.143788513442218,0.581181706378561,0.451016316666753,0.00690212373038376,0.00672100000002692,11.6469279835383,11.900166666669,-0.253238683130652,11.37242798354,0.611000000002448,64.4120370370353,70.8027777777711,25.7648148148141,28.3211111111085,33.7520349433943,36.4066979166189,64.4120370370353,90.0000000000002,1.02501340748518e-12,3.73515683633749e-13,0,0,0,0,6.3948846218409e-14,0,7,1.8716363,0.0007348,1,"",0.143788513442218,0,PROJECT_ROOT\Round2_revision\runs_certified\principal_none_43604_V2H.mat
principal_none_43604_V2G,43604,2014-06-25,V2G,none,1,Solved,R2.2,2026-10-01 14:09:35,-0.445025586557841,0.581181706378542,1.28060941666677,0.00690212373038376,0.247499999999998,11.6469279835379,33.7891666666693,-22.1422386831313,11.3724279835398,22.4999999999998,64.4120370370353,10.0000000000003,25.7648148148141,4.0000000000001,33.7520349433943,36.4066979166189,10.0000000000003,89.9999999999997,7.279454816711e-13,2.70548665563116e-13,0,0,0,1.66533453693773e-16,9.9475983006414e-14,0,7,2.1593473,0.0008975,1,"",-0.445025586557841,0,PROJECT_ROOT\Round2_revision\runs_certified\principal_none_43604_V2G.mat
principal_none_43605_V2H,43605,2014-06-26,V2H,none,1,Solved,R2.2,2026-10-01 14:09:37,0.205065477339024,0.575859039711974,0.39206918333334,0.0188097876270552,0.00246583333333423,11.5402613168732,10.3448333333335,1.19542798353973,11.3724279835399,0.224166666666748,64.4120370370353,57.8773148148146,25.7648148148141,23.1509259259258,29.1721642139053,36.4066979166189,57.8773148148146,90,8.17818035514506e-13,1.94145838316667e-13,0,0,0,1.66533453693773e-16,0,0,12.6,2.1303655,0.002343,1,"",0.205065477339024,0,PROJECT_ROOT\Round2_revision\runs_certified\principal_none_43605_V2H.mat
principal_none_43605_V2G,43605,2014-06-26,V2G,none,1,Solved,R2.2,2026-10-01 14:09:40,-0.258578439327751,0.575859039711947,1.04530726666675,0.0188097876270552,0.192059999999999,11.5402613168727,27.5806666666689,-16.0404053497962,11.37242798354,17.46,64.4120370370353,10.0000000000003,25.7648148148141,4.00000000000011,29.1721642139053,36.4066979166189,10.0000000000003,90.0000000000002,6.84854950527836e-13,2.39748044108676e-13,0,0,0,3.88578058618805e-16,7.105427357601e-14,0,12.6,2.0618426,0.000963,1,"",-0.258578439327751,0,PROJECT_ROOT\Round2_revision\runs_certified\principal_none_43605_V2G.mat
principal_none_43606_V2H,43606,2014-06-27,V2H,none,1,Solved,R2.2,2026-10-01 14:09:42,0.242342237495804,0.566893673045211,0.355350400000072,0.0242594644506182,0.00653950000004645,11.3605946502046,9.37600000000189,1.98459465020273,11.3724279835393,0.594500000004222,64.4120370370353,70.8486111110981,25.7648148148141,28.3394444444393,27.0761346663811,36.4066979166189,64.4120370370353,89.9999999999987,1.04499742192843e-12,4.46745968662322e-13,0,0,0,2.4980018054066e-16,5.04485342389671e-13,0,7,2.0917202,0.001035,1,"",0.242342237495804,0,PROJECT_ROOT\Round2_revision\runs_certified\principal_none_43606_V2H.mat
principal_none_43606_V2G,43606,2014-06-27,V2G,none,1,Solved,R2.2,2026-10-01 14:09:44,-0.346915712504101,0.566893673045302,1.18556885000001,0.0242594644506042,0.247499999999999,11.3605946502065,31.2815000000002,-19.9209053497937,11.3724279835399,22.4999999999999,64.4120370370353,10.0000000000003,25.7648148148141,4.00000000000013,27.0761346663865,36.4066979166189,10.0000000000003,90,1.3404555243568e-13,2.35364113686661e-14,0,0,0,3.88578058618805e-16,0,0,7,2.1853536,0.0009723,1,"",-0.346915712504102,0,PROJECT_ROOT\Round2_revision\runs_certified\principal_none_43606_V2G.mat
principal_none_43608_V2H,43608,2014-06-29,V2H,none,1,Solved,R2.2,2026-10-01 14:09:47,0.300701981091434,0.488309983174595,0.233369250000068,0.0426574145835477,0.00310383333335936,9.70831079779774,6.15750000000179,3.55081079779595,11.4925925925935,0.282166666669033,64.4120370370353,64.9865740740677,25.7648148148141,25.9946296296271,19.9999999998698,36.4066979166189,64.4120370370353,89.9999999999999,1.05046527032471e-12,4.48288419676466e-13,0,0,0,1.11022302462516e-16,5.6843418860808e-14,0,9.8,2.491728,0.0011527,1,"",0.300701981091434,0,PROJECT_ROOT\Round2_revision\runs_certified\principal_none_43608_V2H.mat
principal_none_43608_V2G,43608,2014-06-29,V2G,none,1,Solved,R2.2,2026-10-01 14:09:49,-0.231788002241644,0.488309983175127,0.983606066666662,0.0426574145832267,0.220850666666665,9.70831079780267,25.9526666666665,-16.2443558688639,11.492592592593,20.0773333333331,64.4120370370353,9.99999999999971,25.7648148148141,3.99999999999988,19.9999999999932,36.4066979166189,9.99999999999971,89.9999999999992,6.79394041025461e-13,2.62087899114693e-13,0,0,0,2.77555756156289e-16,3.26849658449646e-13,0,9.8,2.1898566,0.0008021,1,"",-0.231788002241644,0,PROJECT_ROOT\Round2_revision\runs_certified\principal_none_43608_V2G.mat
principal_none_43609_V2H,43609,2014-06-30,V2H,none,1,Solved,R2.2,2026-10-01 14:09:51,0.198132385845392,0.578796906378637,0.386510516666672,0.000829996133429017,0.00501599999999855,11.5949279835399,10.1981666666668,1.39676131687305,11.3724279835399,0.455999999999868,64.4120370370353,67.7333333333337,25.7648148148141,27.0933333333335,36.1626769678641,36.4066979166189,64.4120370370353,90,5.08204589522165e-14,2.10784473258977e-14,0,0,0,8.32667268468867e-17,1.4210854715202e-14,0,8.4,2.07875,0.0009774,1,"",0.198132385845392,0,PROJECT_ROOT\Round2_revision\runs_certified\principal_none_43609_V2H.mat
principal_none_43609_V2G,43609,2014-06-30,V2G,none,1,Solved,R2.2,2026-10-01 14:09:53,-0.360957214154608,0.578796906378634,1.17422411666667,0.000829996133431048,0.233639999999999,11.5949279835398,30.9821666666668,-19.387238683127,11.3724279835399,21.2399999999999,64.4120370370353,10.0000000000003,25.7648148148141,4.00000000000013,36.1626769678633,36.4066979166189,10.0000000000003,90,4.82280881897168e-13,6.60129442245023e-14,0,0,0,7.21644966006352e-16,0,0,8.4,2.227765,0.0008162,1,"",-0.360957214154608,0,PROJECT_ROOT\Round2_revision\runs_certified\principal_none_43609_V2G.mat
principal_none_43610_V2H,43610,2014-07-01,V2H,none,1,Solved,R2.2,2026-10-01 14:09:55,0.221944710395258,0.579751239711974,0.38339008333334,0.019133887349959,0.00644966666666539,11.6182613168732,10.1158333333335,1.5024279835397,11.3724279835399,0.586333333333217,64.4120370370353,67.3712962962966,25.7648148148141,26.9485185185186,29.047510474327,36.4066979166189,64.4120370370353,90,1.05628006341618e-12,1.30386241403903e-13,0,0,0,2.4980018054066e-16,1.4210854715202e-14,0,8.4,2.0322738,0.0007829,1,"",0.221944710395257,0,PROJECT_ROOT\Round2_revision\runs_certified\principal_none_43610_V2H.mat
principal_none_43610_V2G,43610,2014-07-01,V2G,none,1,Solved,R2.2,2026-10-01 14:09:58,-0.333638922938135,0.579751239711991,1.1661640500001,0.019133887349959,0.233640000000012,11.6182613168736,30.7695000000026,-19.151238683129,11.3724279835398,21.2400000000011,64.4120370370353,9.99999999999678,25.7648148148141,3.99999999999871,29.047510474327,36.4066979166189,9.99999999999678,89.9999999999997,6.90204837727748e-13,2.7874171828209e-13,0,0,0,3.33066907387547e-16,9.9475983006414e-14,0,8.4,2.1077275,0.0007389,1,"",-0.333638922938135,0,PROJECT_ROOT\Round2_revision\runs_certified\principal_none_43610_V2G.mat
principal_none_43611_V2H,43611,2014-07-02,V2H,none,1,Solved,R2.2,2026-10-01 14:10:00,0.0116443559630046,0.579344723045241,0.615616016666757,0.0286528162511543,0.0192628333333665,11.6000946502052,16.243166666669,-4.64307201646381,11.3740946502065,1.75116666666968,64.4120370370353,67.6393981481397,25.7648148148141,27.0557592592559,25.3863839738672,36.4066979166189,64.4120370370353,90,1.04727337912891e-12,4.01162401215977e-13,0,0,0,1.50920942409982e-16,0,0,7,2.1193874,0.001286,1,"",0.0116443559630044,0,PROJECT_ROOT\Round2_revision\runs_certified\principal_none_43611_V2H.mat
principal_none_43611_V2G,43611,2014-07-02,V2G,none,1,Solved,R2.2,2026-10-01 14:10:02,-0.547092427370379,0.578719973045274,1.40196521666682,0.0286528162511543,0.247500000000013,11.5975946502059,36.9911666666707,-25.3935720164648,11.3724279835393,22.5000000000012,64.4120370370353,9.99999999999541,25.7648148148141,3.99999999999816,25.3863839738672,36.4066979166189,9.99999999999541,89.9999999999988,3.60377006014545e-12,3.48206847761717e-13,0,0,0,1.11022302462516e-16,4.9737991503207e-13,0,7,2.0667134,0.000976,1,"",-0.547092427370379,0,PROJECT_ROOT\Round2_revision\runs_certified\principal_none_43611_V2G.mat
principal_none_43613_V2H,43613,2014-07-04,V2H,none,1,Solved,R2.2,2026-10-01 14:10:04,-0.097513973815305,0.576312306378658,0.676394983333395,0.00066020313942746,0.00190850000000413,11.5409279835409,17.846833333335,-6.30590534979405,11.3767613168729,0.173500000000376,64.4120370370353,72.0278055555537,25.7648148148141,28.8111222222215,36.1527736322237,36.4066979166189,64.4120370370353,89.9999999999992,1.02409053459596e-12,2.84625679473123e-13,0,0,0,1.66533453693773e-16,3.12638803734444e-13,0,7,2.035489,0.0008528,1,"",-0.0975139738153049,0,PROJECT_ROOT\Round2_revision\runs_certified\principal_none_43613_V2H.mat
principal_none_43613_V2G,43613,2014-07-04,V2G,none,1,Solved,R2.2,2026-10-01 14:10:06,-0.698646294802926,0.575830085390986,1.52266408333334,0.000660203139427054,0.247527499999999,11.5396810699596,40.1758333333334,-28.6361522633738,11.375514403293,22.5024999999999,64.4120370370353,10.0000000000004,25.7648148148141,4.00000000000014,36.1527736322238,36.4066979166189,10.0000000000004,90,1.02869102125425e-13,2.19251360087507e-14,0,0,0,4.44089209850063e-16,7.105427357601e-15,0,7,2.157361,0.0007121,1,"",-0.698646294802925,0,PROJECT_ROOT\Round2_revision\runs_certified\principal_none_43613_V2G.mat
principal_none_43614_V2H,43614,2014-07-05,V2H,none,1,Solved,R2.2,2026-10-01 14:10:08,0.437254065900748,0.597710506378559,0.165136616666722,0.0024985095221955,0.00218166666671509,11.9755946502049,4.35716666666812,7.61842798353681,11.3724279835407,0.198333333337736,64.4120370370353,61.4490740740638,25.7648148148141,24.5796296296255,35.5209410491078,36.4066979166189,61.4490740740638,90.0000000000019,1.04773828502047e-12,5.2497228566871e-13,0,0,0,0,7.74491581978509e-13,0,11.2,2.2262786,0.0015397,1,"",0.437254065900748,0,PROJECT_ROOT\Round2_revision\runs_certified\principal_none_43614_V2H.mat
principal_none_43614_V2G,43614,2014-07-05,V2G,none,1,Solved,R2.2,2026-10-01 14:10:11,-0.0609787674325803,0.59771050637857,0.867107783333336,0.00249850952218823,0.205919999999998,11.9755946502061,22.8788333333334,-10.9032386831273,11.3724279835398,18.7199999999998,64.4120370370353,10.0000000000003,25.7648148148141,4.00000000000013,35.5209410491106,36.4066979166189,10.0000000000003,89.9999999999999,4.70179450928754e-14,2.08622765553969e-14,0,0,0,2.0122792321331e-16,5.6843418860808e-14,0,11.2,2.2449192,0.0008382,1,"",-0.0609787674325805,0,PROJECT_ROOT\Round2_revision\runs_certified\principal_none_43614_V2G.mat
principal_none_43615_V2H,43615,2014-07-06,V2H,none,1,Solved,R2.2,2026-10-01 14:10:13,0.258349283848656,0.601233189711945,0.352653183333408,0.00902677747010713,0.000742500000011498,12.0487613168726,9.3048333333353,2.74392798353734,11.3724279835392,0.0675000000010453,64.4120370370353,65.3124999999956,25.7648148148141,26.1249999999982,32.9348604281161,36.4066979166189,64.4120370370353,89.9999999999985,1.02409053459596e-12,4.32017108340716e-13,0,0,0,0,5.96855898038484e-13,0,9.8,2.0927308,0.0008032,1,"",0.258349283848656,0,PROJECT_ROOT\Round2_revision\runs_certified\principal_none_43615_V2H.mat
principal_none_43615_V2G,43615,2014-07-06,V2G,none,1,Solved,R2.2,2026-10-01 14:10:15,-0.277296966151271,0.601233189711988,1.10733693333336,0.00902677747010713,0.219779999999997,12.0487613168735,29.2173333333341,-17.1685720164606,11.3724279835393,19.9799999999997,64.4120370370353,9.99999999999928,25.7648148148141,3.99999999999971,32.9348604281161,36.4066979166189,9.99999999999928,89.9999999999986,7.85392584301547e-13,3.1723526502919e-13,0,0,0,1.66533453693773e-16,5.6843418860808e-13,0,9.8,2.1112786,0.0008749,1,"",-0.277296966151271,0,PROJECT_ROOT\Round2_revision\runs_certified\principal_none_43615_V2G.mat
principal_none_43616_V2H,43616,2014-07-07,V2H,none,1,Solved,R2.2,2026-10-01 14:10:17,0.0597806230452897,0.577896623045317,0.523588500000076,0,0.00547250000004894,11.5810946502068,13.815000000002,-2.23390534979526,11.3724279835399,0.497500000004449,64.4120370370353,67.6180555555432,25.7648148148141,27.0472222222173,36.4066979166189,36.4066979166189,64.4120370370353,90,1.04410230461482e-12,4.82952883081532e-13,0,0,0,5.55111512312578e-17,0,0,8.4,2.0468266,0.0007024,1,"",0.0597806230452897,0,PROJECT_ROOT\Round2_revision\runs_certified\principal_none_43616_V2H.mat
principal_none_43616_V2G,43616,2014-07-07,V2G,none,1,Solved,R2.2,2026-10-01 14:10:19,-0.498192626954702,0.577896623045304,1.30972925,0,0.233639999999999,11.5810946502065,34.5575000000001,-22.9764053497936,11.3724279835399,21.2399999999999,64.4120370370353,10.0000000000004,25.7648148148141,4.00000000000015,36.4066979166189,36.4066979166189,10.0000000000004,90,5.62883073484954e-14,2.25432777242317e-14,0,0,0,3.33066907387547e-16,0,0,8.4,2.1267305,0.0010828,1,"",-0.498192626954702,0,PROJECT_ROOT\Round2_revision\runs_certified\principal_none_43616_V2G.mat
principal_none_43617_V2H,43617,2014-07-08,V2H,none,1,Solved,R2.2,2026-10-01 14:10:22,0.31374821021063,0.581314773045332,0.310710516666734,0.036683287165318,0.00646066666671421,11.6495946502071,8.19816666666845,3.4514279835386,11.3724279835433,0.587333333337655,64.4120370370353,67.3685185185141,25.7648148148141,26.9474074074056,22.2977413145735,36.4066979166189,64.4120370370353,90.0000000000076,1.04864728012188e-12,5.65382223474258e-13,0,0,0,5.55111512312578e-17,3.03401748169563e-12,0,8.4,2.2321289,0.0011212,1,"",0.31374821021063,0,PROJECT_ROOT\Round2_revision\runs_certified\principal_none_43617_V2H.mat
principal_none_43617_V2G,43617,2014-07-08,V2G,none,1,Solved,R2.2,2026-10-01 14:10:24,-0.241808523122853,0.581314773045162,1.09344658333334,0.0366832871653245,0.233639999999999,11.6495946502059,28.8508333333335,-17.2012386831275,11.3724279835399,21.2399999999999,64.4120370370353,10.0000000000002,25.7648148148141,4.00000000000009,22.297741314571,36.4066979166189,10.0000000000002,90,5.33739719088544e-14,2.06354629453734e-14,0,0,0,7.7715611723761e-16,1.4210854715202e-14,0,8.4,2.049808,0.0008608,1,"",-0.241808523122852,0,PROJECT_ROOT\Round2_revision\runs_certified\principal_none_43617_V2G.mat
principal_none_43619_V2H,43619,2014-07-10,V2H,none,1,Solved,R2.2,2026-10-01 14:10:26,1.00493287922905,0.838739189933902,0,0.163762689295124,0.0024310000000283,15.0584005998776,0,15.0584005998776,11.3724279835412,0.221000000002573,64.4120370370353,57.8861111111069,25.7648148148141,23.1544444444428,36.4066979166189,93.5568925727645,57.8861111111069,90.0000000000029,1.04410230461482e-12,4.131838969296e-13,0,0,0,4.44089209850063e-16,1.17950094136177e-12,0,12.6,2.1600975,0.0011251,1,"",1.00493287922905,0,PROJECT_ROOT\Round2_revision\runs_certified\principal_none_43619_V2H.mat
principal_none_43619_V2G,43619,2014-07-10,V2G,none,1,Solved,R2.2,2026-10-01 14:10:28,0.541203779228913,0.838739189933837,0.653358100000002,0.163762689295079,0.19206,15.0584005998763,17.239,-2.18059940012374,11.3724279835393,17.46,64.4120370370353,9.99999999999888,25.7648148148141,3.99999999999955,36.4066979166189,93.556892572747,9.99999999999888,89.9999999999988,3.75520448070432e-12,4.03746876589677e-13,0,0,0,4.44089209850063e-16,4.90274487674469e-13,0,12.6,2.1348601,0.0007946,1,"",0.541203779228914,0,PROJECT_ROOT\Round2_revision\runs_certified\principal_none_43619_V2G.mat
principal_none_43620_V2H,43620,2014-07-11,V2H,none,1,Solved,R2.2,2026-10-01 14:10:30,1.44753148319916,1.25944073111566,0,0.15234258541678,0.0357481666667173,16.5598342908949,0,16.5598342908949,11.5179012345684,3.24983333333793,64.4120370370353,63.7999999999864,25.7648148148141,25.5199999999946,36.4066979166189,94.9999999999959,63.7999999999864,90.3273148148141,1.004345218103e-11,9.47508960387591e-13,0,0,0,4.44089209850063e-16,2.70006239588838e-13,0,7,2.1447317,0.0007933,1,"",1.44753148319916,0,PROJECT_ROOT\Round2_revision\runs_certified\principal_none_43620_V2H.mat
principal_none_43620_V2G,43620,2014-07-11,V2G,none,1,Solved,R2.2,2026-10-01 14:10:33,0.926532283199176,1.25944073111572,0.734047200000001,0.152342585416792,0.248796166666665,16.5598342908959,19.368,-2.80816570910411,11.5179012345687,22.6178333333332,64.4120370370353,10.0000000000003,25.7648148148141,4.00000000000014,36.4066979166189,95.0000000000005,10.0000000000003,90.3273148148148,4.33847402447896e-13,6.56769292085219e-14,0,0,0,4.44089209850063e-16,0,0,7,2.2840737,0.0008468,1,"",0.926532283199177,0,PROJECT_ROOT\Round2_revision\runs_certified\principal_none_43620_V2G.mat
principal_none_43621_V2H,43621,2014-07-12,V2H,none,1,Solved,R2.2,2026-10-01 14:10:35,1.26445600833396,1.11899824341569,0.0679256538318943,0.152342585416796,0.0610408333333736,15.4611872427988,1.79223361034022,13.6689536324586,11.5816872427994,5.54916666667033,64.4120370370353,47.0564814814719,25.7648148148141,18.8225925925887,36.4066979166189,95.000000000002,47.0564814814719,89.9999999999999,1.04594111149936e-12,4.89904149599463e-13,0,0,0,0,5.6843418860808e-14,0,11.2,2.0902317,0.0007429,1,"",1.26445600833396,0,PROJECT_ROOT\Round2_revision\runs_certified\principal_none_43621_V2H.mat
principal_none_43621_V2G,43621,2014-07-12,V2G,none,1,Solved,R2.2,2026-10-01 14:10:37,0.905479156482111,1.11890652489718,0.573587453831873,0.15234258541681,0.207817499999998,15.4635576131695,15.1342336103397,0.32932400282985,11.5853909465028,18.8924999999998,64.4120370370353,10.0000000000004,25.7648148148141,4.00000000000014,36.4066979166189,95.0000000000012,10.0000000000004,89.9999999999999,7.15538739370913e-14,2.2211557133142e-14,4.54747350886464e-13,0,0,4.44089209850063e-16,4.9737991503207e-14,0,11.2,2.0979571,0.0007506,1,"",0.905479156482111,0,PROJECT_ROOT\Round2_revision\runs_certified\principal_none_43621_V2G.mat
principal_none_43622_V2H,43622,2014-07-13,V2H,none,1,Solved,R2.2,2026-10-01 14:10:39,1.28018936577685,1.21300634958838,0.0810640973908907,0.100932446912657,0.0473146666667037,17.8850637860061,2.13889439026097,15.7461693957451,11.4082304526745,4.3013333333367,64.4120370370353,53.6324074073953,25.7648148148141,21.4529629629581,36.0791562500086,55.5759244863889,53.6324074073953,89.9999999999973,1.1198958427272e-12,5.35232907188819e-13,0,0,0,2.22044604925031e-16,1.06581410364015e-12,0,9.8,2.1192543,0.00096,1,"",1.28018936577685,0,PROJECT_ROOT\Round2_revision\runs_certified\principal_none_43622_V2H.mat
principal_none_43622_V2G,43622,2014-07-13,V2G,none,1,Solved,R2.2,2026-10-01 14:10:42,0.857531717217217,1.21300883436214,0.676548897390912,0.100932446912652,0.220139333333336,17.8902572016458,17.8508943902615,0.039362811384251,11.4127572016467,20.0126666666669,64.4120370370353,9.9999999999989,25.7648148148141,3.99999999999956,36.2333333333397,55.73010156972,9.9999999999989,90.0000000000001,5.28466159721575e-13,1.87371553641626e-13,0,0,0,3.33066907387547e-16,5.6843418860808e-14,0,9.8,2.1300288,0.0009006,1,"",0.857531717217217,0,PROJECT_ROOT\Round2_revision\runs_certified\principal_none_43622_V2G.mat
principal_none_43624_V2H,43624,2014-07-15,V2H,none,1,Solved,R2.2,2026-10-01 14:10:44,0.72951966462137,0.974914056378641,0.382881866370801,0.114726641280154,0.0227608333333763,15.4067613168732,10.1024239147969,5.30433740207637,11.3724279835399,2.06916666667057,64.4120370370353,63.2523148148039,25.7648148148141,25.3009259259216,30.6708333332482,55.6015812556871,63.2523148148039,90,8.4909856923332e-13,1.10098174994067e-13,4.54747350886464e-13,0,0,5.88418203051333e-15,1.4210854715202e-14,0,8.4,2.1280978,0.0007084,1,"",0.729519664621365,0,PROJECT_ROOT\Round2_revision\runs_certified\principal_none_43624_V2H.mat
principal_none_43624_V2G,43624,2014-07-15,V2G,none,1,Solved,R2.2,2026-10-01 14:10:46,0.213824247954659,0.974914056378618,1.1094564497041,0.114726641280138,0.233640000000007,15.4067613168727,29.2732572481294,-13.8664959312567,11.3724279835397,21.2400000000007,64.4120370370353,9.99999999999763,25.7648148148141,3.99999999999905,28.6439687500006,53.5747166724382,9.99999999999763,89.9999999999995,1.35777500354095e-12,2.02377899870835e-13,0,0,0,5.55111512312578e-17,2.1316282072803e-13,0,8.4,2.1376549,0.0009478,1,"",0.213824247954659,0,PROJECT_ROOT\Round2_revision\runs_certified\principal_none_43624_V2G.mat
principal_none_43625_V2H,43625,2014-07-16,V2H,none,1,Solved,R2.2,2026-10-01 14:10:48,0.461806965341082,0.830802973045305,0.422403426454431,0.0255059187501478,0.0279015000000602,13.9842613168732,11.1452091412778,2.83905217559534,11.3724279835399,2.53650000000547,64.4120370370353,65.4541666666514,25.7648148148141,26.1816666666606,36.4066979166189,46.2166666666707,64.4120370370353,90,1.00774943945225e-12,8.68462680102752e-14,0,0,0,4.44089209850063e-16,1.4210854715202e-14,0,7,2.1159327,0.0007784,1,"",0.461806965341082,0,PROJECT_ROOT\Round2_revision\runs_certified\principal_none_43625_V2H.mat
principal_none_43625_V2G,43625,2014-07-16,V2G,none,1,Solved,R2.2,2026-10-01 14:10:50,-0.0752111846588037,0.830802973045328,1.17902007645427,0.0255059187501311,0.247500000000004,13.9842613168735,31.1087091412735,-17.1244478244,11.3724279835399,22.5000000000004,64.4120370370353,9.99999999999899,25.7648148148141,3.9999999999996,36.4066979166189,46.2166666666693,9.99999999999899,90,6.60298205001908e-13,2.39754142547148e-13,0,0,0,4.16333634234434e-16,0,0,7,2.2288499,0.0012842,1,"",-0.0752111846588041,0,PROJECT_ROOT\Round2_revision\runs_certified\principal_none_43625_V2G.mat
principal_none_43626_V2H,43626,2014-07-17,V2H,none,1,Solved,R2.2,2026-10-01 14:10:53,0.4263226493109,0.734478723045312,0.491667979557612,0.171800572489841,0.0117113333333594,12.8100946502067,12.9727699091718,-0.162675258965076,11.3724279835389,1.06466666666904,64.4120370370353,55.5425925925838,25.7648148148141,22.2170370370335,19.9999999999975,61.2419205909699,55.5425925925838,89.9999999999978,1.73134839798195e-11,1.49522564829936e-12,0,0,0,5.55111512312578e-17,8.73967564984923e-13,0,12.6,2.1947827,0.0009827,1,"",0.4263226493109,0,PROJECT_ROOT\Round2_revision\runs_certified\principal_none_43626_V2H.mat
principal_none_43626_V2G,43626,2014-07-17,V2G,none,1,Solved,R2.2,2026-10-01 14:10:55,-0.0147118173557349,0.734478723045298,1.11305111289088,0.171800572489848,0.19206,12.8100946502064,29.3681032425034,-16.558008592297,11.3724279835399,17.46,64.4120370370353,10.0000000000001,25.7648148148141,4.00000000000004,19.9999999999998,52.6083478474196,10.0000000000001,90,6.50757225884036e-13,1.40035443022172e-13,0,0,0,3.85108611666851e-16,7.105427357601e-15,0,12.6,2.0097076,0.0010366,1,"",-0.0147118173557353,0,PROJECT_ROOT\Round2_revision\runs_certified\principal_none_43626_V2G.mat
principal_none_43627_V2H,43627,2014-07-18,V2H,none,1,Solved,R2.2,2026-10-01 14:10:57,0.133734952282442,0.607374353086457,0.502320148732103,0.0031974145946969,0.0254833333333906,11.992271604939,13.2538297818497,-1.26155817691064,11.4049382716057,2.31666666667187,64.4120370370353,66.1379629629484,25.7648148148141,26.4551851851794,36.4066979166189,37.5349030469725,64.4120370370353,89.9999999999999,2.85459433868596e-11,2.38632395697174e-12,0,0,0,5.55111512312578e-17,3.5527136788005e-14,0,7,2.3231135,0.0016022,1,"",0.133734952282442,0,PROJECT_ROOT\Round2_revision\runs_certified\principal_none_43627_V2H.mat
principal_none_43627_V2G,43627,2014-07-18,V2G,none,1,Solved,R2.2,2026-10-01 14:11:00,-0.409905081050436,0.607374353086455,1.26826651539857,0.00319741459501314,0.247789666666665,11.992271604939,33.4634964485111,-21.4712248435721,11.4049382716057,22.5263333333332,64.4120370370353,10.0000000000003,25.7648148148141,4.00000000000014,36.4066979166189,37.5349030470941,10.0000000000003,90,5.48228129559902e-13,6.07536742937849e-14,0,0,0,8.32667268468867e-16,0,0,7,2.4010749,0.0007781,1,"",-0.409905081050435,0,PROJECT_ROOT\Round2_revision\runs_certified\principal_none_43627_V2G.mat
principal_none_43629_V2H,43629,2014-07-20,V2H,none,1,Solved,R2.2,2026-10-01 14:11:02,1.18167947129633,1.01752687304495,0.0508074871653032,0.152342585416637,0.0626175000000516,14.6952613168717,1.34056694367554,13.3546943731962,11.3724279835398,5.69250000000469,64.4120370370353,49.6874999999868,25.7648148148141,19.8749999999947,36.4066979166189,94.999999999941,49.6874999999868,89.9999999999998,1.57791557597875e-11,1.52901733426383e-12,0,0,0,4.44089209850063e-16,7.105427357601e-14,0,9.8,2.1481016,0.0009027,1,"",1.18167947129633,0,PROJECT_ROOT\Round2_revision\runs_certified\principal_none_43629_V2H.mat
principal_none_43629_V2G,43629,2014-07-20,V2G,none,1,Solved,R2.2,2026-10-01 14:11:04,0.797345721296922,1.01752687304533,0.592303737165202,0.152342585416799,0.219779999999998,14.6952613168732,15.6280669436729,-0.932805626799687,11.3724279835398,19.9799999999998,64.4120370370353,10.0000000000003,25.7648148148141,4.00000000000014,36.4066979166189,95.0000000000005,10.0000000000003,89.9999999999998,7.01771973865561e-13,6.20925309423582e-14,4.54747350886464e-13,0,0,5.32907051820075e-15,8.5265128291212e-14,0,9.8,2.4354987,0.0009619,1,"",0.797345721296917,0,PROJECT_ROOT\Round2_revision\runs_certified\principal_none_43629_V2G.mat
principal_none_43630_V2H,43630,2014-07-21,V2H,none,1,Solved,R2.2,2026-10-01 14:11:07,0.654020412411703,0.703089423045311,0.277443242864555,0.17682639889755,0.0515478333333968,14.0030946502065,7.32040218639986,6.68269246380669,11.3724279835398,4.68616666667244,64.4120370370353,55.9828703703542,25.7648148148141,22.3931481481417,36.4066979166189,77.4087277526436,55.9828703703542,89.9999999999999,3.47441519998881e-11,2.89914622694597e-12,0,0,0,1.11022302462516e-16,4.9737991503207e-14,0,8.4,2.2305579,0.0008212,1,"",0.654020412411703,0,PROJECT_ROOT\Round2_revision\runs_certified\principal_none_43630_V2H.mat
principal_none_43630_V2G,43630,2014-07-21,V2G,none,1,Solved,R2.2,2026-10-01 14:11:09,0.208368962411794,0.702672923045289,0.904770359531199,0.176826398897705,0.233639999999999,14.0014279835394,23.8725688530659,-9.87114086952649,11.3724279835397,21.2399999999999,64.4120370370353,9.99999999999969,25.7648148148141,3.99999999999988,36.4066979166189,77.4500923360363,9.99999999999969,89.9999999999995,1.16496395863308e-12,2.11559987889732e-13,0,0,0,1.94289029309402e-16,2.1316282072803e-13,0,8.4,2.162721,0.0009694,1,"",0.208368962411794,0,PROJECT_ROOT\Round2_revision\runs_certified\principal_none_43630_V2G.mat
principal_none_43631_V2H,43631,2014-07-22,V2H,none,1,Solved,R2.2,2026-10-01 14:11:11,0.498433965184637,0.854891623045291,0.448758490737981,0.0691018328772723,0.0231990000000549,13.3310946502065,11.8405934231657,1.49050122704078,11.3724279835399,2.109000000005,64.4120370370353,63.1416666666528,25.7648148148141,25.2566666666611,20.9707291665521,37.9651629731118,63.1416666666528,90,2.80419021336797e-11,2.34658554392115e-12,0,0,0,2.77555756156289e-16,1.4210854715202e-14,0,8.4,2.1104691,0.0008192,1,"",0.498433965184637,0,PROJECT_ROOT\Round2_revision\runs_certified\principal_none_43631_V2H.mat
principal_none_43631_V2G,43631,2014-07-22,V2G,none,1,Solved,R2.2,2026-10-01 14:11:13,-0.0168259348150317,0.854141923045339,1.1737096907379,0.0691018328775219,0.233640000000003,13.3280946502072,30.9685934231635,-17.6404987729563,11.3724279835394,21.2400000000002,64.4120370370353,9.9999999999983,25.7648148148141,3.99999999999932,21.0083333333135,41.9963296398742,9.9999999999983,89.9999999999989,2.72929595590554e-12,3.64681791166632e-13,0,0,0,6.03683769639929e-16,4.19220214098459e-13,0,8.4,2.1938549,0.0010183,1,"",-0.0168259348150323,0,PROJECT_ROOT\Round2_revision\runs_certified\principal_none_43631_V2G.mat
principal_none_43632_V2H,43632,2014-07-23,V2H,none,1,Solved,R2.2,2026-10-01 14:11:16,0.368545467099857,0.817645352516689,0.528970300000082,0.0426574145831957,0.0372130000000535,13.8556461887503,13.9570000000022,-0.101353811251878,11.372427983539,3.38300000000487,64.4120370370353,63.1027777777622,25.7648148148141,25.2411111111049,20.0000000000051,36.4066979166189,63.1027777777622,89.9999999999979,1.54908863514436e-11,1.37644444347414e-12,0,0,0,3.88578058618805e-16,8.31335000839317e-13,0,7,2.1417705,0.0007791,1,"",0.368545467099857,0,PROJECT_ROOT\Round2_revision\runs_certified\principal_none_43632_V2H.mat
principal_none_43632_V2G,43632,2014-07-23,V2G,none,1,Solved,R2.2,2026-10-01 14:11:18,-0.145701832900141,0.817645352516661,1.25350460000001,0.0426574145832077,0.247499999999998,13.8556461887499,33.0740000000002,-19.2183538112503,11.3724279835399,22.4999999999999,64.4120370370353,10.0000000000004,25.7648148148141,4.00000000000017,20.0000000000005,36.4066979166189,10.0000000000004,90,1.62786450985664e-13,3.72502842161784e-14,0,0,0,3.05311331771918e-16,7.105427357601e-15,0,7,1.9294495,0.0010491,1,"",-0.145701832900141,0,PROJECT_ROOT\Round2_revision\runs_certified\principal_none_43632_V2G.mat
principal_none_43633_V2H,43633,2014-07-24,V2H,none,1,Solved,R2.2,2026-10-01 14:11:20,0.327924187981067,0.831591056378509,0.548382459354498,0.0312222576237229,0.0134933333333326,13.920094650206,14.4691941782189,-0.54909952801295,11.3724279835399,1.2266666666666,64.4120370370353,55.0925925925927,25.7648148148141,22.0370370370371,34.2416666666666,41.3284626038972,55.0925925925927,90,5.78981307342019e-14,2.37251947046809e-14,0,0,0,3.88578058618805e-16,1.4210854715202e-14,0,12.6,2.1180861,0.0035267,1,"",0.327924187981067,0,PROJECT_ROOT\Round2_revision\runs_certified\principal_none_43633_V2H.mat
principal_none_43633_V2G,43633,2014-07-24,V2G,none,1,Solved,R2.2,2026-10-01 14:11:22,-0.1087524786856,0.831591056378509,1.16362579268783,0.0312222576237229,0.19206,13.920094650206,30.7025275115523,-16.7824328613463,11.3724279835399,17.46,64.4120370370353,10.0000000000001,25.7648148148141,4.00000000000004,34.2416666666666,41.3284626038972,10.0000000000001,90,5.78981307342019e-14,2.32139970664135e-14,0,0,0,1.19348975147204e-15,7.105427357601e-15,0,12.6,2.0679672,0.0009069,1,"",-0.108752478685599,0,PROJECT_ROOT\Round2_revision\runs_certified\principal_none_43633_V2G.mat
principal_none_43635_V2H,43635,2014-07-26,V2H,none,1,Solved,R2.2,2026-10-01 14:11:24,0.951966845186379,0.892000186093408,0.176092751716337,0.19801957747593,0.0380398333333771,11.7204929744835,4.64624674713289,7.07424622735062,11.6689300411521,3.45816666667065,64.4120370370353,53.0611111110978,25.7648148148141,21.2244444444391,36.4066979166189,95.0000000000059,53.0611111110978,89.9999999999971,1.04499742192843e-12,4.63910190239645e-13,0,0,0,1.11022302462516e-16,1.15818465928896e-12,0,11.2,1.9913407,0.001061,1,"",0.951966845186379,0,PROJECT_ROOT\Round2_revision\runs_certified\principal_none_43635_V2H.mat
principal_none_43635_V2G,43635,2014-07-26,V2G,none,1,Solved,R2.2,2026-10-01 14:11:26,0.534963045186508,0.892000186093602,0.763618551716339,0.198019577475914,0.208561833333331,11.7204929744867,20.1482467471329,-8.42775377264628,11.668930041153,18.9601666666665,64.4120370370353,10.0000000000004,25.7648148148141,4.00000000000015,36.4066979166189,95.0000000000014,10.0000000000004,89.9999999999999,9.98645610650328e-14,2.42951417743e-14,4.54747350886464e-13,0,0,1.11022302462516e-16,4.2632564145606e-14,0,11.2,2.2053445,0.001509,1,"",0.534963045186508,0,PROJECT_ROOT\Round2_revision\runs_certified\principal_none_43635_V2G.mat
principal_none_43636_V2H,43636,2014-07-27,V2H,none,1,Solved,R2.2,2026-10-01 14:11:28,1.21146034115066,1.06752570679013,0.0928335720166054,0.194097373043747,0.0426708333333833,16.1916975308641,2.44943461785238,13.7422629130117,11.5975308641961,3.87916666667121,64.4120370370353,55.2310185185009,25.7648148148141,22.0924074074004,36.4066979166189,88.2756001846719,55.2310185185009,89.9999999999947,1.04588560034813e-12,5.06243229509555e-13,0,0,0,8.88178419700125e-16,2.1316282072803e-12,0,9.8,1.9966419,0.0007662,1,"",1.21146034115066,0,PROJECT_ROOT\Round2_revision\runs_certified\principal_none_43636_V2H.mat
principal_none_43636_V2G,43636,2014-07-27,V2G,none,1,Solved,R2.2,2026-10-01 14:11:31,0.773443157817362,1.06752570679018,0.709965588683241,0.194097373043757,0.221785666666664,16.191697530865,18.7326012845182,-2.54090375365317,11.5975308641982,20.1623333333331,64.4120370370353,10.0000000000004,25.7648148148141,4.00000000000016,36.4066979166189,88.275600184674,10.0000000000004,89.9999999999998,4.50195436485501e-13,7.7595207522272e-14,0,0,0,1.33226762955019e-15,7.105427357601e-14,0,9.8,2.216001,0.0007468,1,"",0.773443157817364,0,PROJECT_ROOT\Round2_revision\runs_certified\principal_none_43636_V2G.mat
principal_none_43637_V2H,43637,2014-07-28,V2H,none,1,Solved,R2.2,2026-10-01 14:11:33,1.21026150751636,1.09689397304532,0.051226751777011,0.127764452914655,0.0368298333333969,17.1575946502068,1.35162933448578,15.805965315721,11.3724279835389,3.34816666667245,64.4120370370353,59.6995370370188,25.7648148148141,23.8798148148075,36.4066979166189,79.9005193906317,59.6995370370188,89.9999999999979,1.65168434484997e-11,1.4651868624586e-12,0,0,0,6.66133814775094e-16,8.5265128291212e-13,0,8.4,2.1277681,0.0010577,1,"",1.21026150751636,0,PROJECT_ROOT\Round2_revision\runs_certified\principal_none_43637_V2H.mat
principal_none_43637_V2G,43637,2014-07-28,V2G,none,1,Solved,R2.2,2026-10-01 14:11:35,0.728971190849549,1.09689397304527,0.729327235110377,0.127764452914654,0.233639999999999,17.157594650206,19.24346266782,-2.08586801761401,11.3724279835392,21.2399999999999,64.4120370370353,9.99999999999869,25.7648148148141,3.99999999999948,36.4066979166189,79.9005193906314,9.99999999999869,89.9999999999983,8.65807425753928e-13,2.42283440402856e-13,0,0,0,1.11022302462516e-16,6.67910171614494e-13,0,8.4,2.1449889,0.0012957,1,"",0.728971190849549,0,PROJECT_ROOT\Round2_revision\runs_certified\principal_none_43637_V2G.mat
principal_none_43638_V2H,43638,2014-07-29,V2H,none,1,Solved,R2.2,2026-10-01 14:11:37,0.598417156029669,0.848045756378637,0.460350516329129,0.185916915980104,0.024805000000056,13.2897613168731,12.1464516181828,1.14330969869025,11.3724279835392,2.25500000000509,64.4120370370353,62.7361111110954,25.7648148148141,25.0944444444382,20.0000000000005,63.9566020314067,62.7361111110954,89.9999999999985,1.04455333271858e-12,5.1850982920589e-13,0,0,0,7.7715611723761e-16,6.11066752753686e-13,0,8.4,2.1495589,0.0009879,1,"",0.598417156029669,0,PROJECT_ROOT\Round2_revision\runs_certified\principal_none_43638_V2H.mat
principal_none_43638_V2G,43638,2014-07-29,V2G,none,1,Solved,R2.2,2026-10-01 14:11:40,0.0877206560296872,0.848045756378655,1.17988201632908,0.185916915980118,0.233639999999999,13.2897613168736,31.1314516181816,-17.8416903013081,11.37242798354,21.2399999999999,64.4120370370353,10.0000000000005,25.7648148148141,4.0000000000002,20.0000000000057,63.9566020314119,10.0000000000005,90.0000000000003,6.53033183084517e-13,2.6773315489488e-13,0,0,0,1.30451205393456e-15,9.9475983006414e-14,0,8.4,2.1773783,0.0014191,1,"",0.0877206560296885,0,PROJECT_ROOT\Round2_revision\runs_certified\principal_none_43638_V2G.mat
principal_none_43640_V2H,43640,2014-07-31,V2H,none,1,Solved,R2.2,2026-10-01 14:11:42,0.150493715891957,0.61814810637839,0.514282800926477,0.0439389104400202,0.00268950000002408,11.9162613168712,13.569467042915,-1.65320572604381,11.3724279835399,0.244500000002189,64.4120370370353,57.8208333333272,25.7648148148141,23.1283333333309,36.4066979166189,46.1995665108592,57.8208333333272,90,5.66838243010181e-14,2.23077051864382e-14,4.54747350886464e-13,0,0,1.19099174966664e-13,1.4210854715202e-14,0,12.6,2.1735137,0.0009375,1,"",0.150493715891838,0,PROJECT_ROOT\Round2_revision\runs_certified\principal_none_43640_V2H.mat
principal_none_43640_V2G,43640,2014-07-31,V2G,none,1,Solved,R2.2,2026-10-01 14:11:44,-0.312603234107903,0.618148106378646,1.16675025092647,0.0439389104399231,0.19206,11.9162613168732,30.7849670429148,-18.8687057260416,11.3724279835399,17.46,64.4120370370353,10.0000000000001,25.7648148148141,4.00000000000004,36.4066979166189,46.3875873441926,10.0000000000001,90,6.79373224343749e-13,1.13264622468875e-13,0,0,0,7.7715611723761e-16,0,0,12.6,2.2318943,0.0011429,1,"",-0.312603234107902,0,PROJECT_ROOT\Round2_revision\runs_certified\principal_none_43640_V2G.mat
principal_none_43641_V2H,43641,2014-08-01,V2H,none,1,Solved,R2.2,2026-10-01 14:11:46,0.480326250433122,0.8976171025166,0.471690766666733,0.042657414583209,0.0117425000000464,13.821479522082,12.4456666666684,1.37581285541354,11.3724279835398,1.06750000000422,64.4120370370353,69.5347222222104,25.7648148148141,27.8138888888841,20,36.4066979166189,64.4120370370353,89.9999999999999,1.05092323732237e-12,4.36420919375255e-13,0,0,0,2.77555756156289e-16,5.6843418860808e-14,0,7,2.0989632,0.0010821,1,"",0.480326250433123,0,PROJECT_ROOT\Round2_revision\runs_certified\principal_none_43641_V2H.mat
principal_none_43641_V2G,43641,2014-08-01,V2G,none,1,Solved,R2.2,2026-10-01 14:11:48,-0.0962079995668895,0.897617102516641,1.28398251666673,0.042657414583209,0.247499999999992,13.8214795220828,33.8781666666684,-20.0566871445856,11.3724279835401,22.4999999999992,64.4120370370353,10.0000000000026,25.7648148148141,4.00000000000105,20,36.4066979166189,10.0000000000026,90.0000000000005,5.51447776331315e-13,1.73505034293054e-13,0,0,0,1.52655665885959e-16,2.1316282072803e-13,0,7,2.0414874,0.0008199,1,"",-0.0962079995668896,0,PROJECT_ROOT\Round2_revision\runs_certified\principal_none_43641_V2G.mat
principal_none_43642_V2H,43642,2014-08-02,V2H,none,1,Solved,R2.2,2026-10-01 14:11:51,0.327236564801131,0.642885597530837,0.342154832827694,0.0190753000979591,0.00743050000003009,12.5853827160488,9.02783200073072,3.55755071531812,11.6160493827166,0.675500000002735,64.4120370370353,60.6717592592511,25.7648148148141,24.2687037037004,35.3499999998781,39.5466759001637,60.6717592592511,89.9999999999987,1.05092323732237e-12,4.53894286935448e-13,0,0,0,1.11022302462516e-16,5.11590769747272e-13,0,11.2,2.1963579,0.0008775,1,"",0.327236564801132,0,PROJECT_ROOT\Round2_revision\runs_certified\principal_none_43642_V2H.mat
principal_none_43642_V2G,43642,2014-08-02,V2G,none,1,Solved,R2.2,2026-10-01 14:11:53,-0.163543341988412,0.642852174074111,1.03358348282748,0.0190753000982906,0.208112666666663,12.5875185185193,27.271332000725,-14.6838134822057,11.6185185185191,18.919333333333,64.4120370370353,10.0000000000003,25.7648148148141,4.00000000000012,35.3500000000056,39.306009233624,10.0000000000003,89.9999999999998,6.63913368725844e-13,2.72822562186951e-13,0,0,0,4.44089209850063e-16,6.3948846218409e-14,0,11.2,2.1574893,0.001227,1,"",-0.163543341988413,0,PROJECT_ROOT\Round2_revision\runs_certified\principal_none_43642_V2G.mat
principal_none_43643_V2H,43643,2014-08-03,V2H,none,1,Solved,R2.2,2026-10-01 14:11:55,0.134996404855086,0.493504406378631,0.403552883333347,0.0299492151431358,0.0150956666666662,9.88659465020642,10.6478333333337,-0.76123868312727,11.3724279835397,1.37233333333329,64.4120370370353,61.6879629629627,25.7648148148141,24.6751851851851,24.8877690154128,36.4066979166189,61.6879629629627,89.9999999999996,4.01900734914307e-14,1.98687126062572e-14,0,0,0,8.32667268468867e-17,1.4210854715202e-13,0,9.8,2.0506457,0.0012706,1,"",0.134996404855086,0,PROJECT_ROOT\Round2_revision\runs_certified\principal_none_43643_V2H.mat
principal_none_43643_V2G,43643,2014-08-03,V2G,none,1,Solved,R2.2,2026-10-01 14:11:57,-0.365640183622288,0.493451551234602,1.10884661666669,0.0299492151431385,0.219805666666664,9.888808641976,29.2571666666674,-19.3683580246914,11.375308641976,19.9823333333331,64.4120370370353,10.0000000000003,25.7648148148141,4.00000000000011,24.8877690154117,36.4066979166189,10.0000000000003,89.9999999999997,4.68569627543047e-13,1.08984216327357e-13,0,0,0,3.88578058618805e-16,1.13686837721616e-13,0,9.8,1.9751318,0.0009886,1,"",-0.365640183622288,0,PROJECT_ROOT\Round2_revision\runs_certified\principal_none_43643_V2G.mat
principal_none_43644_V2H,43644,2014-08-04,V2H,none,1,Solved,R2.2,2026-10-01 14:11:59,0.246701167880451,0.597688556378645,0.421740473915045,0.0636067520834584,0.00714633333339255,11.8617613168733,11.1277169898429,0.734044327030451,11.3724279835413,0.64966666667205,64.4120370370353,67.1953703703585,25.7648148148141,26.8781481481434,36.4066979166189,60.8708333333336,64.4120370370353,90.0000000000031,1.05092323732237e-12,5.00267064109599e-13,0,0,0,3.05311331771918e-16,1.24344978758018e-12,0,8.4,2.1231173,0.0008514,1,"",0.246701167880452,0,PROJECT_ROOT\Round2_revision\runs_certified\principal_none_43644_V2H.mat
principal_none_43644_V2G,43644,2014-08-04,V2G,none,1,Solved,R2.2,2026-10-01 14:12:01,-0.30717879878637,0.597688556378606,1.20211410724845,0.0636067520834589,0.233640000000011,11.8617613168725,31.718050323178,-19.8562890063054,11.3724279835397,21.240000000001,64.4120370370353,9.99999999999672,25.7648148148141,3.99999999999869,36.4066979166189,60.8708333333338,9.99999999999672,89.9999999999995,1.37051481274852e-12,2.240500266229e-13,0,0,0,2.22044604925031e-16,2.1316282072803e-13,0,8.4,2.1630344,0.0008397,1,"",-0.30717879878637,0,PROJECT_ROOT\Round2_revision\runs_certified\principal_none_43644_V2G.mat
principal_none_43646_V2H,43646,2014-08-06,V2H,none,1,Solved,R2.2,2026-10-01 14:12:03,0.273644277459426,0.646851729542848,0.390363683333341,0.00925456458324781,0.00790166666667149,12.9562275929161,10.2998333333335,2.6563942595826,11.3724279835399,0.718333333333772,64.4120370370353,70.5046296296284,25.7648148148141,28.2018518518513,32.9374999999851,36.4518229166189,64.4120370370353,90,2.61124455391837e-13,3.7973567303716e-14,0,0,0,3.99680288865056e-14,1.4210854715202e-14,0,7,1.993393,0.0009115,1,"",0.273644277459386,0,PROJECT_ROOT\Round2_revision\runs_certified\principal_none_43646_V2H.mat
principal_none_43646_V2G,43646,2014-08-06,V2G,none,1,Solved,R2.2,2026-10-01 14:12:06,-0.312282555873916,0.646851729542922,1.21588885000004,0.00925456458320621,0.247499999999997,12.9562275929168,32.0815000000011,-19.1252724070843,11.3724279835398,22.4999999999998,64.4120370370353,10.0000000000004,25.7648148148141,4.00000000000017,32.937500000001,36.4518229166188,10.0000000000004,89.9999999999997,7.63916707668955e-13,2.8693094744414e-13,0,0,0,5.55111512312578e-16,9.9475983006414e-14,0,7,2.069098,0.0007651,1,"",-0.312282555873915,0,PROJECT_ROOT\Round2_revision\runs_certified\principal_none_43646_V2G.mat
principal_none_43647_V2H,43647,2014-08-07,V2H,none,1,Solved,R2.2,2026-10-01 14:12:08,0.563605506186542,0.860261723045296,0.341573700705864,0.0426716505137761,0.00224583333333381,12.9800946502065,9.01249869936317,3.96759595084337,11.3724279835399,0.20416666666671,64.4120370370353,57.9328703703702,25.7648148148141,23.1731481481481,20.4458333333344,36.5609043455754,57.9328703703702,90,6.7257310831792e-13,9.92498746357287e-14,0,0,0,4.44089209850063e-16,1.4210854715202e-14,0,12.6,2.0673995,0.0011751,1,"",0.563605506186542,0,PROJECT_ROOT\Round2_revision\runs_certified\principal_none_43647_V2H.mat
principal_none_43647_V2G,43647,2014-08-07,V2G,none,1,Solved,R2.2,2026-10-01 14:12:10,0.0994235895198445,0.860261723045258,0.995569784039194,0.0426716505137809,0.19206,12.9800946502063,26.2683320326964,-13.2882373824901,11.3724279835399,17.46,64.4120370370353,10.0000000000001,25.7648148148141,4.00000000000002,20.4458333333338,36.560904345576,10.0000000000001,89.9999999999999,5.10258502117722e-13,4.71333196972832e-14,0,0,0,1.52655665885959e-16,2.1316282072803e-14,0,12.6,2.0298883,0.0008432,1,"",0.0994235895198446,0,PROJECT_ROOT\Round2_revision\runs_certified\principal_none_43647_V2G.mat
principal_none_43648_V2H,43648,2014-08-08,V2H,none,1,Solved,R2.2,2026-10-01 14:12:12,0.468178367099961,0.580462419183448,0.161719300000064,0.0426574145831884,0.00677783333338798,11.5849795220846,4.26700000000168,7.31797952208294,11.3724279835423,0.616166666671635,64.4120370370353,70.7884259259175,25.7648148148141,28.315370370367,20.000000000008,36.4066979166189,64.4120370370353,90.0000000000054,1.04545538892609e-12,5.06093944929678e-13,0,0,0,1.66533453693773e-16,2.1600499167107e-12,0,7,2.3483966,0.0008209,1,"",0.46817836709996,0,PROJECT_ROOT\Round2_revision\runs_certified\principal_none_43648_V2H.mat
principal_none_43648_V2G,43648,2014-08-08,V2G,none,1,Solved,R2.2,2026-10-01 14:12:15,-0.120626517262319,0.580360984821217,0.991179750000082,0.0426574145832149,0.247534833333332,11.5873889871037,26.1525000000022,-14.5651110128985,11.3763374485604,22.5031666666665,64.4120370370353,10.0000000000002,25.7648148148141,4.00000000000008,19.9999999999977,36.4066979166189,10.0000000000002,90,6.17450535145281e-13,2.29216588412279e-13,0,0,0,1.11022302462516e-16,1.4210854715202e-14,0,7,2.269928,0.0011046,1,"",-0.120626517262319,0,PROJECT_ROOT\Round2_revision\runs_certified\principal_none_43648_V2G.mat
principal_none_43649_V2H,43649,2014-08-09,V2H,none,1,Solved,R2.2,2026-10-01 14:12:17,0.00939223177108382,0.431438739712002,0.435900533333395,0.00929085872580529,0.00456316666667151,8.64326131687379,11.501333333335,-2.85807201646117,11.3724279835399,0.414833333333774,64.4120370370353,60.8476851851839,25.7648148148141,24.3390740740736,32.8332907143861,36.4066979166189,60.8476851851839,89.9999999999999,1.04364433761717e-12,4.01905066830329e-13,0,0,0,7.63278329429795e-17,2.8421709430404e-14,0,11.2,2.2042107,0.0010964,1,"",0.0093922317710839,0,PROJECT_ROOT\Round2_revision\runs_certified\principal_none_43649_V2H.mat
principal_none_43649_V2G,43649,2014-08-09,V2G,none,1,Solved,R2.2,2026-10-01 14:12:19,-0.483091341685489,0.431405316255443,1.12972951666672,0.00929085872579353,0.205941999999998,8.64539711934607,29.8081666666682,-21.1627695473221,11.3748971193415,18.7219999999998,64.4120370370353,9.99999999999858,25.7648148148141,3.99999999999943,32.8332907143906,36.4066979166189,9.99999999999858,89.9999999999981,6.08402217494586e-14,2.26331148926803e-14,3.41060513164848e-13,0,0,2.50910403565285e-13,7.53175299905706e-13,0,11.2,2.112079,0.0007257,1,"",-0.48309134168574,0,PROJECT_ROOT\Round2_revision\runs_certified\principal_none_43649_V2G.mat
principal_none_43651_V2H,43651,2014-08-11,V2H,none,1,Solved,R2.2,2026-10-01 14:12:21,0.208022195633019,0.586072189711978,0.402194800000073,0.0197118059210631,0.00443300000005149,11.72542798354,10.6120000000019,1.11342798353806,11.3759279835411,0.403000000004681,64.4120370370353,67.8884305555453,25.7648148148141,27.1553722222181,28.9004424341586,36.4066979166189,64.4120370370353,90.0000000000028,1.04863340233408e-12,4.87533596454334e-13,0,0,0,1.11022302462516e-16,1.10134124042816e-12,0,8.4,2.0632364,0.0010448,1,"",0.208022195633019,0,PROJECT_ROOT\Round2_revision\runs_certified\principal_none_43651_V2H.mat
principal_none_43651_V2G,43651,2014-08-11,V2G,none,1,Solved,R2.2,2026-10-01 14:12:23,-0.353509087700337,0.585030939712065,1.19189183333347,0.0197118059210632,0.23364000000001,11.7212613168751,31.4483333333371,-19.727072016462,11.3724279835397,21.2400000000009,64.4120370370353,9.99999999999685,25.7648148148141,3.99999999999874,28.9004424341587,36.4066979166189,9.99999999999685,89.9999999999995,8.55732151805455e-13,2.91891557059695e-13,0,0,0,5.55111512312578e-17,2.1316282072803e-13,0,8.4,1.9000778,0.0009075,1,"",-0.353509087700337,0,PROJECT_ROOT\Round2_revision\runs_certified\principal_none_43651_V2G.mat
principal_none_43652_V2H,43652,2014-08-12,V2H,none,1,Solved,R2.2,2026-10-01 14:12:25,0.165152395338727,0.584284489711969,0.457629866666675,0.0322534389601011,0.00624433333333201,11.7024279835399,12.0746666666669,-0.372238683127004,11.3724279835399,0.567666666666546,64.4120370370353,67.4231481481484,25.7648148148141,26.9692592592594,24.0842582524768,36.4066979166189,64.4120370370353,90,6.7390537594747e-13,1.19410760680283e-13,0,0,0,1.11022302462516e-16,1.4210854715202e-14,0,8.4,1.9894921,0.0008011,1,"",0.165152395338727,0,PROJECT_ROOT\Round2_revision\runs_certified\principal_none_43652_V2H.mat
principal_none_43652_V2G,43652,2014-08-12,V2G,none,1,Solved,R2.2,2026-10-01 14:12:27,-0.390933371327941,0.584284489711967,1.24111130000001,0.0322534389601011,0.233639999999999,11.7024279835398,32.7470000000002,-21.0445720164604,11.3724279835399,21.2399999999999,64.4120370370353,10.0000000000002,25.7648148148141,4.0000000000001,24.0842582524768,36.4066979166189,10.0000000000002,90,6.7390537594747e-13,1.19041344364235e-13,0,0,0,1.11022302462516e-16,7.105427357601e-15,0,8.4,2.1306963,0.0008642,1,"",-0.390933371327941,0,PROJECT_ROOT\Round2_revision\runs_certified\principal_none_43652_V2G.mat
principal_none_43653_V2H,43653,2014-08-13,V2H,none,1,Solved,R2.2,2026-10-01 14:12:30,0.157909396267869,0.584915889711971,0.465361466666735,0.0313296398892468,0.00702533333338632,11.7217613168732,12.2786666666685,-0.55690534979531,11.3724279835399,0.638666666671483,64.4120370370353,70.7259259259125,25.7648148148141,28.290370370365,24.3568364207547,36.4066979166189,64.4120370370353,90,1.04864728012188e-12,4.99668282510439e-13,0,0,0,3.05311331771918e-16,1.4210854715202e-14,0,7,2.1659688,0.000698,1,"",0.157909396267869,0,PROJECT_ROOT\Round2_revision\runs_certified\principal_none_43653_V2H.mat
principal_none_43653_V2G,43653,2014-08-13,V2G,none,1,Solved,R2.2,2026-10-01 14:12:32,-0.430160470398857,0.584915889711928,1.29390599999999,0.0313296398892073,0.247499999999998,11.7217613168728,34.1399999999998,-22.418238683127,11.3724279835399,22.4999999999998,64.4120370370353,10.0000000000004,25.7648148148141,4.00000000000017,24.3568364207699,36.4066979166189,10.0000000000004,90,5.07593966858622e-13,9.57679446776581e-14,0,0,0,2.22044604925031e-16,7.105427357601e-15,0,7,2.258204,0.0008884,1,"",-0.430160470398858,0,PROJECT_ROOT\Round2_revision\runs_certified\principal_none_43653_V2G.mat
principal_none_43654_V2H,43654,2014-08-14,V2H,none,1,Solved,R2.2,2026-10-01 14:12:34,0.491126780868386,0.642422041285207,0.197465316666696,0.0430093895832084,0.00316066666666609,12.1732026700004,5.21016666666743,6.96303600333299,11.3724279835399,0.287333333333281,64.4120370370353,57.701851851852,25.7648148148141,23.0807407407408,19.9999999999997,36.4066979166189,57.701851851852,90,1.42788558754603e-13,2.9281112251708e-14,4.54747350886464e-13,0,0,3.33066907387547e-16,1.4210854715202e-14,0,12.6,2.0608641,0.0009053,1,"",0.491126780868386,0,PROJECT_ROOT\Round2_revision\runs_certified\principal_none_43654_V2H.mat
principal_none_43654_V2G,43654,2014-08-14,V2G,none,1,Solved,R2.2,2026-10-01 14:12:36,0.029182047535044,0.642422041285196,0.84830938333336,0.0430093895832084,0.19206,12.1732026700003,22.382833333334,-10.2096306633338,11.3724279835399,17.46,64.4120370370353,10.0000000000001,25.7648148148141,4.00000000000004,19.9999999999997,36.4066979166189,10.0000000000001,90,1.33240640742827e-13,2.71023134970515e-14,4.54747350886464e-13,0,0,5.759281940243e-16,7.105427357601e-15,0,12.6,2.0879874,0.0008589,1,"",0.0291820475350446,0,PROJECT_ROOT\Round2_revision\runs_certified\principal_none_43654_V2G.mat
principal_none_43655_V2H,43655,2014-08-15,V2H,none,1,Solved,R2.2,2026-10-01 14:12:38,0.244694565796878,0.579427556378585,0.352368933333342,0.010647276084967,0.00698866666666832,11.6050946502062,9.29733333333357,2.30776131687268,11.3742613168732,0.635333333333484,64.4120370370353,70.7393101851846,25.7648148148141,28.2957240740739,32.3115917300931,36.4066979166189,64.4120370370353,89.9999999999999,5.83144643684363e-14,2.39537162190716e-14,0,0,0,1.79578574233119e-14,5.6843418860808e-14,0,7,2.1072987,0.0009076,1,"",0.24469456579686,0,PROJECT_ROOT\Round2_revision\runs_certified\principal_none_43655_V2H.mat
principal_none_43655_V2G,43655,2014-08-15,V2G,none,1,Solved,R2.2,2026-10-01 14:12:41,-0.343887784203136,0.579011056378583,1.18104611666669,0.010647276084967,0.247499999999999,11.6034279835395,31.1621666666672,-19.5587386831276,11.3724279835399,22.4999999999999,64.4120370370353,10.0000000000004,25.7648148148141,4.00000000000014,32.3115917300931,36.4066979166189,10.0000000000004,90,2.65010235978025e-13,5.89651998390262e-14,0,0,0,5.55111512312578e-17,0,0,7,2.082223,0.0008473,1,"",-0.343887784203137,0,PROJECT_ROOT\Round2_revision\runs_certified\principal_none_43655_V2G.mat
principal_none_43657_V2H,43657,2014-08-17,V2H,none,1,Solved,R2.2,2026-10-01 14:12:43,0.256273420702498,0.572624556378717,0.362166083333393,0.0402141143238344,0.00560083333333893,11.4684279835414,9.5558333333349,1.91259465020653,11.3724279835394,0.509166666667175,64.4120370370353,64.0856481481456,25.7648148148141,25.6342592592582,21.0149392023236,36.4066979166189,64.0856481481456,89.9999999999989,8.21454015920153e-13,3.95039773409107e-13,0,0,0,2.77555756156289e-16,4.40536496171262e-13,0,9.8,2.1373797,0.0011307,1,"",0.256273420702498,0,PROJECT_ROOT\Round2_revision\runs_certified\principal_none_43657_V2H.mat
principal_none_43657_V2G,43657,2014-08-17,V2G,none,1,Solved,R2.2,2026-10-01 14:12:45,-0.267605998639234,0.572542553703673,1.10017383333339,0.0402141143238186,0.219811166666663,11.4707592592587,29.0283333333348,-17.5575740740761,11.3759259259265,19.982833333333,64.4120370370353,10.0000000000004,25.7648148148141,4.00000000000015,21.0149392023296,36.4066979166189,10.0000000000004,89.9999999999998,6.78027078926391e-13,2.99148729922305e-13,0,0,0,0,8.5265128291212e-14,0,9.8,2.1987515,0.0009954,1,"",-0.267605998639234,0,PROJECT_ROOT\Round2_revision\runs_certified\principal_none_43657_V2G.mat
principal_none_43658_V2H,43658,2014-08-18,V2H,none,1,Solved,R2.2,2026-10-01 14:12:47,0.296215251900267,0.588758856378579,0.312656050000081,0.0117396121883767,0.0083728333333917,11.7920946502053,8.24950000000214,3.5425946502032,11.3742613168732,0.761166666671973,64.4120370370353,66.8897731481334,25.7648148148141,26.7559092592534,31.8914624595509,36.4066979166189,64.4120370370353,90,1.05182529352987e-12,4.92417403460999e-13,0,0,0,2.22044604925031e-16,1.4210854715202e-14,0,8.4,2.1645155,0.0007227,1,"",0.296215251900266,0,PROJECT_ROOT\Round2_revision\runs_certified\principal_none_43658_V2H.mat
principal_none_43658_V2G,43658,2014-08-18,V2G,none,1,Solved,R2.2,2026-10-01 14:12:49,-0.255088181433121,0.588342356378579,1.08881015000007,0.0117396121883767,0.233639999999989,11.7904279835386,28.7285000000017,-16.9380720164631,11.3724279835399,21.239999999999,64.4120370370353,10.0000000000028,25.7648148148141,4.00000000000111,31.8914624595509,36.4066979166189,10.0000000000028,90.0000000000001,5.21596654756706e-13,2.21279694438871e-13,0,0,0,1.11022302462516e-16,4.2632564145606e-14,0,8.4,2.105631,0.0008444,1,"",-0.255088181433121,0,PROJECT_ROOT\Round2_revision\runs_certified\principal_none_43658_V2G.mat
principal_none_43659_V2H,43659,2014-08-19,V2H,none,1,Solved,R2.2,2026-10-01 14:12:52,0.142333977200352,0.585597856378569,0.471457050000071,0.0211385041551371,0.0070546666667163,11.7354279835385,12.4395000000019,-0.704072016463414,11.3724279835389,0.641333333337846,64.4120370370353,67.2185185185039,25.7648148148141,26.8874074074015,28.2765040107969,36.4066979166189,64.4120370370353,89.9999999999979,1.04818931312423e-12,4.59442070906486e-13,0,0,0,5.55111512312578e-17,8.5265128291212e-13,0,8.4,2.193421,0.0008795,1,"",0.142333977200352,0,PROJECT_ROOT\Round2_revision\runs_certified\principal_none_43659_V2H.mat
principal_none_43659_V2G,43659,2014-08-19,V2G,none,1,Solved,R2.2,2026-10-01 14:12:54,-0.411770156132938,0.58559785637866,1.25214651666674,0.0211385041551371,0.233640000000002,11.7354279835403,33.0381666666685,-21.3027386831282,11.3724279835398,21.2400000000002,64.4120370370353,9.99999999999921,25.7648148148141,3.99999999999968,28.2765040107969,36.4066979166189,9.99999999999921,89.9999999999997,6.7656991120657e-13,2.45729981202018e-13,0,0,0,1.11022302462516e-16,9.9475983006414e-14,0,8.4,2.1666305,0.0009541,1,"",-0.411770156132938,0,PROJECT_ROOT\Round2_revision\runs_certified\principal_none_43659_V2G.mat
principal_none_43660_V2H,43660,2014-08-20,V2H,none,1,Solved,R2.2,2026-10-01 14:12:56,0.336356098489913,0.628450306378661,0.339299959972281,0.0403692520834745,0.00683650000005824,12.1109279835402,8.95250554016572,3.15842244337449,11.3724279835389,0.621500000005295,64.4120370370353,70.7736111110943,25.7648148148141,28.3094444444377,36.4066979166189,51.9333333333398,64.4120370370353,89.9999999999979,1.57446139459338e-11,1.40240459167121e-12,0,0,0,5.55111512312578e-17,8.5265128291212e-13,0,7,2.0863867,0.0007741,1,"",0.336356098489913,0,PROJECT_ROOT\Round2_revision\runs_certified\principal_none_43660_V2H.mat
principal_none_43660_V2G,43660,2014-08-20,V2G,none,1,Solved,R2.2,2026-10-01 14:12:58,-0.252175551510111,0.62845030637865,1.16849510997222,0.0403692520834639,0.247499999999998,12.11092798354,30.8310055401642,-18.7200775566242,11.3724279835399,22.4999999999999,64.4120370370353,10.0000000000004,25.7648148148141,4.00000000000017,36.4066979166189,51.9333333333332,10.0000000000004,90,1.14949716412127e-13,2.19942556533086e-14,4.54747350886464e-13,0,0,2.55351295663786e-15,0,0,7,2.1079162,0.0010475,1,"",-0.252175551510114,0,PROJECT_ROOT\Round2_revision\runs_certified\principal_none_43660_V2G.mat
principal_none_43662_V2H,43662,2014-08-22,V2H,none,1,Solved,R2.2,2026-10-01 14:13:01,0.854822869497164,0.902947656378654,0.209827440627158,0.131667153745613,0.0300355000000537,15.1374279835402,5.53634407987224,9.60108390366794,11.3724279835386,2.73050000000489,64.4120370370353,64.9152777777612,25.7648148148141,25.9661111111045,36.4066979166189,82.2312934268554,64.4120370370353,89.999999999997,2.10410577849984e-11,1.81735880914758e-12,0,0,0,1.11022302462516e-16,1.18660636871937e-12,0,7,2.123812,0.0007923,1,"",0.854822869497164,0,PROJECT_ROOT\Round2_revision\runs_certified\principal_none_43662_V2H.mat
principal_none_43662_V2G,43662,2014-08-22,V2G,none,1,Solved,R2.2,2026-10-01 14:13:03,0.323023319496976,0.902947656378581,0.959091490627159,0.131667153745554,0.247499999999999,15.1374279835397,25.3058440798723,-10.1684160963326,11.3724279835399,22.4999999999999,64.4120370370353,10.0000000000003,25.7648148148141,4.00000000000013,36.4066979166189,84.0509346145034,10.0000000000003,90,2.36033415035308e-13,2.86026402939748e-14,5.6843418860808e-14,0,0,1.66533453693773e-16,7.105427357601e-15,0,7,1.9817173,0.0009953,1,"",0.323023319496976,0,PROJECT_ROOT\Round2_revision\runs_certified\principal_none_43662_V2G.mat
principal_none_43663_V2H,43663,2014-08-23,V2H,none,1,Solved,R2.2,2026-10-01 14:13:05,1.35207183999872,1.21203147924699,0.0483250371652229,0.15732889791692,0.031036500000037,14.4233423321096,1.27506694367343,13.1482753884361,11.4032921810707,2.82150000000337,64.4120370370353,54.2319444444349,25.7648148148141,21.692777777774,36.4066979166189,95.0000000000017,54.2319444444349,89.9999999999999,7.49400541621981e-13,6.71079886681818e-14,4.54747350886464e-13,0,0,1.99840144432528e-15,5.6843418860808e-14,0,11.2,2.1435742,0.0007897,1,"",1.35207183999872,0,PROJECT_ROOT\Round2_revision\runs_certified\principal_none_43663_V2H.mat
principal_none_43663_V2G,43663,2014-08-23,V2G,none,1,Solved,R2.2,2026-10-01 14:13:07,0.923729689999054,1.21203147924746,0.6518256871652,0.157328897916793,0.206194999999998,14.4233423321126,17.1985669436728,-2.7752246115602,11.4032921810707,18.7449999999998,64.4120370370353,10.0000000000003,25.7648148148141,4.00000000000013,36.4066979166189,95.0000000000005,10.0000000000003,89.9999999999998,6.34270413968352e-13,9.91520321683243e-14,0,0,0,2.22044604925031e-16,6.3948846218409e-14,0,11.2,2.2793534,0.0007991,1,"",0.923729689999054,0,PROJECT_ROOT\Round2_revision\runs_certified\principal_none_43663_V2G.mat
principal_none_43664_V2H,43664,2014-08-24,V2H,none,1,Solved,R2.2,2026-10-01 14:13:09,1.05954646433489,0.918891706378651,0.0735931053922769,0.171023363348476,0.043224500000041,13.9135946502066,1.94177059082525,11.9718240593813,11.3724279835398,3.92950000000373,64.4120370370353,54.5847222222117,25.7648148148141,21.8338888888847,36.4066979166189,88.083759377798,54.5847222222117,89.9999999999998,5.07927033766009e-14,2.70059990468901e-14,4.54747350886464e-13,0,0,0,7.105427357601e-14,0,9.8,2.0802022,0.0012035,1,"",1.05954646433489,0,PROJECT_ROOT\Round2_revision\runs_certified\principal_none_43664_V2H.mat
principal_none_43664_V2G,43664,2014-08-24,V2G,none,1,Solved,R2.2,2026-10-01 14:13:11,0.627788014335018,0.918891706378649,0.681907055392098,0.17102336334847,0.219779999999998,13.9135946502065,17.9922705908205,-4.078675940614,11.3724279835398,19.9799999999998,64.4120370370353,10.0000000000004,25.7648148148141,4.00000000000015,36.4066979166189,88.9937802112194,10.0000000000004,89.9999999999998,4.38371561273243e-13,7.59404616154791e-14,0,0,0,2.22044604925031e-16,8.5265128291212e-14,0,9.8,1.9934785,0.0007465,1,"",0.627788014335018,0,PROJECT_ROOT\Round2_revision\runs_certified\principal_none_43664_V2G.mat
principal_none_43665_V2H,43665,2014-08-25,V2H,none,1,Solved,R2.2,2026-10-01 14:13:13,1.37369706797287,1.16188298255603,0,0.152342585416778,0.0594715000000605,18.734027706533,0,18.734027706533,11.3724279835389,5.4065000000055,64.4120370370353,53.9819444444271,25.7648148148141,21.5927777777708,36.4066979166189,94.9999999999952,53.9819444444271,89.9999999999979,1.36655686766574e-11,1.23695488975619e-12,0,0,0,2.22044604925031e-16,8.5265128291212e-13,0,8.4,2.0237452,0.0009004,1,"",1.37369706797287,0,PROJECT_ROOT\Round2_revision\runs_certified\principal_none_43665_V2H.mat
principal_none_43665_V2G,43665,2014-08-25,V2G,none,1,Solved,R2.2,2026-10-01 14:13:16,0.94777591797286,1.16188298255606,0.600089649999992,0.152342585416791,0.233639999999997,18.7340277065337,15.8334999999998,2.90052770653395,11.3724279835399,21.2399999999997,64.4120370370353,10.0000000000008,25.7648148148141,4.00000000000033,36.4066979166189,94.9999999999999,10.0000000000008,90,5.24580379135386e-13,1.00413874501535e-13,0,0,0,0,7.105427357601e-15,0,8.4,2.5339613,0.0008152,1,"",0.94777591797286,0,PROJECT_ROOT\Round2_revision\runs_certified\principal_none_43665_V2G.mat
principal_none_43666_V2H,43666,2014-08-26,V2H,none,1,Solved,R2.2,2026-10-01 14:13:18,1.23566962137225,0.903642799113312,0,0.298289822258931,0.0337370000000092,14.5825210243149,0,14.5825210243149,11.3724279835389,3.06700000000083,64.4120370370353,60.4805555555511,25.7648148148141,24.1922222222204,36.0458333333352,93.540807565796,60.4805555555511,89.9999999999979,5.49527090498714e-12,5.39744897455422e-13,0,0,0,0,8.5265128291212e-13,0,8.4,2.2333794,0.0008821,1,"",1.23566962137225,0,PROJECT_ROOT\Round2_revision\runs_certified\principal_none_43666_V2H.mat
principal_none_43666_V2G,43666,2014-08-26,V2G,none,1,Solved,R2.2,2026-10-01 14:13:21,0.746815921372331,0.90364279911337,0.688756699999999,0.298289822258961,0.233639999999999,14.5825210243161,18.173,-3.59047897568391,11.3724279835399,21.2399999999999,64.4120370370353,10.0000000000002,25.7648148148141,4.00000000000009,36.0458333333349,93.5408075658017,10.0000000000002,90,5.50670620214078e-13,1.05308789644844e-13,0,0,0,6.66133814775094e-16,7.105427357601e-15,0,8.4,2.1951788,0.0009611,1,"",0.746815921372332,0,PROJECT_ROOT\Round2_revision\runs_certified\principal_none_43666_V2G.mat
principal_none_43668_V2H,43668,2014-08-28,V2H,none,1,Solved,R2.2,2026-10-01 14:13:23,1.55725881939006,1.44048603780513,0.135147620498538,0.23492356875013,0.0169968333333327,18.1814991377076,3.56590027700627,14.6155988607014,11.3724279835399,1.54516666666661,64.4120370370353,54.2078703703705,25.7648148148141,21.6831481481482,36.4066979166189,95.0000000000016,54.2078703703705,90,2.82146528363114e-12,3.17891223502065e-13,0,0,0,0,1.4210854715202e-14,0,12.6,2.0302867,0.0007974,1,"",1.55725881939006,0,PROJECT_ROOT\Round2_revision\runs_certified\principal_none_43668_V2H.mat
principal_none_43668_V2G,43668,2014-08-28,V2G,none,1,Solved,R2.2,2026-10-01 14:13:25,1.12914980272348,1.44048603780522,0.738319803831866,0.23492356875013,0.19206,18.1814991377079,19.4807336103395,-1.29923447263158,11.3724279835399,17.46,64.4120370370353,10.0000000000001,25.7648148148141,4.00000000000004,36.4066979166189,95.0000000000017,10.0000000000001,90,6.83453293959246e-13,1.92917123787881e-13,0,0,0,8.88178419700125e-16,7.105427357601e-15,0,12.6,2.1273394,0.0009088,1,"",1.12914980272348,0,PROJECT_ROOT\Round2_revision\runs_certified\principal_none_43668_V2G.mat
principal_none_43669_V2H,43669,2014-08-29,V2H,none,1,Solved,R2.2,2026-10-01 14:13:27,0.950580374795419,0.846955223045259,0.144523260074914,0.212141745158352,0.0360066666667224,15.1117613168724,3.81327862994496,11.2984826869275,11.3724279835368,3.2733333333384,64.4120370370353,63.4074074073863,25.7648148148141,25.3629629629545,36.4066979166189,94.5439738285059,63.4074074073863,89.999999999993,1.04727337912891e-12,5.44259834694856e-13,0,0,0,5.55111512312578e-16,2.79953837889479e-12,0,7,2.052803,0.0015,1,"",0.95058037479542,0,PROJECT_ROOT\Round2_revision\runs_certified\principal_none_43669_V2H.mat
principal_none_43669_V2G,43669,2014-08-29,V2G,none,1,Solved,R2.2,2026-10-01 14:13:29,0.433300568828219,0.846912083744762,0.87327709340823,0.212141745158355,0.247523833333332,15.113936213992,23.0416119632778,-7.92767574928581,11.3751028806592,22.5021666666665,64.4120370370353,10.0000000000003,25.7648148148141,4.00000000000013,36.4066979166189,95.0000000000005,10.0000000000003,90,2.31481500634345e-13,3.18870958625362e-14,4.54747350886464e-13,0,0,7.21644966006352e-16,7.105427357601e-15,0,7,2.164013,0.0007304,1,"",0.433300568828218,0,PROJECT_ROOT\Round2_revision\runs_certified\principal_none_43669_V2G.mat
principal_none_43670_V2H,43670,2014-08-30,V2H,none,1,Solved,R2.2,2026-10-01 14:13:31,0.927932822469151,0.759322500822746,0.103628391194464,0.246421712840821,0.0258170000000472,13.4778724279829,2.73425834286184,10.7436140851211,11.383539094651,2.34700000000429,64.4120370370353,55.5055555555436,25.7648148148141,22.2022222222174,35.191666666568,83.1879732224691,55.5055555555436,89.9999999999999,8.64086580065759e-13,7.58638175845587e-14,0,0,0,2.55351295663786e-15,2.1316282072803e-14,0,11.2,2.0804697,0.0014824,1,"",0.927932822469148,0,PROJECT_ROOT\Round2_revision\runs_certified\principal_none_43670_V2H.mat
principal_none_43670_V2G,43670,2014-08-30,V2G,none,1,Solved,R2.2,2026-10-01 14:13:34,0.487257022469262,0.759322500822748,0.724506191194296,0.246421712840811,0.206018999999998,13.4778724279829,19.1162583428574,-5.63838591487452,11.383539094651,18.7289999999998,64.4120370370353,10.0000000000004,25.7648148148141,4.00000000000015,35.1916666666671,83.1879732225682,10.0000000000004,89.9999999999999,1.15851772619635e-13,2.52619996678937e-14,2.27373675443232e-13,0,0,9.43689570931383e-16,4.2632564145606e-14,0,11.2,2.1813091,0.0011812,1,"",0.487257022469261,0,PROJECT_ROOT\Round2_revision\runs_certified\principal_none_43670_V2G.mat
principal_none_43671_V2H,43671,2014-08-31,V2H,none,1,Solved,R2.2,2026-10-01 14:13:36,1.24565322335439,1.17364707510287,0.0927059371653199,0.152342585416801,0.0123695000000363,16.3837757201649,2.44606694367599,13.937708776489,11.3812757201653,1.1245000000033,64.4120370370353,62.396296296287,25.7648148148141,24.9585185185148,36.4066979166188,95.0000000000018,62.396296296287,89.9999999999998,5.96189764223709e-13,1.09525090057918e-13,5.6843418860808e-14,0,0,1.11022302462516e-15,7.105427357601e-14,0,9.8,2.1750191,0.0008069,1,"",1.24565322335439,0,PROJECT_ROOT\Round2_revision\runs_certified\principal_none_43671_V2H.mat
principal_none_43671_V2G,43671,2014-08-31,V2G,none,1,Solved,R2.2,2026-10-01 14:13:38,0.737894156687825,1.17323057510289,0.807537837165195,0.152342585416801,0.219858833333331,16.3821090534983,21.3070669436727,-4.92495789017433,11.3812757201653,19.9871666666665,64.4120370370353,10.0000000000004,25.7648148148141,4.00000000000017,36.4066979166188,95.0000000000018,10.0000000000004,89.9999999999999,5.15143483426073e-14,2.34812752605001e-14,0,0,0,7.7715611723761e-16,5.6843418860808e-14,0,9.8,2.1495658,0.0006853,1,"",0.737894156687824,0,PROJECT_ROOT\Round2_revision\runs_certified\principal_none_43671_V2G.mat
principal_none_43673_V2H,43673,2014-09-02,V2H,none,1,Solved,R2.2,2026-10-01 14:13:40,0.86991390542104,0.799961706378641,0.122226322662338,0.168504688371347,0.0236738333333896,13.9635946502066,3.22496893568173,10.7386257145249,11.3724279835399,2.15216666667178,64.4120370370353,63.021759259245,25.7648148148141,25.208703703698,35.8791666665492,68.5476800553046,63.021759259245,90,3.07848191383187e-11,2.57259772903915e-12,0,0,0,3.33066907387547e-16,1.4210854715202e-14,0,8.4,2.0700648,0.0008399,1,"",0.869913905421039,0,PROJECT_ROOT\Round2_revision\runs_certified\principal_none_43673_V2H.mat
principal_none_43673_V2G,43673,2014-09-02,V2G,none,1,Solved,R2.2,2026-10-01 14:13:43,0.356451188754631,0.79996170637844,0.845655205995467,0.168504688371659,0.233639999999999,13.9635946502057,22.3128022690097,-8.34920761880401,11.3724279835399,21.2399999999999,64.4120370370353,10.0000000000002,25.7648148148141,4.0000000000001,35.8791666666669,68.5476800554222,10.0000000000002,90,1.37778677355982e-13,2.44622945987129e-14,0,0,0,5.55111512312578e-16,7.105427357601e-15,0,8.4,2.1668685,0.0009077,1,"",0.35645118875463,0,PROJECT_ROOT\Round2_revision\runs_certified\principal_none_43673_V2G.mat
principal_none_43674_V2H,43674,2014-09-03,V2H,none,1,Solved,R2.2,2026-10-01 14:13:45,0.511136167926633,0.691874823045314,0.309019907202205,0.0989992520834629,0.029282000000062,13.38242798354,8.15355955678642,5.22886842675362,11.3724279835389,2.66200000000563,64.4120370370353,65.1055555555378,25.7648148148141,26.0422222222151,36.4066979166189,74.4833333333353,64.4120370370353,89.9999999999979,1.61953159216743e-11,1.43799814050749e-12,0,0,0,6.66133814775094e-16,8.5265128291212e-13,0,7,2.1375856,0.0007437,1,"",0.511136167926632,0,PROJECT_ROOT\Round2_revision\runs_certified\principal_none_43674_V2H.mat
principal_none_43674_V2G,43674,2014-09-03,V2G,none,1,Solved,R2.2,2026-10-01 14:13:47,-0.0225060320734897,0.691874823045278,1.06088010720223,0.0989992520834629,0.247499999999998,13.3824279835393,27.991559556787,-14.6091315732477,11.3724279835398,22.4999999999998,64.4120370370353,10.0000000000002,25.7648148148141,4.00000000000008,36.4066979166189,74.4833333333353,10.0000000000002,89.9999999999997,6.38364361371657e-13,1.76814215828394e-13,0,0,0,4.8919202022546e-16,9.9475983006414e-14,0,7,2.2785494,0.0007769,1,"",-0.0225060320734902,0,PROJECT_ROOT\Round2_revision\runs_certified\principal_none_43674_V2G.mat
principal_none_43675_V2H,43675,2014-09-04,V2H,none,1,Solved,R2.2,2026-10-01 14:13:49,1.55076714317167,1.41513015742011,0.0285601871652382,0.157368006250135,0.00682916666666914,18.1257066324988,0.753566943673832,17.372139688825,11.3724279835399,0.620833333333558,64.4120370370353,56.7754629629623,25.7648148148141,22.7101851851849,36.4066979166189,95.0000000000014,56.7754629629623,90,5.22915044598449e-14,2.33729837972919e-14,4.54747350886464e-13,0,0,9.99200722162641e-15,1.4210854715202e-14,0,12.6,2.0885269,0.0007427,1,"",1.55076714317166,0,PROJECT_ROOT\Round2_revision\runs_certified\principal_none_43675_V2H.mat
principal_none_43675_V2G,43675,2014-09-04,V2G,none,1,Solved,R2.2,2026-10-01 14:13:51,1.09779355983834,1.4151301574201,0.6667646038319,0.157368006250131,0.19206,18.1257066324987,17.5927336103404,0.532973022158321,11.3724279835399,17.46,64.4120370370353,10.0000000000001,25.7648148148141,4.00000000000004,36.4066979166189,95.0000000000004,10.0000000000001,90,9.27591337074318e-14,2.49689035933992e-14,4.54747350886464e-13,0,0,4.44089209850063e-16,7.105427357601e-15,0,12.6,2.0533172,0.0008856,1,"",1.09779355983833,0,PROJECT_ROOT\Round2_revision\runs_certified\principal_none_43675_V2G.mat
principal_none_43676_V2H,43676,2014-09-05,V2H,none,1,Solved,R2.2,2026-10-01 14:13:53,1.21458620612575,0.897365244900984,0,0.265168961224741,0.0520520000000281,15.0389494636136,0,15.0389494636136,11.6454732510295,4.73200000000255,64.4120370370353,59.9699074074002,25.7648148148141,23.9879629629601,36.4066979166189,92.703359129716,59.9699074074002,90.6143518518517,1.67854619093077e-12,4.09023783978163e-13,0,0,0,6.66133814775094e-16,4.2632564145606e-14,0,7,2.0097421,0.0010407,1,"",1.21458620612575,0,PROJECT_ROOT\Round2_revision\runs_certified\principal_none_43676_V2H.mat
principal_none_43676_V2G,43676,2014-09-05,V2G,none,1,Solved,R2.2,2026-10-01 14:13:56,0.730677622792566,0.897365244901066,0.681789416666669,0.265168961224837,0.249932833333332,15.0389494636152,17.9891666666667,-2.95021720305148,11.6454732510296,22.7211666666665,64.4120370370353,10.0000000000004,25.7648148148141,4.00000000000014,36.4066979166189,92.703359129753,10.0000000000004,90.6143518518518,6.7568173278687e-13,1.38008359412108e-13,0,0,0,2.22044604925031e-16,7.105427357601e-15,0,7,2.2388449,0.0014105,1,"",0.730677622792566,0,PROJECT_ROOT\Round2_revision\runs_certified\principal_none_43676_V2G.mat
principal_none_43678_V2H,43678,2014-09-07,V2H,none,1,Solved,R2.2,2026-10-01 14:13:58,0.676013307649431,0.853247759259334,0.203545537026739,0.0121375854167935,0.0141735000000429,14.7131481481495,5.37059464450499,9.34255350364448,11.431481481483,1.2885000000039,64.4120370370353,62.0537037036945,25.7648148148141,24.8214814814778,36.4066979166189,41.075000000001,62.0537037036945,89.9999999999999,1.02773345389551e-12,4.92341681766566e-13,0,0,0,1.11022302462516e-16,4.9737991503207e-14,0,9.8,2.2325532,0.0011109,1,"",0.676013307649431,0,PROJECT_ROOT\Round2_revision\runs_certified\principal_none_43678_V2H.mat
principal_none_43678_V2G,43678,2014-09-07,V2G,none,1,Solved,R2.2,2026-10-01 14:14:00,0.171426650859271,0.852714535802516,0.913753637026703,0.0121375854167931,0.220328166666665,14.713283950618,24.109594644504,-9.39631069388599,11.4339506172847,20.0298333333332,64.4120370370353,10.0000000000003,25.7648148148141,4.00000000000012,36.4066979166189,41.0750000000005,10.0000000000003,89.9999999999999,6.75917655179603e-13,6.06209295192295e-14,4.54747350886464e-13,0,0,1.4432899320127e-15,5.6843418860808e-14,0,9.8,2.2717275,0.00085,1,"",0.171426650859269,0,PROJECT_ROOT\Round2_revision\runs_certified\principal_none_43678_V2G.mat
principal_none_43679_V2H,43679,2014-09-08,V2H,none,1,Solved,R2.2,2026-10-01 14:14:03,0.362388183600155,0.793350585683403,0.472366650000059,0.0105474145834276,0.0308568333333833,13.5053145220849,12.4635000000016,1.0418145220833,11.3724279835389,2.80516666667121,64.4120370370353,61.2078703703556,25.7648148148141,24.4831481481422,32.349999999916,36.4066979166189,61.2078703703556,89.9999999999979,1.82565074169361e-11,1.59906566724582e-12,0,0,0,3.88578058618805e-16,8.5265128291212e-13,0,8.4,2.1537941,0.000862,1,"",0.362388183600155,0,PROJECT_ROOT\Round2_revision\runs_certified\principal_none_43679_V2H.mat
principal_none_43679_V2G,43679,2014-09-08,V2G,none,1,Solved,R2.2,2026-10-01 14:14:05,-0.133508833066812,0.79335058568332,1.17104683333334,0.0105474145832078,0.233639999999999,13.5053145220832,30.8983333333335,-17.3930188112503,11.3724279835399,21.2399999999999,64.4120370370353,10.0000000000003,25.7648148148141,4.00000000000012,32.3500000000005,36.4066979166189,10.0000000000003,90,5.22915044598449e-14,2.12826900335106e-14,0,0,0,0,7.105427357601e-15,0,8.4,1.9991695,0.0010341,1,"",-0.133508833066812,0,PROJECT_ROOT\Round2_revision\runs_certified\principal_none_43679_V2G.mat
principal_none_43680_V2H,43680,2014-09-09,V2H,none,1,Solved,R2.2,2026-10-01 14:14:07,0.48545998437593,0.692732223045318,0.277431845323658,0.049657439987547,0.020502166666723,12.7250946502068,7.32010145972712,5.40499319047965,11.3724279835389,1.86383333333845,64.4120370370353,63.8226851851688,25.7648148148141,25.5290740740675,36.4066979166189,50.2841066482268,63.8226851851688,89.9999999999979,1.62925922753132e-11,1.44424911806429e-12,0,0,0,5.55111512312578e-17,8.5265128291212e-13,0,8.4,2.0693436,0.0007825,1,"",0.48545998437593,0,PROJECT_ROOT\Round2_revision\runs_certified\principal_none_43680_V2H.mat
principal_none_43680_V2G,43680,2014-09-09,V2G,none,1,Solved,R2.2,2026-10-01 14:14:09,-0.0357588989576148,0.692732223045128,1.01178856199029,0.0496574399875435,0.233639999999999,12.7250946502058,26.6962681263928,-13.9711734761869,11.3724279835399,21.2399999999999,64.4120370370353,10.0000000000002,25.7648148148141,4.00000000000007,36.4066979166189,50.2841066482205,10.0000000000002,89.9999999999999,6.38378239159465e-14,2.32234561043234e-14,4.54747350886464e-13,0,0,8.32667268468867e-17,2.1316282072803e-14,0,8.4,1.9856177,0.0009993,1,"",-0.0357588989576147,0,PROJECT_ROOT\Round2_revision\runs_certified\principal_none_43680_V2G.mat
principal_none_43681_V2H,43681,2014-09-10,V2H,none,1,Solved,R2.2,2026-10-01 14:14:11,0.805107863586684,0.853990823045338,0.173797711542208,0.100223418750147,0.0246913333334074,14.0390946502068,4.58569159741974,9.45340305278706,11.3724279835399,2.2446666666734,64.4120370370353,66.2648148147961,25.7648148148141,26.5059259259184,36.4066979166189,74.9541666666702,64.4120370370353,90,8.71247518574592e-13,7.84649724477998e-14,4.54747350886464e-13,0,0,6.66133814775094e-16,1.4210854715202e-14,0,7,2.0973316,0.0011778,1,"",0.805107863586685,0,PROJECT_ROOT\Round2_revision\runs_certified\principal_none_43681_V2H.mat
principal_none_43681_V2G,43681,2014-09-10,V2G,none,1,Solved,R2.2,2026-10-01 14:14:13,0.260239396920098,0.8539908230454,0.941474844875384,0.100223418750082,0.247499999999999,14.0390946502084,24.8410249307489,-10.8019302805405,11.3724279835397,22.4999999999999,64.4120370370353,9.99999999999978,25.7648148148141,3.99999999999991,36.4066979166189,74.9541666666505,9.99999999999978,89.9999999999996,5.25579579857549e-13,2.7182026154695e-13,0,0,0,1.66533453693773e-16,1.77635683940025e-13,0,7,2.1392807,0.0009809,1,"",0.260239396920098,0,PROJECT_ROOT\Round2_revision\runs_certified\principal_none_43681_V2G.mat
principal_none_43682_V2H,43682,2014-09-11,V2H,none,1,Solved,R2.2,2026-10-01 14:14:16,1.18594775533664,0.994030023045321,0.0501435350278445,0.23444376731916,0.00761749999999929,15.7470946502067,1.32304841762123,14.4240462325854,11.3724279835399,0.692499999999936,64.4120370370353,56.576388888889,25.7648148148141,22.6305555555556,35.1000000000002,80.8386888273788,56.576388888889,90,1.0122735982776e-12,2.48762466669557e-13,0,0,0,0,1.4210854715202e-14,0,12.6,2.205653,0.0007897,1,"",1.18594775533664,0,PROJECT_ROOT\Round2_revision\runs_certified\principal_none_43682_V2H.mat
principal_none_43682_V2G,43682,2014-09-11,V2G,none,1,Solved,R2.2,2026-10-01 14:14:18,0.734902005336718,0.994030023045425,0.685631785027866,0.234443767319159,0.19206,15.7470946502087,18.0905484176218,-2.34345376741304,11.3724279835397,17.46,64.4120370370353,9.99999999999957,25.7648148148141,3.99999999999983,35.1,80.8386888273785,9.99999999999957,89.9999999999995,8.67562965911617e-13,3.30866523498848e-13,0,0,0,1.11022302462516e-16,2.1316282072803e-13,0,12.6,2.3837764,0.0008177,1,"",0.734902005336718,0,PROJECT_ROOT\Round2_revision\runs_certified\principal_none_43682_V2G.mat
principal_none_43684_V2H,43684,2014-09-13,V2H,none,1,Solved,R2.2,2026-10-01 14:14:20,0.924743681212672,0.871998582304619,0.105311838771201,0.136988271012539,0.0210686666667152,14.0689094650224,2.77867648472825,11.2902329802941,11.3872427983546,1.91533333333774,64.4120370370353,56.7129629629506,25.7648148148141,22.6851851851802,36.4066979166189,66.4822888966194,56.7129629629506,89.9999999999995,1.04274922030356e-12,5.32671578292948e-13,0,0,0,3.33066907387547e-16,1.84741111297626e-13,0,11.2,2.1762772,0.0008415,1,"",0.924743681212672,0,PROJECT_ROOT\Round2_revision\runs_certified\principal_none_43684_V2H.mat
principal_none_43684_V2G,43684,2014-09-13,V2G,none,1,Solved,R2.2,2026-10-01 14:14:23,0.472375347878995,0.871998582304307,0.742663505437856,0.136988271012545,0.206051999999998,14.0689094650202,19.5953431513946,-5.52643368637441,11.3872427983546,18.7319999999998,64.4120370370353,10.0000000000003,25.7648148148141,4.00000000000014,36.4066979166189,66.7306979166188,10.0000000000003,89.9999999999999,5.12923037376822e-14,2.25408920476204e-14,4.54747350886464e-13,0,0,8.32667268468867e-16,5.6843418860808e-14,0,11.2,2.2356225,0.0017057,1,"",0.472375347878994,0,PROJECT_ROOT\Round2_revision\runs_certified\principal_none_43684_V2G.mat
principal_none_43685_V2H,43685,2014-09-14,V2H,none,1,Solved,R2.2,2026-10-01 14:14:25,0.923731236934634,0.868129622016423,0.114485803831975,0.152342585416813,0.0177448333333723,14.4225041152261,3.02073361034235,11.4017705048837,11.3930041152271,1.61316666667021,64.4120370370353,61.0652777777678,25.7648148148141,24.4261111111071,36.4066979166189,94.9999999999971,61.0652777777678,89.9999999999999,6.33937347060964e-14,2.2519165822428e-14,0,0,0,1.26565424807268e-14,5.6843418860808e-14,0,9.8,2.0225306,0.0007528,1,"",0.923731236934622,0,PROJECT_ROOT\Round2_revision\runs_certified\principal_none_43685_V2H.mat
principal_none_43685_V2G,43685,2014-09-14,V2G,none,1,Solved,R2.2,2026-10-01 14:14:27,0.429166261831863,0.868157213580284,0.81131520383187,0.152342585416786,0.219981666666663,14.4253950617293,21.4067336103396,-6.98133854861029,11.3950617283957,19.998333333333,64.4120370370353,10.0000000000005,25.7648148148141,4.00000000000021,36.4066979166189,94.999999999998,10.0000000000005,89.9999999999998,7.64027729971417e-13,2.42005988743357e-13,0,0,0,7.7715611723761e-16,7.105427357601e-14,0,9.8,2.1342546,0.0013417,1,"",0.429166261831864,0,PROJECT_ROOT\Round2_revision\runs_certified\principal_none_43685_V2G.mat
principal_none_43686_V2H,43686,2014-09-15,V2H,none,1,Solved,R2.2,2026-10-01 14:14:29,0.893592176520428,0.860162273045321,0.177906778894656,0.164368515703033,0.0469681666667297,14.0245946502068,4.69411026107271,9.33048438913409,11.3724279835389,4.26983333333907,64.4120370370353,57.1393518518338,25.7648148148141,22.8557407407335,36.4066979166189,79.7730955678566,57.1393518518338,89.9999999999979,1.63576166500867e-11,1.45362163319128e-12,0,0,0,4.44089209850063e-16,8.5265128291212e-13,0,8.4,1.795667,0.0007629,1,"",0.893592176520427,0,PROJECT_ROOT\Round2_revision\runs_certified\principal_none_43686_V2H.mat
principal_none_43686_V2G,43686,2014-09-15,V2G,none,1,Solved,R2.2,2026-10-01 14:14:31,0.437094693187106,0.860162273045275,0.821076095561341,0.164368515703157,0.233640000000015,14.0245946502059,21.6642769277399,-7.63968227753399,11.3724279835397,21.2400000000013,64.4120370370353,9.99999999999572,25.7648148148141,3.99999999999829,36.4066979166189,79.7730955679043,9.99999999999572,89.9999999999995,7.32497396072063e-13,2.14887138819537e-13,0,0,0,5.55111512312578e-17,2.1316282072803e-13,0,8.4,2.1710127,0.0012543,1,"",0.437094693187106,0,PROJECT_ROOT\Round2_revision\runs_certified\principal_none_43686_V2G.mat
principal_none_43687_V2H,43687,2014-09-16,V2H,none,1,Solved,R2.2,2026-10-01 14:14:33,0.66830947466595,0.709663623045127,0.263653424470183,0.196913109424281,0.0253861666667239,12.7777613168725,6.95655473536102,5.82120658151146,11.3724279835399,2.30783333333853,64.4120370370353,62.5893518518374,25.7648148148141,25.0357407407349,36.4066979166189,85.8775046167041,62.5893518518374,90,1.01030295240889e-13,2.53846297384728e-14,0,0,0,4.44089209850063e-16,1.4210854715202e-14,0,8.4,2.0810706,0.0009536,1,"",0.66830947466595,0,PROJECT_ROOT\Round2_revision\runs_certified\principal_none_43687_V2H.mat
principal_none_43687_V2G,43687,2014-09-16,V2G,none,1,Solved,R2.2,2026-10-01 14:14:36,0.159034191332759,0.709663623045126,0.981182541136648,0.196913109424281,0.233639999999999,12.7777613168725,25.8887214020224,-13.1109600851499,11.3724279835399,21.2399999999999,64.4120370370353,10.0000000000002,25.7648148148141,4.00000000000009,36.4066979166189,85.877504616824,10.0000000000002,90,1.15407683409785e-13,2.36639555114681e-14,1.13686837721616e-13,0,0,9.99200722162641e-16,1.4210854715202e-14,0,8.4,2.3065756,0.0011932,1,"",0.159034191332758,0,PROJECT_ROOT\Round2_revision\runs_certified\principal_none_43687_V2G.mat
principal_none_43689_V2H,43689,2014-09-18,V2H,none,1,Solved,R2.2,2026-10-01 14:14:38,1.29297566829699,1.30252210337874,0.194688520498539,0.176695918750125,0.00844616666666595,16.2846246502071,5.1369002770063,11.1477243732007,11.3724279835399,0.767833333333269,64.4120370370353,56.3671296296298,25.7648148148141,22.5468518518519,36.4066979166189,95.0000000000004,56.3671296296298,90,6.68021193916957e-13,1.17024590686123e-13,0,0,0,8.88178419700125e-16,1.4210854715202e-14,0,12.6,2.1558469,0.0011412,1,"",1.29297566829699,0,PROJECT_ROOT\Round2_revision\runs_certified\principal_none_43689_V2H.mat
principal_none_43689_V2G,43689,2014-09-18,V2G,none,1,Solved,R2.2,2026-10-01 14:14:40,0.843956384963614,1.30252210337871,0.827321637165226,0.176695918750125,0.19206,16.2846246502069,21.8290669436735,-5.54444229346662,11.3724279835399,17.46,64.4120370370353,10.0000000000001,25.7648148148141,4.00000000000004,36.4066979166189,95.0000000000005,10.0000000000001,90,1.54057322454548e-13,2.9305675629397e-14,4.54747350886464e-13,0,0,6.66133814775094e-16,0,0,12.6,1.9866589,0.0014168,1,"",0.843956384963613,0,PROJECT_ROOT\Round2_revision\runs_certified\principal_none_43689_V2G.mat
principal_none_43690_V2H,43690,2014-09-19,V2H,none,1,Solved,R2.2,2026-10-01 14:14:42,1.09494279045489,1.04880980886993,0.181518270498576,0.193758418750142,0.033892833333396,15.7960599639928,4.78940027700728,11.0066596869855,11.7251028806589,3.08116666667236,64.4120370370353,64.7347222222057,25.7648148148141,25.8938888888823,36.4066979166189,95.0000000000051,64.4120370370353,90.7935185185178,1.04954933632939e-12,5.35937690371121e-13,0,0,0,0,1.12976294985856e-12,0,7,2.2401488,0.0008332,1,"",1.09494279045489,0,PROJECT_ROOT\Round2_revision\runs_certified\principal_none_43690_V2H.mat
principal_none_43690_V2G,43690,2014-09-19,V2G,none,1,Solved,R2.2,2026-10-01 14:14:45,0.56489174045487,1.04880980886994,0.928318820498539,0.193758418750137,0.250642333333332,15.7960599639927,24.4939002770063,-8.69784031301362,11.7251028806592,22.7856666666665,64.4120370370353,10.0000000000003,25.7648148148141,4.00000000000014,36.4066979166189,95.0000000000028,10.0000000000003,90.7935185185185,6.63136212608606e-13,1.0329630985521e-13,0,0,0,2.22044604925031e-16,0,0,7,2.5609568,0.0012637,1,"",0.56489174045487,0,PROJECT_ROOT\Round2_revision\runs_certified\principal_none_43690_V2G.mat
principal_none_43691_V2H,43691,2014-09-20,V2H,none,1,Solved,R2.2,2026-10-01 14:14:47,1.53863335418665,1.35924910210316,0,0.152342585416791,0.0270416666667002,17.816247871142,0,17.816247871142,11.8148148148155,2.45833333333638,64.4120370370353,56.166666666658,25.7648148148141,22.4666666666632,36.4066979166189,95,56.166666666658,90,5.63504798378744e-12,5.71809637233096e-13,0,0,0,4.44089209850063e-16,7.105427357601e-15,0,11.2,2.1110675,0.0008218,1,"",1.53863335418665,0,PROJECT_ROOT\Round2_revision\runs_certified\principal_none_43691_V2H.mat
principal_none_43691_V2G,43691,2014-09-20,V2G,none,1,Solved,R2.2,2026-10-01 14:14:49,1.09155535418685,1.35924910210339,0.629898,0.152342585416791,0.209861666666664,17.8162478711428,16.62,1.19624787114284,11.8148148148155,19.0783333333331,64.4120370370353,10.0000000000004,25.7648148148141,4.00000000000017,36.4066979166189,95,10.0000000000004,89.9999999999999,4.46531700504238e-13,8.70749127540378e-14,0,0,0,0,2.8421709430404e-14,0,11.2,2.316792,0.0009797,1,"",1.09155535418685,0,PROJECT_ROOT\Round2_revision\runs_certified\principal_none_43691_V2G.mat
principal_none_43692_V2H,43692,2014-09-21,V2H,none,1,Solved,R2.2,2026-10-01 14:14:52,1.00766854639965,0.886018414814827,0.0886569538320224,0.152342585416801,0.057964500000048,15.0510370370371,2.3392336103436,12.7118034266935,11.4703703703711,5.26950000000437,64.4120370370353,51.082870370358,25.7648148148141,20.4331481481432,36.4066979166189,95.0000000000018,51.082870370358,89.9999999999999,5.97716320882569e-14,2.43833188556089e-14,4.54747350886464e-13,0,0,4.44089209850063e-16,5.6843418860808e-14,0,9.8,1.9826082,0.0020879,1,"",1.00766854639965,0,PROJECT_ROOT\Round2_revision\runs_certified\principal_none_43692_V2H.mat
principal_none_43692_V2G,43692,2014-09-21,V2G,none,1,Solved,R2.2,2026-10-01 14:14:54,0.609822029733105,0.886018414814841,0.649191637165196,0.152342585416796,0.220652666666664,15.0510370370376,17.1290669436727,-2.0780299066351,11.4703703703711,20.0593333333331,64.4120370370353,10.0000000000004,25.7648148148141,4.00000000000017,36.4066979166189,95.0000000000019,10.0000000000004,89.9999999999999,4.05619982046801e-13,4.36378026507021e-14,0,0,0,6.66133814775094e-16,5.6843418860808e-14,0,9.8,2.1962623,0.0008288,1,"",0.609822029733106,0,PROJECT_ROOT\Round2_revision\runs_certified\principal_none_43692_V2G.mat
principal_none_43693_V2H,43693,2014-09-22,V2H,none,1,Solved,R2.2,2026-10-01 14:14:56,0.700556371180789,0.716064206378633,0.224477231787462,0.164468896589553,0.044500500000066,12.8052613168733,5.92288210521009,6.88237921166318,11.3724279835389,4.045500000006,64.4120370370353,57.7624999999812,25.7648148148141,23.1049999999925,36.4066979166189,93.0111495845085,57.7624999999812,89.9999999999979,1.6314415096641e-11,1.45667819939772e-12,0,0,0,2.22044604925031e-16,8.5265128291212e-13,0,8.4,2.027747,0.0009501,1,"",0.70055637118079,0,PROJECT_ROOT\Round2_revision\runs_certified\principal_none_43693_V2H.mat
principal_none_43693_V2G,43693,2014-09-22,V2G,none,1,Solved,R2.2,2026-10-01 14:14:58,0.238024321180732,0.716064206378627,0.876148781787431,0.164468896589537,0.233639999999999,12.8052613168731,23.1173821052092,-10.3121207883361,11.3724279835399,21.2399999999999,64.4120370370353,10.0000000000003,25.7648148148141,4.00000000000014,36.4066979166189,93.0111495845026,10.0000000000003,90,6.7212901910807e-13,1.18321245897535e-13,0,0,0,6.38378239159465e-16,0,0,8.4,2.1531927,0.0010831,1,"",0.238024321180732,0,PROJECT_ROOT\Round2_revision\runs_certified\principal_none_43693_V2G.mat
principal_none_43695_V2H,43695,2014-09-24,V2H,none,1,Solved,R2.2,2026-10-01 14:15:00,0.7156895845927,0.738105573045163,0.186792407202353,0.126375085416477,0.0380013333334119,13.708261316872,4.9285595567903,8.77970176008172,11.3724279835399,3.45466666667381,64.4120370370353,62.9037037036838,25.7648148148141,25.1614814814735,36.4066979166189,85.0124999998794,62.9037037036838,90,3.13901682424955e-11,2.69333680000183e-12,0,0,0,2.22044604925031e-16,1.4210854715202e-14,0,7,2.0768828,0.0008364,1,"",0.715689584592699,0,PROJECT_ROOT\Round2_revision\runs_certified\principal_none_43695_V2H.mat
principal_none_43695_V2G,43695,2014-09-24,V2G,none,1,Solved,R2.2,2026-10-01 14:15:03,0.203370117926621,0.738105573045298,0.908610540535469,0.126375085416794,0.247499999999998,13.7082613168731,23.9738928901179,-10.2656315732448,11.3724279835399,22.4999999999998,64.4120370370353,10.0000000000004,25.7648148148141,4.00000000000017,36.4066979166189,85.0125000000013,10.0000000000004,90,1.9417800700694e-13,2.96889330369857e-14,0,0,0,1.66533453693773e-16,0,0,7,2.1849243,0.0006837,1,"",0.203370117926621,0,PROJECT_ROOT\Round2_revision\runs_certified\principal_none_43695_V2G.mat
principal_none_43696_V2H,43696,2014-09-25,V2H,none,1,Solved,R2.2,2026-10-01 14:15:05,1.44880392129705,1.49980537304541,0.21603253716521,0.152342585416852,0.0126885000000041,17.8435946502072,5.70006694367308,12.1435277065341,11.3724279835389,1.15350000000037,64.4120370370353,55.2958333333302,25.7648148148141,22.1183333333321,36.4066979166189,95.0000000000233,55.2958333333302,89.9999999999979,1.52562268374012e-11,1.29841406993388e-12,0,0,0,2.22044604925031e-16,8.5265128291212e-13,0,12.6,1.9460016,0.0009052,1,"",1.44880392129705,0,PROJECT_ROOT\Round2_revision\runs_certified\principal_none_43696_V2H.mat
principal_none_43696_V2G,43696,2014-09-25,V2G,none,1,Solved,R2.2,2026-10-01 14:15:07,1.01015907129702,1.49980537304537,0.834048887165198,0.152342585416852,0.19206,17.8435946502064,22.0065669436728,-4.1629722934664,11.3724279835397,17.46,64.4120370370353,9.99999999999957,25.7648148148141,3.99999999999983,36.4066979166189,95.0000000000233,9.99999999999957,89.9999999999995,7.63424046201777e-13,1.72623224887689e-13,0,0,0,4.44089209850063e-16,2.1316282072803e-13,0,12.6,2.1375996,0.0007647,1,"",1.01015907129702,0,PROJECT_ROOT\Round2_revision\runs_certified\principal_none_43696_V2G.mat
principal_none_43697_V2H,43697,2014-09-26,V2H,none,1,Solved,R2.2,2026-10-01 14:15:09,1.29835710874567,1.15753551049406,0.0563661538319027,0.152342585416793,0.0448451666667234,15.8066234567939,1.48723361034044,14.3193898464535,11.8401234567913,4.07683333333849,64.4120370370353,62.2277777777644,25.7648148148141,24.8911111111058,36.4066979166189,95.0000000000006,62.2277777777644,91.0523148148158,1.03639319348758e-12,5.11682309389323e-13,0,0,0,2.22044604925031e-16,5.6843418860808e-14,0,7,2.1391118,0.0007482,1,"",1.29835710874567,0,PROJECT_ROOT\Round2_revision\runs_certified\principal_none_43697_V2H.mat
principal_none_43697_V2G,43697,2014-09-26,V2G,none,1,Solved,R2.2,2026-10-01 14:15:11,0.792583308745512,1.15753551049392,0.768961953831871,0.152342585416795,0.251667166666665,15.8066234567911,20.2892336103396,-4.48261015354851,11.8401234567909,22.8788333333332,64.4120370370353,10.0000000000003,25.7648148148141,4.00000000000014,36.4066979166189,95.0000000000017,10.0000000000003,91.0523148148148,4.3293146845258e-13,8.84657435598287e-14,0,0,0,0,0,0,7,2.1617923,0.0008136,1,"",0.792583308745512,0,PROJECT_ROOT\Round2_revision\runs_certified\principal_none_43697_V2G.mat
principal_none_43698_V2H,43698,2014-09-27,V2H,none,1,Solved,R2.2,2026-10-01 14:15:13,1.57369937178215,1.4231246735305,0.0588043871652038,0.177508418750141,0.0318706666667165,17.0383084207823,1.55156694367292,15.4867414771094,11.4652263374505,2.89733333333786,64.4120370370353,54.1606481481382,25.7648148148141,21.6642592592553,36.4066979166189,95.0000000000066,54.1606481481382,90.0000000000016,1.05049302590032e-12,5.44489519130739e-13,0,0,0,4.44089209850063e-16,6.3948846218409e-13,0,11.2,2.2195288,0.0016304,1,"",1.57369937178215,0,PROJECT_ROOT\Round2_revision\runs_certified\principal_none_43698_V2H.mat
principal_none_43698_V2G,43698,2014-09-27,V2G,none,1,Solved,R2.2,2026-10-01 14:15:16,1.14604765511537,1.42312467353038,0.661332270498511,0.177508418750167,0.206746833333331,17.0383084207825,17.4494002770056,-0.411091856223038,11.4652263374493,18.7951666666665,64.4120370370353,10.0000000000004,25.7648148148141,4.00000000000015,36.4066979166189,95.0000000000017,10.0000000000004,89.9999999999999,5.45063993939721e-13,1.48592039892654e-13,0,0,0,1.11022302462516e-15,4.2632564145606e-14,0,11.2,1.9854158,0.0007834,1,"",1.14604765511537,0,PROJECT_ROOT\Round2_revision\runs_certified\principal_none_43698_V2G.mat
principal_none_43700_V2H,43700,2014-09-29,V2H,none,1,Solved,R2.2,2026-10-01 14:15:18,1.33417483463932,1.14370258255581,0,0.152342585416791,0.0381296666667189,17.4546943731996,0,17.4546943731996,11.3724279835399,3.46633333333808,64.4120370370353,59.3712962962831,25.7648148148141,23.7485185185132,36.4066979166189,95,59.3712962962831,90,5.85442805345338e-12,6.37092293414978e-13,0,0,0,6.66133814775094e-16,1.4210854715202e-14,0,8.4,2.0522344,0.0008566,1,"",1.33417483463932,0,PROJECT_ROOT\Round2_revision\runs_certified\principal_none_43700_V2H.mat
principal_none_43700_V2G,43700,2014-09-29,V2G,none,1,Solved,R2.2,2026-10-01 14:15:20,0.85606320130617,1.14370258255605,0.673621966666665,0.152342585416791,0.233639999999999,17.4546943732004,17.7736666666666,-0.318972293466212,11.3724279835399,21.2399999999999,64.4120370370353,10.0000000000003,25.7648148148141,4.00000000000013,36.4066979166189,95,10.0000000000003,90,4.38371561273243e-13,8.70100853585599e-14,0,0,0,7.7715611723761e-16,7.105427357601e-15,0,8.4,2.4747794,0.0011153,1,"",0.856063201306169,0,PROJECT_ROOT\Round2_revision\runs_certified\principal_none_43700_V2G.mat
principal_none_43701_V2H,43701,2014-09-30,V2H,none,1,Solved,R2.2,2026-10-01 14:15:22,1.27124758796323,1.2165528897116,0.13751005383187,0.152342585416792,0.0398621666667081,15.0850946502051,3.62823361033959,11.4568610398655,11.3724279835399,3.6238333333371,64.4120370370353,58.9337962962858,25.7648148148141,23.5735185185143,36.4066979166189,95.0000000000005,58.9337962962858,90,9.18021214602049e-12,8.45469663572882e-13,0,0,0,2.22044604925031e-16,1.4210854715202e-14,0,8.4,2.0069001,0.0011557,1,"",1.27124758796323,0,PROJECT_ROOT\Round2_revision\runs_certified\principal_none_43701_V2H.mat
principal_none_43701_V2G,43701,2014-09-30,V2G,none,1,Solved,R2.2,2026-10-01 14:15:25,0.797372704630234,1.21655288971198,0.805162770498545,0.152342585416799,0.233639999999999,15.0850946502065,21.2444002770065,-6.15930562679994,11.3724279835399,21.2399999999999,64.4120370370353,10.0000000000003,25.7648148148141,4.0000000000001,36.4066979166189,95.0000000000013,10.0000000000003,90,2.63719601711898e-13,6.41216448342392e-14,4.54747350886464e-13,0,0,5.55111512312578e-16,1.4210854715202e-14,0,8.4,2.1075847,0.0007716,1,"",0.797372704630234,0,PROJECT_ROOT\Round2_revision\runs_certified\principal_none_43701_V2G.mat
principal_none_43702_V2H,43702,2014-10-01,V2H,none,1,Solved,R2.2,2026-10-01 14:15:27,0.987801404629889,0.800778689711721,0.0247638704987073,0.152342585416801,0.0594440000000741,14.2770946502041,0.653400277010746,13.6236943731933,11.3724279835399,5.40400000000674,64.4120370370353,57.4888888888701,25.7648148148141,22.9955555555481,36.4066979166187,95.0000000000017,57.4888888888701,90,6.57807142090405e-14,2.48650463031785e-14,4.54747350886464e-13,0,0,1.66533453693773e-15,1.4210854715202e-14,0,7,2.067666,0.0006783,1,"",0.987801404629887,0,PROJECT_ROOT\Round2_revision\runs_certified\principal_none_43702_V2H.mat
principal_none_43702_V2G,43702,2014-10-01,V2G,none,1,Solved,R2.2,2026-10-01 14:15:29,0.527919004630249,0.800778689711983,0.672702270498528,0.152342585416796,0.247499999999998,14.2770946502066,17.749400277006,-3.47230562679944,11.3724279835398,22.4999999999999,64.4120370370353,10.0000000000002,25.7648148148141,4.00000000000007,36.4066979166189,95.0000000000018,10.0000000000002,89.9999999999997,6.2158611591201e-13,8.8382458035301e-14,0,0,0,1.11022302462516e-16,9.9475983006414e-14,0,7,2.2564339,0.0007687,1,"",0.527919004630249,0,PROJECT_ROOT\Round2_revision\runs_certified\principal_none_43702_V2G.mat
principal_ge_43593_V2H,43593,2014-06-14,V2H,ge,1,Solved,R2.2,2026-10-01 14:15:31,0.624939333458676,0.73226527818955,0.195127030147707,0.0803009187501287,0.00750016666670486,14.5042139917745,5.1484704524461,9.35574353932845,13.2862139917742,0.681833333336805,64.4120370370353,64.412037037036,25.7648148148141,25.7648148148144,36.4066979166189,67.2916666666684,60.23450462962,89.9999999999998,1.04546926671389e-12,4.97590409958295e-13,0,0,0,2.22044604925031e-16,7.8159700933611e-14,0,11.2,2.0578107,0.0013941,1,"",0.624939333458676,0,PROJECT_ROOT\Round2_revision\runs_certified\principal_ge_43593_V2H.mat
principal_ge_43593_V2G,43593,2014-06-14,V2G,ge,1,Solved,R2.2,2026-10-01 14:15:33,0.624939333458349,0.732265278189259,0.195127030147708,0.0803009187501283,0.00750016666666986,14.5042139917687,5.14847045244612,9.3557435393226,13.2862139917686,0.681833333333624,64.4120370370353,64.4120370370322,25.7648148148141,25.7648148148129,36.4066979166189,67.2916666666682,60.2345046296253,89.9999999999965,7.48560935459608e-13,3.04368533563759e-13,0,0,0,1.11022302462516e-16,1.3997691894474e-12,1.20792265079217e-12,11.2,2.121364,0.0008272,1,"",0.624939333458349,0,PROJECT_ROOT\Round2_revision\runs_certified\principal_ge_43593_V2G.mat
principal_ge_43594_V2H,43594,2014-06-15,V2H,ge,1,Solved,R2.2,2026-10-01 14:15:36,0.638371598375706,0.705054450459151,0.131538266666704,0.0426574145832298,0.0221980000000298,13.8574651187921,3.47066666666765,10.3867984521244,13.3802469135841,2.01800000000271,64.4120370370353,64.4120370370363,25.7648148148141,25.7648148148145,19.999999999992,36.4066979166189,61.3170138888818,90.0000000000001,1.03089758951569e-12,4.29928727758864e-13,0,0,0,0,2.1316282072803e-14,0,9.8,2.1665366,0.0043715,1,"",0.638371598375706,0,PROJECT_ROOT\Round2_revision\runs_certified\principal_ge_43594_V2H.mat
principal_ge_43594_V2G,43594,2014-06-15,V2G,ge,1,Solved,R2.2,2026-10-01 14:15:38,0.638100106605955,0.704840425356122,0.131614066666704,0.0426574145832083,0.0222163333333286,13.8598560652907,3.47266666666765,10.3871893986231,13.382304526748,2.01966666666623,64.4120370370353,64.4120370370342,25.7648148148141,25.7648148148137,20.0000000000003,36.4066979166189,61.3078842592584,89.9999999999973,6.81676937119846e-13,2.37250680678357e-13,0,0,0,1.11022302462516e-16,1.08002495835535e-12,4.29878355134861e-13,9.8,2.0888219,0.0009073,1,"",0.638100106605955,0,PROJECT_ROOT\Round2_revision\runs_certified\principal_ge_43594_V2G.mat
principal_ge_43595_V2H,43595,2014-06-16,V2H,ge,1,Solved,R2.2,2026-10-01 14:15:40,0.491140079416515,0.64156183971205,0.176247633333409,0.0185457063712085,0.00728016666666517,12.8455946502081,4.65033333333534,8.19526131687279,11.3740946502056,0.661833333333197,64.4120370370353,67.1653240740723,25.7648148148141,26.8661296296289,29.2737339276925,36.4066979166189,64.4120370370353,89.9999999999979,7.64430185817844e-13,2.96279486501877e-13,0,0,0,5.55111512312578e-17,8.5265128291212e-13,0,8.4,2.0948307,0.0015481,1,"",0.491140079416515,0,PROJECT_ROOT\Round2_revision\runs_certified\principal_ge_43595_V2H.mat
principal_ge_43595_V2G,43595,2014-06-16,V2G,ge,1,Solved,R2.2,2026-10-01 14:15:42,0.463849729416455,0.640853789711925,0.213718100000028,0.0185457063712185,0.0181683333333388,12.8427613168728,5.63900000000074,7.20376131687211,11.3724279835399,1.65166666666716,64.4120370370353,64.4120370370357,25.7648148148141,25.7648148148143,29.2737339276887,36.4066979166189,64.4120370370353,90,1.09579012530503e-13,2.52894043514871e-14,0,0,0,1.33226762955019e-15,0,0,8.4,2.1955795,0.0008872,1,"",0.463849729416453,0,PROJECT_ROOT\Round2_revision\runs_certified\principal_ge_43595_V2G.mat
principal_ge_43597_V2H,43597,2014-06-18,V2H,ge,1,Solved,R2.2,2026-10-01 14:15:44,0.273575800433221,0.582077102516687,0.369000716666672,0.0426574145832067,0.0178419999999987,11.6381461887502,9.7361666666668,1.90197952208338,11.3754279835399,1.62199999999989,64.4120370370353,68.0011944444448,25.7648148148141,27.2004777777779,20.0000000000009,36.4066979166189,64.4120370370353,90,6.7612582199672e-13,6.92715678492902e-14,0,0,0,4.44089209850063e-16,0,0,7,2.1067167,0.0008928,1,"",0.273575800433221,0,PROJECT_ROOT\Round2_revision\runs_certified\principal_ge_43597_V2H.mat
principal_ge_43597_V2G,43597,2014-06-18,V2G,ge,1,Solved,R2.2,2026-10-01 14:15:47,0.238633400433189,0.581877269183335,0.417929616666694,0.0426574145832104,0.0320283333333385,11.6364795220833,11.0271666666674,0.609312855415917,11.3724279835399,2.91166666666714,64.4120370370353,64.4120370370357,25.7648148148141,25.7648148148143,19.9999999999995,36.4066979166189,64.4120370370353,90,1.12576614696991e-13,2.27450267367533e-14,0,0,0,1.4432899320127e-15,0,0,7,2.1978489,0.0008422,1,"",0.238633400333257,9.99307303573005e-11,PROJECT_ROOT\Round2_revision\runs_certified\principal_ge_43597_V2G.mat
principal_ge_43598_V2H,43598,2014-06-19,V2H,ge,1,Solved,R2.2,2026-10-01 14:15:49,0.716298022897188,0.844388216647324,0.174030483333341,0.0428529562498726,0.0030873333333329,15.6183627524068,4.59183333333353,11.0265294190733,14.346502057614,0.280666666666628,64.4120370370353,64.4120370370371,25.7648148148141,25.7648148148149,20.0000000000012,36.4066979166189,57.7203703703705,90,5.07045100350823e-12,4.29951975902622e-13,0,0,0,3.33066907387547e-16,0,0,12.6,2.0259971,0.0007515,1,"",0.716298022897188,0,PROJECT_ROOT\Round2_revision\runs_certified\principal_ge_43598_V2H.mat
principal_ge_43598_V2G,43598,2014-06-19,V2G,ge,1,Solved,R2.2,2026-10-01 14:15:51,0.71629802289717,0.844388216647312,0.174030483333351,0.0428529562498759,0.00308733333333302,15.6183627524067,4.5918333333338,11.0265294190729,14.3465020576131,0.280666666666638,64.4120370370353,64.4120370370352,25.7648148148141,25.7648148148141,19.9999999999999,36.4066979166189,57.7203703703704,90,2.55018228756398e-13,3.47341556442097e-14,4.54747350886464e-13,0,0,6.66133814775094e-16,0,7.105427357601e-15,12.6,2.2404237,0.0007688,1,"",0.716298022897169,0,PROJECT_ROOT\Round2_revision\runs_certified\principal_ge_43598_V2G.mat
principal_ge_43599_V2H,43599,2014-06-20,V2H,ge,1,Solved,R2.2,2026-10-01 14:15:53,0.291222783766561,0.567326502516715,0.324057633333405,0.0426574145832017,0.0052965000000491,11.2608128554171,8.55033333333522,2.71047952208183,11.377261316873,0.481500000004464,64.4120370370353,71.1733749999871,25.7648148148141,28.4693499999948,20.0000000000028,36.4066979166189,64.4120370370353,89.9999999999995,1.04864728012188e-12,5.04331928899812e-13,0,0,0,2.22044604925031e-16,1.91846538655227e-13,0,7,2.1439298,0.0008934,1,"",0.291222783766561,0,PROJECT_ROOT\Round2_revision\runs_certified\principal_ge_43599_V2H.mat
principal_ge_43599_V2G,43599,2014-06-20,V2G,ge,1,Solved,R2.2,2026-10-01 14:15:56,0.224820117099825,0.566326902516646,0.416192533333368,0.0426574145832082,0.0320283333333389,11.2568128554167,10.9813333333342,0.275479522082463,11.3724279835399,2.91166666666717,64.4120370370353,64.4120370370356,25.7648148148141,25.7648148148143,20.0000000000003,36.4066979166189,64.4120370370352,90,4.30766533554561e-14,2.19878249619952e-14,1.70530256582424e-13,0,0,1.11022302462516e-16,0,0,7,2.2981567,0.0008442,1,"",0.224820117099825,0,PROJECT_ROOT\Round2_revision\runs_certified\principal_ge_43599_V2G.mat
principal_ge_43600_V2H,43600,2014-06-21,V2H,ge,1,Solved,R2.2,2026-10-01 14:15:58,0.0421161304043628,0.477536215563862,0.479220233333393,0.0426574145832101,0.00114273359068301,9.56986403935596,12.6443333333349,-3.07446929397894,12.5726973726914,0.103884871880274,64.4120370370353,64.4120370370347,25.7648148148141,25.7648148148139,19.9999999999996,36.4066979166189,61.7805555555542,89.9999999999998,2.28455449002851e-12,4.78137035314438e-13,0,0,0,1.11022302462516e-16,8.5265128291212e-14,2.27373675443232e-13,11.2,2.118647,0.0009388,1,"",0.0421161304043626,0,PROJECT_ROOT\Round2_revision\runs_certified\principal_ge_43600_V2H.mat
principal_ge_43600_V2G,43600,2014-06-21,V2G,ge,1,Solved,R2.2,2026-10-01 14:16:00,0.042116130404222,0.47753621556376,0.479220233333393,0.0426574145832091,0.00114273359064545,9.56986403935392,12.6443333333349,-3.07446929398099,12.5726973726872,0.103884871876859,64.4120370370353,64.4120370370346,25.7648148148141,25.7648148148138,20,36.4066979166189,61.711430911452,89.9999999999988,6.40293373876943e-13,1.41264554609608e-13,0,0,0,4.85722573273506e-17,4.61852778244065e-13,2.70006239588838e-13,11.2,2.1675966,0.0008891,1,"",0.042116130404222,0,PROJECT_ROOT\Round2_revision\runs_certified\principal_ge_43600_V2G.mat
principal_ge_43602_V2H,43602,2014-06-23,V2H,ge,1,Solved,R2.2,2026-10-01 14:16:02,0.213477186502154,0.597460746918948,0.41380483333334,0.0218976062498765,0.0079236666666699,11.8258746658333,10.9183333333335,0.907541332499742,11.3740946502065,0.720333333333628,64.4120370370353,67.0028240740732,25.7648148148141,26.8011296296293,28.15,36.4066979166189,64.4120370370353,90,2.24639751245093e-13,3.07448596892588e-14,0,0,0,3.00315328161105e-14,1.4210854715202e-14,0,8.4,2.1171103,0.000983,1,"",0.213477186502124,0,PROJECT_ROOT\Round2_revision\runs_certified\principal_ge_43602_V2H.mat
principal_ge_43602_V2G,43602,2014-06-23,V2G,ge,1,Solved,R2.2,2026-10-01 14:16:04,0.187937153168798,0.596960946918943,0.44908973333336,0.0218976062498765,0.0181683333333388,11.8238746658332,11.849333333334,-0.0254586675008852,11.3724279835399,1.65166666666717,64.4120370370353,64.4120370370356,25.7648148148141,25.7648148148143,28.15,36.4066979166189,64.4120370370352,90,1.33233701848923e-13,2.34016663744207e-14,0,0,0,3.33066907387547e-16,1.4210854715202e-14,0,8.4,2.1354137,0.0008292,1,"",0.187937153168799,0,PROJECT_ROOT\Round2_revision\runs_certified\principal_ge_43602_V2G.mat
principal_ge_43603_V2H,43603,2014-06-24,V2H,ge,1,Solved,R2.2,2026-10-01 14:16:07,0.270342490727558,0.579052639711816,0.35173095000001,0.0334783010157527,0.00954249999999997,11.6042613168725,9.28050000000027,2.32376131687226,11.3724279835399,0.867499999999997,64.4120370370353,66.5902777777778,25.7648148148141,26.6361111111111,23.5304282951755,36.4066979166189,64.4120370370353,90,2.45137243837235e-13,3.0754977410477e-14,0,0,0,1.01030295240889e-14,0,0,8.4,2.0666399,0.0007716,1,"",0.270342490727548,0,PROJECT_ROOT\Round2_revision\runs_certified\principal_ge_43603_V2H.mat
principal_ge_43603_V2G,43603,2014-06-24,V2G,ge,1,Solved,R2.2,2026-10-01 14:16:09,0.249248407394169,0.579052639711943,0.381450866666866,0.0334783010157465,0.018168333333345,11.6042613168726,10.0646666666719,1.53959465020069,11.3724279835395,1.65166666666773,64.4120370370353,64.4120370370331,25.7648148148141,25.7648148148132,23.5304282951779,36.4066979166189,64.4120370370331,89.999999999999,6.76667055721225e-13,3.16367753504787e-13,0,0,0,2.77555756156289e-16,3.90798504668055e-13,8.59756710269721e-13,8.4,2.1504408,0.0009753,1,"",0.249248407394169,0,PROJECT_ROOT\Round2_revision\runs_certified\principal_ge_43603_V2G.mat
principal_ge_43604_V2H,43604,2014-06-25,V2H,ge,1,Solved,R2.2,2026-10-01 14:16:11,0.143788513442218,0.581181706378561,0.451016316666753,0.00690212373038376,0.00672100000002692,11.6469279835383,11.900166666669,-0.253238683130661,11.37242798354,0.611000000002448,64.4120370370353,70.8027777777711,25.7648148148141,28.3211111111085,33.7520349433943,36.4066979166189,64.4120370370353,90.0000000000002,1.02501340748518e-12,3.73560993080793e-13,0,0,0,0,6.3948846218409e-14,0,7,2.1325636,0.0009083,1,"",0.143788513442218,0,PROJECT_ROOT\Round2_revision\runs_certified\principal_ge_43604_V2H.mat
principal_ge_43604_V2G,43604,2014-06-25,V2G,ge,1,Solved,R2.2,2026-10-01 14:16:13,0.0819005801088823,0.581181706378605,0.538211583333437,0.00690212373038376,0.0320283333333305,11.6469279835392,14.2008333333361,-2.55390534979689,11.3724279835398,2.91166666666641,64.4120370370353,64.4120370370375,25.7648148148141,25.764814814815,33.7520349433943,36.4066979166189,64.4120370370353,89.9999999999997,6.56558141187702e-13,1.95331472903493e-13,0,0,0,4.16333634234434e-17,9.9475983006414e-14,0,7,2.1137608,0.0008679,1,"",0.0819005801088822,0,PROJECT_ROOT\Round2_revision\runs_certified\principal_ge_43604_V2G.mat
principal_ge_43605_V2H,43605,2014-06-26,V2H,ge,1,Solved,R2.2,2026-10-01 14:16:15,0.348352461357397,0.710376399999918,0.392069183333402,0.0300452446908805,0,14.2359999999984,10.3448333333351,3.89116666666322,13.9999999999979,0,64.4120370370353,64.4120370370304,25.7648148148141,25.7648148148122,24.8508345739725,36.4066979166189,58.5,90,1.02499952969737e-12,4.08891968888624e-13,0,0,0,4.9960036108132e-16,7.105427357601e-15,1.92557081390987e-12,12.6,2.0464242,0.0009574,1,"",0.348352461357398,0,PROJECT_ROOT\Round2_revision\runs_certified\principal_ge_43605_V2H.mat
principal_ge_43605_V2G,43605,2014-06-26,V2G,ge,1,Solved,R2.2,2026-10-01 14:16:18,0.348352461357324,0.710376399999863,0.39206918333342,0.0300452446908808,0,14.2359999999973,10.3448333333356,3.89116666666164,13.9999999999979,0,64.4120370370353,64.4120370370304,25.7648148148141,25.7648148148122,24.8508345739724,36.4066979166189,58.5,90,1.02499952969737e-12,3.38322253572642e-13,0,0,0,3.33066907387547e-16,0,1.92557081390987e-12,12.6,2.1346454,0.0011555,1,"",0.348352461357324,0,PROJECT_ROOT\Round2_revision\runs_certified\principal_ge_43605_V2G.mat
principal_ge_43606_V2H,43606,2014-06-27,V2H,ge,1,Solved,R2.2,2026-10-01 14:16:20,0.242342237495897,0.566893673045302,0.355350400000003,0.0242594644505968,0.00653950000000151,11.3605946502065,9.37600000000008,1.98459465020641,11.3724279835398,0.594500000000138,64.4120370370353,70.8486111111106,25.7648148148141,28.3394444444442,27.0761346663893,36.4066979166189,64.4120370370353,89.9999999999999,5.08343367400244e-14,2.47312091570511e-14,0,0,0,2.02615701994091e-14,5.6843418860808e-14,0,7,2.0932974,0.0007839,1,"",0.242342237495877,0,PROJECT_ROOT\Round2_revision\runs_certified\principal_ge_43606_V2H.mat
principal_ge_43606_V2G,43606,2014-06-27,V2G,ge,1,Solved,R2.2,2026-10-01 14:16:22,0.180010454162548,0.5668936730453,0.443171016666696,0.0242594644506052,0.0320283333333389,11.3605946502065,11.6931666666674,-0.332572016460981,11.3724279835399,2.91166666666717,64.4120370370353,64.4120370370356,25.7648148148141,25.7648148148143,27.0761346663861,36.4066979166189,64.4120370370353,90,5.34641775296052e-14,2.12840591327788e-14,0,0,0,3.33066907387547e-16,7.105427357601e-15,0,7,2.1623751,0.0006587,1,"",0.180010454162549,0,PROJECT_ROOT\Round2_revision\runs_certified\principal_ge_43606_V2G.mat
principal_ge_43608_V2H,43608,2014-06-29,V2H,ge,1,Solved,R2.2,2026-10-01 14:16:24,0.300701981091435,0.488309983174593,0.233369250000068,0.0426574145835505,0.00310383333335936,9.70831079779764,6.15750000000179,3.55081079779585,11.4925925925935,0.282166666669033,64.4120370370353,64.9865740740677,25.7648148148141,25.9946296296271,19.9999999998687,36.4066979166189,64.4120370370353,89.9999999999999,1.05046527032471e-12,4.5485154100602e-13,0,0,0,5.55111512312578e-17,5.6843418860808e-14,0,9.8,2.2074846,0.0008445,1,"",0.300701981091435,0,PROJECT_ROOT\Round2_revision\runs_certified\principal_ge_43608_V2H.mat
principal_ge_43608_V2G,43608,2014-06-29,V2G,ge,1,Solved,R2.2,2026-10-01 14:16:26,0.295138164425061,0.488309983175198,0.241208233333366,0.0426574145832249,0.0053790000000039,9.70831079780369,6.36433333333419,3.34397746446949,11.4925925925928,0.489000000000355,64.4120370370353,64.4120370370347,25.7648148148141,25.7648148148139,19.9999999999939,36.4066979166189,64.4120370370347,89.9999999999988,9.76267677810227e-13,3.41953998648464e-13,0,0,0,3.88578058618805e-16,4.83169060316868e-13,2.23820961764432e-13,9.8,2.1921198,0.0008453,1,"",0.295138164425062,0,PROJECT_ROOT\Round2_revision\runs_certified\principal_ge_43608_V2G.mat
principal_ge_43609_V2H,43609,2014-06-30,V2H,ge,1,Solved,R2.2,2026-10-01 14:16:29,0.198132385845394,0.578796906378638,0.386510516666672,0.000829996133429352,0.00501599999999855,11.5949279835399,10.1981666666668,1.39676131687307,11.3724279835399,0.455999999999868,64.4120370370353,67.7333333333337,25.7648148148141,27.0933333333335,36.162676967864,36.4066979166189,64.4120370370353,90,5.08204589522165e-14,2.10109612962324e-14,0,0,0,1.38777878078145e-16,1.4210854715202e-14,0,8.4,2.1479046,0.0008541,1,"",0.198132385845394,0,PROJECT_ROOT\Round2_revision\runs_certified\principal_ge_43609_V2H.mat
principal_ge_43609_V2G,43609,2014-06-30,V2G,ge,1,Solved,R2.2,2026-10-01 14:16:31,0.165968952512042,0.578796906378635,0.431826283333362,0.000829996133430355,0.0181683333333388,11.5949279835398,11.3938333333341,0.201094650205732,11.3724279835399,1.65166666666716,64.4120370370353,64.4120370370357,25.7648148148141,25.7648148148143,36.1626769678636,36.4066979166189,64.4120370370353,90,4.06341627012807e-14,2.00752014060068e-14,0,0,0,0,0,0,8.4,2.1539872,0.0008714,1,"",0.165968952512042,0,PROJECT_ROOT\Round2_revision\runs_certified\principal_ge_43609_V2G.mat
principal_ge_43610_V2H,43610,2014-07-01,V2H,ge,1,Solved,R2.2,2026-10-01 14:16:33,0.221944710395258,0.579751239711974,0.38339008333334,0.019133887349959,0.00644966666666539,11.6182613168732,10.1158333333335,1.5024279835397,11.3724279835399,0.586333333333217,64.4120370370353,67.3712962962966,25.7648148148141,26.9485185185186,29.047510474327,36.4066979166189,64.4120370370353,90,1.05264408301053e-12,1.30187947054038e-13,0,0,0,2.4980018054066e-16,1.4210854715202e-14,0,8.4,2.1239506,0.0007409,1,"",0.221944710395257,0,PROJECT_ROOT\Round2_revision\runs_certified\principal_ge_43610_V2H.mat
principal_ge_43610_V2G,43610,2014-07-01,V2G,ge,1,Solved,R2.2,2026-10-01 14:16:35,0.193287243728499,0.579751239711993,0.423766216666814,0.019133887349959,0.0181683333333602,11.6182613168736,11.1811666666705,0.43709465020307,11.3724279835395,1.65166666666911,64.4120370370353,64.4120370370294,25.7648148148141,25.7648148148117,29.047510474327,36.4066979166189,64.4120370370294,89.9999999999991,1.90210347472686e-12,3.25649607426006e-13,0,0,0,1.66533453693773e-16,3.5527136788005e-13,2.35189645536593e-12,8.4,2.2443915,0.0008024,1,"",0.193287243728499,0,PROJECT_ROOT\Round2_revision\runs_certified\principal_ge_43610_V2G.mat
principal_ge_43611_V2H,43611,2014-07-02,V2H,ge,1,Solved,R2.2,2026-10-01 14:16:38,0.0116443559629941,0.57934472304523,0.615616016666757,0.0286528162511543,0.0192628333333665,11.600094650205,16.243166666669,-4.64307201646402,11.3740946502065,1.75116666666968,64.4120370370353,67.6393981481397,25.7648148148141,27.0557592592559,25.3863839738672,36.4066979166189,64.4120370370353,90,1.04727337912891e-12,3.94376318548269e-13,0,0,0,1.50920942409982e-16,0,0,7,2.2943271,0.0008144,1,"",0.011644355962994,0,PROJECT_ROOT\Round2_revision\runs_certified\principal_ge_43611_V2H.mat
principal_ge_43611_V2G,43611,2014-07-02,V2G,ge,1,Solved,R2.2,2026-10-01 14:16:40,-0.0201662607036818,0.578719973045276,0.659567383333442,0.0286528162511543,0.0320283333333302,11.5975946502059,17.4028333333362,-5.80523868313027,11.37242798354,2.91166666666639,64.4120370370353,64.412037037038,25.7648148148141,25.7648148148152,25.3863839738672,36.4066979166189,64.4120370370353,90.0000000000002,3.07406877730898e-13,1.86445900268413e-13,0,0,0,6.59194920871187e-17,7.8159700933611e-14,0,7,2.2070051,0.0010213,1,"",-0.0201662607036818,0,PROJECT_ROOT\Round2_revision\runs_certified\principal_ge_43611_V2G.mat
principal_ge_43613_V2H,43613,2014-07-04,V2H,ge,1,Solved,R2.2,2026-10-01 14:16:42,-0.0975139738153002,0.576312306378663,0.676394983333395,0.00066020313942746,0.00190850000000413,11.540927983541,17.846833333335,-6.30590534979395,11.3767613168729,0.173500000000376,64.4120370370353,72.0278055555537,25.7648148148141,28.8111222222215,36.1527736322237,36.4066979166189,64.4120370370353,89.9999999999992,1.02409053459596e-12,2.80481886224339e-13,0,0,0,1.66533453693773e-16,3.12638803734444e-13,0,7,2.1494815,0.0007931,1,"",-0.0975139738153001,0,PROJECT_ROOT\Round2_revision\runs_certified\principal_ge_43613_V2H.mat
principal_ge_43613_V2G,43613,2014-07-04,V2G,ge,1,Solved,R2.2,2026-10-01 14:16:44,-0.171720128136463,0.57583008539089,0.780266250000121,0.000660203139433057,0.0320558333333353,11.5396810699577,20.5875000000032,-9.04781893004548,11.3755144032926,2.91416666666685,64.4120370370353,64.4120370370356,25.7648148148141,25.7648148148142,36.1527736322215,36.4066979166189,64.4120370370353,90,4.61575222487909e-13,2.26353246799698e-13,0,0,0,4.9960036108132e-16,0,0,7,2.0893912,0.0010402,1,"",-0.171720128136462,0,PROJECT_ROOT\Round2_revision\runs_certified\principal_ge_43613_V2G.mat
principal_ge_43614_V2H,43614,2014-07-05,V2H,ge,1,Solved,R2.2,2026-10-01 14:16:47,0.502083514262072,0.65293399444439,0.165136616666674,0.0142861364843264,2.86422737379629e-14,13.0822777777776,4.35716666666685,8.72511111111078,12.4444444444446,2.60384306708753e-12,64.4120370370353,64.4120370370285,25.7648148148141,25.7648148148114,30.9872383713651,36.4066979166189,61.9999999999927,89.9999999999999,4.76493844381309e-14,1.9977055290897e-14,0,0,0,2.8643754035329e-14,2.1316282072803e-14,2.71427325060358e-12,11.2,2.1751745,0.0007666,1,"",0.502083514262043,0,PROJECT_ROOT\Round2_revision\runs_certified\principal_ge_43614_V2H.mat
principal_ge_43614_V2G,43614,2014-07-05,V2G,ge,1,Solved,R2.2,2026-10-01 14:16:49,0.502083514262075,0.652933994444385,0.165136616666674,0.0142861364843266,3.72658940743046e-14,13.0822777777775,4.35716666666685,8.72511111111067,12.4444444444446,3.38780855220951e-12,64.4120370370353,64.4120370370262,25.7648148148141,25.7648148148105,30.987238371365,36.4066979166189,61.9999999999904,89.9999999999999,4.70179450928754e-14,1.99591562571439e-14,0,0,0,3.79696274421804e-14,5.6843418860808e-14,3.62376795237651e-12,11.2,2.1907283,0.0011042,1,"",0.502083514262037,0,PROJECT_ROOT\Round2_revision\runs_certified\principal_ge_43614_V2G.mat
principal_ge_43615_V2H,43615,2014-07-06,V2H,ge,1,Solved,R2.2,2026-10-01 14:16:51,0.258349283848563,0.601233189711851,0.352653183333408,0.00902677747010713,0.000742500000012602,12.0487613168708,9.3048333333353,2.74392798353547,11.3724279835393,0.0675000000011456,64.4120370370353,65.3124999999956,25.7648148148141,26.1249999999982,32.9348604281161,36.4066979166189,64.4120370370353,89.9999999999988,1.61855251423759e-12,3.72382979398447e-13,0,0,0,5.55111512312578e-17,4.9737991503207e-13,0,9.8,2.0507143,0.0007565,1,"",0.258349283848563,0,PROJECT_ROOT\Round2_revision\runs_certified\principal_ge_43615_V2H.mat
principal_ge_43615_V2G,43615,2014-07-06,V2G,ge,1,Solved,R2.2,2026-10-01 14:16:53,0.249629200515369,0.601233189711953,0.364939100000029,0.00902677747010713,0.00430833333333806,12.0487613168728,9.62900000000076,2.41976131687204,11.3724279835387,0.391666666667097,64.4120370370353,64.4120370370333,25.7648148148141,25.7648148148133,32.9348604281161,36.4066979166189,64.4120370370333,89.9999999999974,6.83030021431108e-13,3.11554753958909e-13,0,0,0,1.38777878078145e-16,1.02318153949454e-12,7.92255150372512e-13,9.8,2.1433657,0.0009357,1,"",0.249629200515369,0,PROJECT_ROOT\Round2_revision\runs_certified\principal_ge_43615_V2G.mat
principal_ge_43616_V2H,43616,2014-07-07,V2H,ge,1,Solved,R2.2,2026-10-01 14:16:56,0.0597806230452594,0.577896623045286,0.523588500000079,0,0.00547250000005238,11.5810946502061,13.8150000000021,-2.23390534979595,11.372427983539,0.497500000004762,64.4120370370353,67.6180555555403,25.7648148148141,27.0472222222161,36.4066979166189,36.4066979166189,64.4120370370353,89.999999999998,1.04410230461482e-12,5.00806612342164e-13,0,0,0,1.66533453693773e-16,7.95807864051312e-13,0,8.4,2.083725,0.000888,1,"",0.0597806230452596,0,PROJECT_ROOT\Round2_revision\runs_certified\principal_ge_43616_V2H.mat
principal_ge_43616_V2G,43616,2014-07-07,V2G,ge,1,Solved,R2.2,2026-10-01 14:16:58,0.0287335397118526,0.577896623045278,0.567331416666785,0,0.0181683333333598,11.581094650206,14.9691666666698,-3.38807201646382,11.3724279835395,1.65166666666907,64.4120370370353,64.4120370370295,25.7648148148141,25.7648148148118,36.4066979166189,36.4066979166189,64.4120370370295,89.9999999999992,1.80025439000531e-12,3.30127686190305e-13,0,0,0,1.76941794549634e-16,3.12638803734444e-13,2.28084218178992e-12,8.4,2.1483807,0.0008587,1,"",0.0287335397118524,0,PROJECT_ROOT\Round2_revision\runs_certified\principal_ge_43616_V2G.mat
principal_ge_43617_V2H,43617,2014-07-08,V2H,ge,1,Solved,R2.2,2026-10-01 14:17:00,0.31374821021063,0.581314773045332,0.310710516666734,0.036683287165318,0.00646066666671421,11.6495946502071,8.19816666666845,3.4514279835386,11.3724279835433,0.587333333337655,64.4120370370353,67.3685185185141,25.7648148148141,26.9474074074056,22.2977413145735,36.4066979166189,64.4120370370353,90.0000000000076,1.04864728012188e-12,5.65382223474258e-13,0,0,0,5.55111512312578e-17,3.03401748169563e-12,0,8.4,2.1409608,0.0009489,1,"",0.31374821021063,0,PROJECT_ROOT\Round2_revision\runs_certified\principal_ge_43617_V2H.mat
principal_ge_43617_V2G,43617,2014-07-08,V2G,ge,1,Solved,R2.2,2026-10-01 14:17:02,0.285117643543822,0.581314773045282,0.35104875000011,0.036683287165318,0.0181683333333319,11.649594650206,9.2625000000029,2.38709465020315,11.3724279835399,1.65166666666653,64.4120370370353,64.4120370370374,25.7648148148141,25.764814814815,22.2977413145735,36.4066979166189,64.4120370370353,90,6.54420961865299e-13,2.21241674112774e-13,0,0,0,2.77555756156289e-16,7.105427357601e-15,0,8.4,2.1167793,0.0009844,1,"",0.285117643543822,0,PROJECT_ROOT\Round2_revision\runs_certified\principal_ge_43617_V2G.mat
principal_ge_43619_V2H,43619,2014-07-10,V2H,ge,1,Solved,R2.2,2026-10-01 14:17:04,1.14833895947602,0.982786936847548,0,0.163762689295124,0.00178933333335242,17.9451289949406,0,17.9451289949406,14.2008230452684,0.162666666668401,64.4120370370353,64.4120370370326,25.7648148148141,25.764814814813,36.4066979166189,93.5568925727645,58.0481481481412,89.9999999999979,1.53422136106585e-11,1.33981922971082e-12,0,0,0,2.22044604925031e-16,8.5265128291212e-13,1.07291953099775e-12,12.6,2.0996912,0.000841,1,"",1.14833895947602,0,PROJECT_ROOT\Round2_revision\runs_certified\principal_ge_43619_V2H.mat
principal_ge_43619_V2G,43619,2014-07-10,V2G,ge,1,Solved,R2.2,2026-10-01 14:17:07,1.14833895947575,0.982786936847346,0,0.163762689295079,0.00178933333332771,17.9451289949366,0,17.9451289949366,14.2008230452661,0.162666666666156,64.4120370370353,64.4120370370335,25.7648148148141,25.7648148148134,36.4066979166189,93.556892572747,58.0481481481483,89.9999999999988,1.77478864937797e-12,3.38271808128083e-13,0,0,0,2.22044604925031e-16,4.83169060316868e-13,7.17648163117701e-13,12.6,2.1822706,0.0007274,1,"",1.14833895947575,0,PROJECT_ROOT\Round2_revision\runs_certified\principal_ge_43619_V2G.mat
principal_ge_43620_V2H,43620,2014-07-11,V2H,ge,1,Solved,R2.2,2026-10-01 14:17:09,1.45610244986568,1.27043536444888,0,0.152342585416792,0.0333245000000052,16.7801676242312,0,16.7801676242312,11.5179012345686,3.02950000000047,64.4120370370353,64.4120370370355,25.7648148148141,25.7648148148142,36.4066979166189,95.0000000000005,64.4120370370353,90.3273148148146,7.89013299140606e-12,7.52446887705774e-13,0,0,0,0,5.6843418860808e-14,0,7,2.0122818,0.0007824,1,"",1.45610244986568,0,PROJECT_ROOT\Round2_revision\runs_certified\principal_ge_43620_V2H.mat
principal_ge_43620_V2G,43620,2014-07-11,V2G,ge,1,Solved,R2.2,2026-10-01 14:17:11,1.45610244986571,1.27043536444891,0,0.152342585416792,0.0333245000000053,16.7801676242287,0,16.7801676242287,11.5179012345687,3.02950000000048,64.4120370370353,64.4120370370356,25.7648148148141,25.7648148148143,36.4066979166189,95.0000000000005,64.4120370370353,90.3273148148148,3.26327853628072e-12,3.82363541717298e-13,0,0,0,0,0,0,7,2.4117641,0.0010469,1,"",1.45610244986571,0,PROJECT_ROOT\Round2_revision\runs_certified\principal_ge_43620_V2G.mat
principal_ge_43621_V2H,43621,2014-07-12,V2H,ge,1,Solved,R2.2,2026-10-01 14:17:13,1.65836547500055,1.52282971008233,0.0679256538318943,0.15234258541678,0.0511188333333409,22.9631872427992,1.79223361034022,21.170953632459,18.1816872427998,4.64716666666735,64.4120370370353,64.4120370370365,25.7648148148141,25.7648148148146,36.4066979166189,94.9999999999924,49.5620370370359,90.0000000000008,6.16173778666962e-14,2.3650197119411e-14,4.54747350886464e-13,0,0,6.66133814775094e-16,3.19744231092045e-13,0,11.2,2.0934521,0.0008063,1,"",1.65836547500055,0,PROJECT_ROOT\Round2_revision\runs_certified\principal_ge_43621_V2H.mat
principal_ge_43621_V2G,43621,2014-07-12,V2G,ge,1,Solved,R2.2,2026-10-01 14:17:15,1.65824358981518,1.52273799156363,0.0679888204985724,0.152342585416779,0.0511518333333362,22.9655576131661,1.79390027700719,21.1716573361589,18.1853909465011,4.65016666666692,64.4120370370353,64.4120370370324,25.7648148148141,25.764814814813,36.4066979166189,94.9999999999955,49.5620370370325,89.9999999999968,8.00248756149813e-13,2.91745601887484e-13,0,0,0,4.44089209850063e-16,1.27187149701058e-12,1.12265752250096e-12,11.2,2.0419242,0.0007346,1,"",1.65824358981518,0,PROJECT_ROOT\Round2_revision\runs_certified\principal_ge_43621_V2G.mat
principal_ge_43622_V2H,43622,2014-07-13,V2H,ge,1,Solved,R2.2,2026-10-01 14:17:18,1.50652353141482,1.42951793189301,0.0671990140575402,0.100932446912655,0.0432721666666946,22.2239732510289,1.77306105692718,20.4509121941017,15.7454732510305,3.93383333333588,64.4120370370353,64.4120370370321,25.7648148148141,25.7648148148128,36.2333333333408,55.7301015697212,55.476365740731,89.9999999999973,1.09280640092635e-12,4.9140333697179e-13,0,0,0,4.44089209850063e-16,1.08002495835535e-12,1.26831878333178e-12,9.8,2.0898543,0.0012379,1,"",1.50652353141482,0,PROJECT_ROOT\Round2_revision\runs_certified\principal_ge_43622_V2H.mat
principal_ge_43622_V2G,43622,2014-07-13,V2G,ge,1,Solved,R2.2,2026-10-01 14:17:20,1.50640211618824,1.42952041666656,0.0673632473909052,0.100932446912586,0.0433124999999905,22.2291666666643,1.77739439026135,20.451772276403,15.7499999999986,3.93749999999914,64.4120370370353,64.4120370370345,25.7648148148141,25.7648148148138,36.2333333333144,55.7301015696948,55.4763657407432,89.9999999999994,7.25253190836384e-13,2.12730869087623e-13,0,0,0,2.22044604925031e-16,2.48689957516035e-13,2.87769807982841e-13,9.8,2.1460313,0.0007901,1,"",1.50640211618824,0,PROJECT_ROOT\Round2_revision\runs_certified\principal_ge_43622_V2G.mat
principal_ge_43624_V2H,43624,2014-07-15,V2H,ge,1,Solved,R2.2,2026-10-01 14:17:22,0.74576041462141,0.995747306378763,0.382881866370766,0.114726641280071,0.0181683333333425,15.8242613168756,10.1024239147959,5.72183740207964,11.3724279835388,1.6516666666675,64.4120370370353,64.4120370370324,25.7648148148141,25.764814814813,28.8959166666411,53.8266645890787,64.4120370370324,89.9999999999977,1.61939073262118e-11,1.40873838930959e-12,0,0,0,0,9.37916411203332e-13,1.14397380457376e-12,8.4,2.1231878,0.0010341,1,"",0.74576041462141,0,PROJECT_ROOT\Round2_revision\runs_certified\principal_ge_43624_V2H.mat
principal_ge_43624_V2G,43624,2014-07-15,V2G,ge,1,Solved,R2.2,2026-10-01 14:17:24,0.745760414621255,0.995747306378488,0.38288186637072,0.114726641280138,0.0181683333333503,15.8242613168701,10.1024239147947,5.72183740207532,11.3724279835397,1.65166666666821,64.4120370370353,64.4120370370322,25.7648148148141,25.7648148148129,30.6708333333349,55.6015812557726,64.4120370370322,89.9999999999995,7.32497396072063e-13,1.95928568079308e-13,0,0,0,4.44089209850063e-16,2.1316282072803e-13,1.21502807814977e-12,8.4,2.0852623,0.000895,1,"",0.745760414621256,0,PROJECT_ROOT\Round2_revision\runs_certified\principal_ge_43624_V2G.mat
principal_ge_43625_V2H,43625,2014-07-16,V2H,ge,1,Solved,R2.2,2026-10-01 14:17:26,0.461806965341086,0.830802973045303,0.422403426454423,0.0255059187501478,0.0279015000000581,13.9842613168732,11.1452091412777,2.83905217559553,11.3724279835399,2.53650000000528,64.4120370370353,65.454166666652,25.7648148148141,26.1816666666608,36.4066979166176,46.2166666666707,64.4120370370353,90,1.09251496738239e-12,9.37388855995593e-14,0,0,0,7.21644966006352e-16,1.4210854715202e-14,0,7,2.1111124,0.0013449,1,"",0.461806965341087,0,PROJECT_ROOT\Round2_revision\runs_certified\principal_ge_43625_V2H.mat
principal_ge_43625_V2G,43625,2014-07-16,V2G,ge,1,Solved,R2.2,2026-10-01 14:17:29,0.451714982007671,0.830802973045262,0.436622243121063,0.0255059187501313,0.0320283333333398,13.9842613168724,11.5203758079436,2.46388550892876,11.3724279835397,2.91166666666726,64.4120370370353,64.4120370370349,25.7648148148141,25.7648148148139,36.4066979166189,46.2166666666694,64.4120370370349,89.9999999999995,6.35269614690515e-12,5.82693876606483e-13,0,0,0,1.66533453693773e-16,2.1316282072803e-13,1.56319401867222e-13,7,2.1723136,0.0007202,1,"",0.451714982007671,0,PROJECT_ROOT\Round2_revision\runs_certified\principal_ge_43625_V2G.mat
principal_ge_43626_V2H,43626,2014-07-17,V2H,ge,1,Solved,R2.2,2026-10-01 14:17:31,0.615890298282154,0.92750403868323,0.491667979557607,0.171800572489848,0.00825366666668406,16.6783374485618,12.9727699091717,3.70556753939014,14.9263374485632,0.750333333334914,64.4120370370353,64.4120370370387,25.7648148148141,25.7648148148155,20.0000000000001,54.7363997576397,56.4157407407395,90.0000000000031,1.0413891970984e-12,3.6533576159711e-13,0,0,0,4.44089209850063e-16,1.24344978758018e-12,0,12.6,2.0943906,0.0012942,1,"",0.615890298282154,0,PROJECT_ROOT\Round2_revision\runs_certified\principal_ge_43626_V2H.mat
principal_ge_43626_V2G,43626,2014-07-17,V2G,ge,1,Solved,R2.2,2026-10-01 14:17:33,0.615890298282082,0.927504038683115,0.491667979557546,0.171800572489847,0.00825366666666649,16.6783374485595,12.9727699091701,3.7055675393894,14.9263374485596,0.750333333333317,64.4120370370353,64.4120370370352,25.7648148148141,25.7648148148141,19.9999999999997,54.7740039243052,56.4157407407408,90,6.50757225884036e-13,1.39054494710128e-13,0,0,0,1.11022302462516e-16,7.105427357601e-15,1.4210854715202e-14,12.6,2.0774759,0.0007213,1,"",0.615890298282082,0,PROJECT_ROOT\Round2_revision\runs_certified\principal_ge_43626_V2G.mat
principal_ge_43627_V2H,43627,2014-07-18,V2H,ge,1,Solved,R2.2,2026-10-01 14:17:35,0.133734952282799,0.607374353086509,0.502320148732111,0.00319741459501314,0.0254833333333889,11.9922716049393,13.2538297818499,-1.26155817691059,11.4049382716058,2.31666666667171,64.4120370370353,66.1379629629491,25.7648148148141,26.4551851851797,36.4066979166189,37.534903046976,64.4120370370353,89.9999999999999,8.41771097270794e-13,7.43331393937949e-14,2.27373675443232e-13,0,0,8.32667268468867e-17,3.5527136788005e-14,0,7,2.0415996,0.0008371,1,"",0.133734952282799,0,PROJECT_ROOT\Round2_revision\runs_certified\principal_ge_43627_V2H.mat
principal_ge_43627_V2G,43627,2014-07-18,V2G,ge,1,Solved,R2.2,2026-10-01 14:17:37,0.11702108561622,0.607374353086456,0.525868682065254,0.00319741459501314,0.0323180000000054,11.992271604939,13.8751631151782,-1.8828915102392,11.4049382716057,2.93800000000049,64.4120370370353,64.4120370370356,25.7648148148141,25.7648148148143,36.4066979166189,37.5349030470941,64.4120370370353,90,5.48228129559902e-13,5.06528395816713e-14,0,0,0,6.93889390390723e-17,0,0,7,2.1366814,0.000749,1,"",0.117021085616221,0,PROJECT_ROOT\Round2_revision\runs_certified\principal_ge_43627_V2G.mat
principal_ge_43629_V2H,43629,2014-07-20,V2H,ge,1,Solved,R2.2,2026-10-01 14:17:39,1.49564889125518,1.33707764300355,0.0503590038318691,0.152342585416792,0.0565876666667107,21.0990843621418,1.32873361033955,19.7703507518022,17.2399176954784,5.14433333333734,64.4120370370353,64.4120370370357,25.7648148148141,25.7648148148143,36.4066979166189,95.0000000000005,51.2368101851739,89.9999999999998,2.46256348646057e-11,2.63722066262132e-12,0,0,0,2.22044604925031e-16,7.105427357601e-14,0,9.8,2.1168223,0.0008073,1,"",1.49564889125518,0,PROJECT_ROOT\Round2_revision\runs_certified\principal_ge_43629_V2H.mat
principal_ge_43629_V2G,43629,2014-07-20,V2G,ge,1,Solved,R2.2,2026-10-01 14:17:42,1.49564889125571,1.33707764300412,0.0503590038318684,0.152342585416792,0.0565876666666659,21.09908436214,1.32873361033954,19.7703507518005,17.2399176954733,5.14433333333327,64.4120370370353,64.4120370370356,25.7648148148141,25.7648148148143,36.4066979166189,95.0000000000005,51.2368101851852,89.9999999999998,4.51527704115051e-13,5.76779594607259e-14,0,0,0,2.22044604925031e-16,8.5265128291212e-14,0,9.8,2.4116305,0.0007035,1,"",1.49564889125571,0,PROJECT_ROOT\Round2_revision\runs_certified\principal_ge_43629_V2G.mat
principal_ge_43630_V2H,43630,2014-07-21,V2H,ge,1,Solved,R2.2,2026-10-01 14:17:44,0.831398739367192,0.885020100000306,0.277373759531048,0.176826398897884,0.0469260000000497,17.6490000000061,7.31856885306196,10.3304311469441,14.6000000000075,4.26600000000451,64.4120370370353,64.4120370370397,25.7648148148141,25.7648148148159,36.4066979166189,77.4500923361086,57.1541249999913,90.0000000000038,1.03955732910777e-12,4.75533604682094e-13,0,0,0,1.11022302462516e-16,1.52056145452661e-12,0,8.4,2.2058915,0.0007583,1,"",0.831398739367192,0,PROJECT_ROOT\Round2_revision\runs_certified\principal_ge_43630_V2H.mat
principal_ge_43630_V2G,43630,2014-07-21,V2G,ge,1,Solved,R2.2,2026-10-01 14:17:46,0.831125247597192,0.884797758230354,0.277443242864377,0.176826398897897,0.0469443333333191,17.6512242798333,7.32040218639518,10.3308220934381,14.6020576131693,4.26766666666537,64.4120370370353,64.4120370370401,25.7648148148141,25.764814814816,36.4066979166189,77.4500923361103,57.1453703703734,89.9999999999995,1.74793512996985e-11,1.49238967370723e-12,0,0,0,3.33066907387547e-16,2.1316282072803e-13,0,8.4,2.1414839,0.0008036,1,"",0.831125247597193,0,PROJECT_ROOT\Round2_revision\runs_certified\principal_ge_43630_V2G.mat
principal_ge_43631_V2H,43631,2014-07-22,V2H,ge,1,Solved,R2.2,2026-10-01 14:17:49,0.517687621152109,0.878394112345684,0.448695324071133,0.0691018328775564,0.018887000000002,13.8020864197534,11.8389267564943,1.96315966325916,11.4530864197534,1.71700000000018,64.4120370370353,64.4120370370355,25.7648148148141,25.7648148148142,21.0083333333267,38.040371306553,64.2343055555549,90,8.85513884441025e-13,1.26251160140661e-13,0,0,0,1.11022302462516e-16,1.4210854715202e-14,0,8.4,2.1317738,0.0013875,1,"",0.517687621152109,0,PROJECT_ROOT\Round2_revision\runs_certified\principal_ge_43631_V2H.mat
principal_ge_43631_V2G,43631,2014-07-22,V2G,ge,1,Solved,R2.2,2026-10-01 14:17:51,0.517175735966841,0.877912393827138,0.448758490737848,0.0691018328775697,0.0189199999999808,13.8044567901231,11.8405934231622,1.9638633669609,11.4567901234547,1.71999999999825,64.4120370370353,64.4120370370353,25.7648148148141,25.7648148148141,21.0083333333318,41.9963296398926,64.2222222222268,89.9999999999997,6.64288068996655e-13,2.94962856934413e-13,0,0,0,1.11022302462516e-16,9.9475983006414e-14,0,8.4,2.1420075,0.0012294,1,"",0.517175735966841,0,PROJECT_ROOT\Round2_revision\runs_certified\principal_ge_43631_V2G.mat
principal_ge_43632_V2H,43632,2014-07-23,V2H,ge,1,Solved,R2.2,2026-10-01 14:17:53,0.387343221009419,0.838237419183337,0.526225279423824,0.0426574145831957,0.0326736666667104,14.2683128554166,13.8845720164597,0.38374083895683,11.4448559670814,2.97033333333731,64.4120370370353,64.4120370370313,25.7648148148141,25.7648148148125,20.0000000000051,36.4066979166189,64.4120370370313,89.9999999999979,1.54908863514436e-11,1.36633102383758e-12,0,0,0,4.44089209850063e-16,8.31335000839317e-13,1.57029944602982e-12,7,2.0428315,0.001082,1,"",0.38734322100942,0,PROJECT_ROOT\Round2_revision\runs_certified\principal_ge_43632_V2H.mat
principal_ge_43632_V2G,43632,2014-07-23,V2G,ge,1,Solved,R2.2,2026-10-01 14:17:55,0.387343221008996,0.838237419183308,0.526225279424159,0.0426574145831957,0.032673666666652,14.268312855416,13.8845720164686,0.383740838947404,11.4448559670733,2.970333333332,64.4120370370353,64.4120370370279,25.7648148148141,25.7648148148112,20.0000000000051,36.4066979166189,64.4120370370279,89.9999999999995,1.17496637419556e-12,2.28748343361768e-13,0,0,0,7.7715611723761e-16,1.84741111297626e-13,2.94164692604681e-12,7,2.1562906,0.0009773,1,"",0.387343221008997,0,PROJECT_ROOT\Round2_revision\runs_certified\principal_ge_43632_V2G.mat
principal_ge_43633_V2H,43633,2014-07-24,V2H,ge,1,Solved,R2.2,2026-10-01 14:17:58,0.525666794359628,1.03366582942373,0.548382459354496,0.031222257623724,0.00916116666666618,17.9696893004109,14.4691941782189,3.500495122192,15.0281893004114,0.832833333333289,64.4120370370353,64.4120370370352,25.7648148148141,25.7648148148141,34.2416666666671,41.3284626038976,56.1865740740742,90,5.78981307342019e-14,2.2691161416494e-14,0,0,0,1.22124532708767e-15,1.4210854715202e-14,2.1316282072803e-14,12.6,2.1857702,0.0011669,1,"",0.525666794359629,0,PROJECT_ROOT\Round2_revision\runs_certified\principal_ge_43633_V2H.mat
principal_ge_43633_V2G,43633,2014-07-24,V2G,ge,1,Solved,R2.2,2026-10-01 14:18:00,0.525666794359626,1.03366582942373,0.548382459354497,0.031222257623724,0.00916116666666631,17.9696893004109,14.4691941782189,3.50049512219195,15.0281893004115,0.832833333333301,64.4120370370353,64.4120370370352,25.7648148148141,25.7648148148141,34.2416666666671,41.3284626038976,56.1865740740741,90,5.78981307342019e-14,2.28833967620369e-14,0,0,0,8.88178419700125e-16,1.4210854715202e-14,2.1316282072803e-14,12.6,2.1197858,0.0012547,1,"",0.525666794359627,0,PROJECT_ROOT\Round2_revision\runs_certified\principal_ge_43633_V2G.mat
principal_ge_43635_V2H,43635,2014-07-26,V2H,ge,1,Solved,R2.2,2026-10-01 14:18:02,1.19438099662672,1.13893167086712,0.176092751716346,0.198019577475907,0.0335225000000347,16.6690197234552,4.64624674713315,12.0227729763221,16.206790123459,3.04750000000315,64.4120370370353,64.4120370370315,25.7648148148141,25.7648148148126,36.4066979166189,95.0000000000026,54.2018518518389,89.9999999999951,1.442401753593e-12,4.65594783440055e-13,0,0,0,2.22044604925031e-16,1.93978166862507e-12,1.49924517245381e-12,11.2,2.1370671,0.0012219,1,"",1.19438099662672,0,PROJECT_ROOT\Round2_revision\runs_certified\principal_ge_43635_V2H.mat
principal_ge_43635_V2G,43635,2014-07-26,V2G,ge,1,Solved,R2.2,2026-10-01 14:18:04,1.19438099662678,1.13893167086719,0.176092751716331,0.198019577475916,0.0335224999999982,16.6690197234568,4.64624674713275,12.0227729763241,16.2067901234567,3.04749999999984,64.4120370370353,64.4120370370356,25.7648148148141,25.7648148148142,36.4066979166189,95.0000000000006,54.2018518518521,89.9999999999999,9.98645610650328e-14,2.46944110385005e-14,4.54747350886464e-13,0,0,2.22044604925031e-16,5.6843418860808e-14,0,11.2,2.061799,0.0009384,1,"",1.19438099662678,0,PROJECT_ROOT\Round2_revision\runs_certified\principal_ge_43635_V2G.mat
principal_ge_43636_V2H,43636,2014-07-27,V2H,ge,1,Solved,R2.2,2026-10-01 14:18:06,1.40633741131527,1.26498206028809,0.0913996886832485,0.194097373043758,0.0386576666666657,20.1487386831279,2.41160128451843,17.7371373986094,15.227572016461,3.51433333333324,64.4120370370353,64.4120370370357,25.7648148148141,25.7648148148143,36.4066979166189,88.2756001846741,56.3295694444445,89.9999999999998,4.50195436485501e-13,7.96598632713161e-14,0,0,0,2.22044604925031e-16,6.3948846218409e-14,0,9.8,2.1349677,0.0012517,1,"",1.40633741131527,0,PROJECT_ROOT\Round2_revision\runs_certified\principal_ge_43636_V2H.mat
principal_ge_43636_V2G,43636,2014-07-27,V2G,ge,1,Solved,R2.2,2026-10-01 14:18:08,1.40633741131508,1.26498206028795,0.0913996886832722,0.194097373043746,0.038657666666656,20.1487386831249,2.41160128451906,17.7371373986058,15.2275720164572,3.51433333333237,64.4120370370353,64.4120370370296,25.7648148148141,25.7648148148119,36.4066979166189,88.2756001846718,56.3295694444414,89.9999999999943,5.19320697556225e-13,2.51476891643415e-13,0,0,0,1.33226762955019e-15,2.29505303650512e-12,2.24886775868072e-12,9.8,2.1128405,0.0007993,1,"",1.40633741131508,0,PROJECT_ROOT\Round2_revision\runs_certified\principal_ge_43636_V2G.mat
principal_ge_43637_V2H,43637,2014-07-28,V2H,ge,1,Solved,R2.2,2026-10-01 14:18:11,1.30543877150835,1.19659407037067,0.0512267517770239,0.127764452914651,0.032307000000056,19.1555925925986,1.35162933448612,17.8039632581125,12.9592592592642,2.93700000000509,64.4120370370353,64.4120370370323,25.7648148148141,25.7648148148129,36.4066979166189,79.9005193906301,60.8416666666504,89.9999999999979,1.65168434484997e-11,1.46092934149759e-12,0,0,0,6.66133814775094e-16,8.5265128291212e-13,1.18660636871937e-12,8.4,2.3316338,0.002276,1,"",1.30543877150835,0,PROJECT_ROOT\Round2_revision\runs_certified\principal_ge_43637_V2H.mat
principal_ge_43637_V2G,43637,2014-07-28,V2G,ge,1,Solved,R2.2,2026-10-01 14:18:13,1.30543877150777,1.19659407037023,0.0512267517770469,0.127764452914589,0.0323069999999994,19.155592592592,1.35162933448673,17.8039632581053,12.9592592592593,2.93699999999995,64.4120370370353,64.4120370370356,25.7648148148141,25.7648148148142,36.4066979166189,79.9005193905985,60.8416666666668,90,6.18394224716212e-14,2.41005366236846e-14,5.6843418860808e-14,0,0,2.22044604925031e-16,1.4210854715202e-14,0,8.4,2.1853069,0.0008466,1,"",1.30543877150777,0,PROJECT_ROOT\Round2_revision\runs_certified\principal_ge_43637_V2G.mat
principal_ge_43638_V2H,43638,2014-07-29,V2H,ge,1,Solved,R2.2,2026-10-01 14:18:15,0.626734327017541,0.880651094033185,0.460350516329128,0.185916915980104,0.02051683333338,13.9431748971245,12.1464516181828,1.79672327894172,11.6360082304574,1.86516666667091,64.4120370370353,64.4120370370341,25.7648148148141,25.7648148148136,20.0000000000005,63.9566020314067,63.8189814814683,89.9999999999986,1.04455333271858e-12,5.10350694846072e-13,0,0,0,1.11022302462516e-16,5.6843418860808e-13,4.54747350886464e-13,8.4,2.1379848,0.0008219,1,"",0.626734327017541,0,PROJECT_ROOT\Round2_revision\runs_certified\principal_ge_43638_V2H.mat
principal_ge_43638_V2G,43638,2014-07-29,V2G,ge,1,Solved,R2.2,2026-10-01 14:18:18,0.626734327017175,0.880651094032807,0.460350516329069,0.185916915980104,0.0205168333333328,13.9431748971189,12.1464516181812,1.79672327893763,11.6360082304527,1.86516666666661,64.4120370370353,64.4120370370356,25.7648148148141,25.7648148148142,20.0000000000005,63.9566020314067,63.8189814814816,90,5.99520433297585e-14,2.1315414691457e-14,0,0,0,1.4432899320127e-15,0,0,8.4,2.2000902,0.0009858,1,"",0.626734327017173,0,PROJECT_ROOT\Round2_revision\runs_certified\principal_ge_43638_V2G.mat
principal_ge_43640_V2H,43640,2014-07-31,V2H,ge,1,Solved,R2.2,2026-10-01 14:18:20,0.29517722515138,0.763555782304486,0.51428280092648,0.0439389104400406,0.00196533333333318,14.8302427983538,13.569467042915,1.26077575543879,14.2205761316872,0.178666666666653,64.4120370370353,64.4120370370352,25.7648148148141,25.7648148148141,36.4066979166189,46.1995665108592,58.0037037037037,90,4.99184027447086e-14,2.07210062502277e-14,4.54747350886464e-13,0,0,1.17128529097954e-13,1.4210854715202e-14,2.1316282072803e-14,12.6,2.3092797,0.0009655,1,"",0.295177225151263,0,PROJECT_ROOT\Round2_revision\runs_certified\principal_ge_43640_V2H.mat
principal_ge_43640_V2G,43640,2014-07-31,V2G,ge,1,Solved,R2.2,2026-10-01 14:18:22,0.295177225151272,0.763555782304497,0.514282800926481,0.0439389104399232,0.00196533333333295,14.8302427983538,13.5694670429151,1.2607757554387,14.2205761316872,0.178666666666632,64.4120370370353,64.4120370370352,25.7648148148141,25.7648148148141,36.4066979166189,46.3875873441926,58.0037037037038,90,4.9515946898282e-14,2.09967487697579e-14,4.54747350886464e-13,0,0,0,0,1.4210854715202e-14,12.6,2.0547454,0.0010617,1,"",0.295177225151272,0,PROJECT_ROOT\Round2_revision\runs_certified\principal_ge_43640_V2G.mat
principal_ge_43641_V2H,43641,2014-08-01,V2H,ge,1,Solved,R2.2,2026-10-01 14:18:24,0.480326250433122,0.8976171025166,0.471690766666733,0.042657414583209,0.0117425000000464,13.821479522082,12.4456666666684,1.37581285541354,11.3724279835398,1.06750000000422,64.4120370370353,69.5347222222104,25.7648148148141,27.8138888888841,20,36.4066979166189,64.4120370370353,89.9999999999999,1.05092323732237e-12,4.36420919375255e-13,0,0,0,2.77555756156289e-16,5.6843418860808e-14,0,7,2.0699497,0.0009161,1,"",0.480326250433123,0,PROJECT_ROOT\Round2_revision\runs_certified\principal_ge_43641_V2H.mat
principal_ge_43641_V2G,43641,2014-08-01,V2G,ge,1,Solved,R2.2,2026-10-01 14:18:27,0.430718167099686,0.897617102516592,0.541584683333454,0.0426574145832091,0.0320283333333384,13.8214795220818,14.2898333333365,-0.468353811254701,11.3724279835392,2.91166666666713,64.4120370370353,64.4120370370341,25.7648148148141,25.7648148148137,20,36.4066979166189,64.4120370370341,89.9999999999984,5.51447776331315e-13,1.80223004026636e-13,0,0,0,3.88578058618805e-16,6.46593889541691e-13,4.47641923528863e-13,7,2.1492304,0.0008287,1,"",0.430718167099686,0,PROJECT_ROOT\Round2_revision\runs_certified\principal_ge_43641_V2G.mat
principal_ge_43642_V2H,43642,2014-08-02,V2H,ge,1,Solved,R2.2,2026-10-01 14:18:29,0.408386355748067,0.724908055144388,0.342154832827697,0.0190753000979583,0.00655783333341747,14.2291193415709,9.0278320007308,5.20128734084013,13.1804526749073,0.596166666674315,64.4120370370353,64.4120370370368,25.7648148148141,25.7648148148147,35.3499999998778,39.5466759001634,60.8921296296089,89.9999999999999,2.67025151989841e-11,2.27973907419109e-12,0,0,0,1.11022302462516e-16,5.6843418860808e-14,0,11.2,2.1305674,0.0007925,1,"",0.408386355748067,0,PROJECT_ROOT\Round2_revision\runs_certified\principal_ge_43642_V2H.mat
principal_ge_43642_V2G,43642,2014-08-02,V2G,ge,1,Solved,R2.2,2026-10-01 14:18:31,0.408311765624683,0.724874631687181,0.342217999494109,0.0190753000982773,0.00657983333333271,14.2312551440327,9.02949866739073,5.20175647664197,13.1829218106997,0.59816666666661,64.4120370370353,64.4120370370356,25.7648148148141,25.7648148148143,35.3500000000005,39.3060092336194,60.8921296296297,89.9999999999999,4.27019530846451e-14,2.08843920830601e-14,0,0,0,0,3.5527136788005e-14,0,11.2,2.2704308,0.0011306,1,"",0.408311765624683,0,PROJECT_ROOT\Round2_revision\runs_certified\principal_ge_43642_V2G.mat
principal_ge_43643_V2H,43643,2014-08-03,V2H,ge,1,Solved,R2.2,2026-10-01 14:18:33,0.18007449662455,0.498610839711776,0.362455558230474,0.0299492151432449,0.0139700000000029,9.98892798353826,9.56347119341619,0.42545679012206,12.4567901234573,1.27000000000027,64.4120370370353,64.4120370370357,25.7648148148141,25.7648148148143,24.8877690153708,36.4066979166189,64.4120370370353,89.9999999999998,5.72875080706581e-14,2.29087760228516e-14,0,0,0,2.1316282072803e-14,7.105427357601e-14,0,9.8,2.1336956,0.0008542,1,"",0.180074496624528,0,PROJECT_ROOT\Round2_revision\runs_certified\principal_ge_43643_V2H.mat
principal_ge_43643_V2G,43643,2014-08-03,V2G,ge,1,Solved,R2.2,2026-10-01 14:18:36,0.179984141480561,0.498557984567934,0.362518724897178,0.0299492151431385,0.0139956666666663,9.9911419753093,9.56513786008385,0.426004115225453,12.4596707818929,1.2723333333333,64.4120370370353,64.4120370370351,25.7648148148141,25.7648148148141,24.8877690154117,36.4066979166189,64.4120370370351,89.9999999999997,4.68569627543047e-13,1.09172297068378e-13,0,0,0,8.32667268468867e-17,1.27897692436818e-13,4.61852778244065e-14,9.8,2.2839513,0.0007385,1,"",0.179984141480561,0,PROJECT_ROOT\Round2_revision\runs_certified\principal_ge_43643_V2G.mat
principal_ge_43644_V2H,43644,2014-08-04,V2H,ge,1,Solved,R2.2,2026-10-01 14:18:38,0.246701167880447,0.597688556378645,0.421740473915049,0.0636067520834583,0.00714633333339255,11.8617613168733,11.127716989843,0.734044327030347,11.3724279835413,0.64966666667205,64.4120370370353,67.1953703703585,25.7648148148141,26.8781481481434,36.4066979166189,60.8708333333336,64.4120370370353,90.0000000000031,1.05092323732237e-12,5.01691235426754e-13,0,0,0,3.60822483003176e-16,1.24344978758018e-12,0,8.4,2.1186047,0.0010548,1,"",0.246701167880448,0,PROJECT_ROOT\Round2_revision\runs_certified\principal_ge_43644_V2H.mat
principal_ge_43644_V2G,43644,2014-08-04,V2G,ge,1,Solved,R2.2,2026-10-01 14:18:40,0.219747367880442,0.597688556378637,0.459716273914995,0.0636067520834615,0.0181683333333388,11.8617613168732,12.1297169898416,-0.267955672968403,11.3724279835399,1.65166666666717,64.4120370370353,64.4120370370356,25.7648148148141,25.7648148148143,36.4066979166189,60.8708333333348,64.4120370370353,90,3.0009328355618e-13,3.73522471866535e-14,0,0,0,3.60822483003176e-16,7.105427357601e-15,0,8.4,2.0503567,0.0010828,1,"",0.219747367880442,0,PROJECT_ROOT\Round2_revision\runs_certified\principal_ge_43644_V2G.mat
principal_ge_43646_V2H,43646,2014-08-06,V2H,ge,1,Solved,R2.2,2026-10-01 14:18:42,0.273644277459426,0.646851729542848,0.390363683333342,0.00925456458324781,0.00790166666667149,12.9562275929161,10.2998333333336,2.65639425958258,11.3724279835399,0.718333333333772,64.4120370370353,70.5046296296284,25.7648148148141,28.2018518518513,32.9374999999851,36.4518229166189,64.4120370370353,90,2.61124455391837e-13,3.90730944496263e-14,0,0,0,4.00235400377369e-14,1.4210854715202e-14,0,7,2.1829263,0.0011075,1,"",0.273644277459386,0,PROJECT_ROOT\Round2_revision\runs_certified\principal_ge_43646_V2H.mat
principal_ge_43646_V2G,43646,2014-08-06,V2G,ge,1,Solved,R2.2,2026-10-01 14:18:45,0.21464361079276,0.646851729542907,0.473491016666693,0.00925456458320747,0.0320283333333387,12.9562275929165,12.4931666666674,0.46306092624917,11.3724279835399,2.91166666666715,64.4120370370353,64.4120370370357,25.7648148148141,25.7648148148143,32.9375000000006,36.4518229166189,64.4120370370353,89.9999999999999,2.61124455391837e-13,3.0637087098684e-14,0,0,0,1.94289029309402e-16,2.1316282072803e-14,0,7,2.0936423,0.0008194,1,"",0.21464361079276,0,PROJECT_ROOT\Round2_revision\runs_certified\principal_ge_43646_V2G.mat
principal_ge_43647_V2H,43647,2014-08-07,V2H,ge,1,Solved,R2.2,2026-10-01 14:18:47,0.705626427585744,1.00309297777788,0.341573700705935,0.042671650513776,0.00143550000001882,15.8424444444466,9.01249869936505,6.82994574508156,14.1611111111123,0.130500000001711,64.4120370370353,64.4120370370331,25.7648148148141,25.7648148148132,20.4458333333344,36.4668939289086,58.1374999999931,89.9999999999978,1.07255732073597e-11,9.89314510425774e-13,0,0,0,8.88178419700125e-16,8.66862137627322e-13,8.73967564984923e-13,12.6,2.1281088,0.0008217,1,"",0.705626427585743,0,PROJECT_ROOT\Round2_revision\runs_certified\principal_ge_43647_V2H.mat
principal_ge_43647_V2G,43647,2014-08-07,V2G,ge,1,Solved,R2.2,2026-10-01 14:18:49,0.705626427585675,1.00309297777776,0.341573700705861,0.0426716505137777,0.00143549999999973,15.8424444444443,9.01249869936309,6.82994574508119,14.1611111111111,0.130499999999975,64.4120370370353,64.4120370370352,25.7648148148141,25.7648148148141,20.4458333333351,36.560904345576,58.1375,90,6.7257310831792e-13,7.82232569288491e-14,0,0,0,5.55111512312578e-16,7.105427357601e-15,7.105427357601e-15,12.6,2.2552586,0.0007058,1,"",0.705626427585676,0,PROJECT_ROOT\Round2_revision\runs_certified\principal_ge_43647_V2G.mat
principal_ge_43648_V2H,43648,2014-08-08,V2H,ge,1,Solved,R2.2,2026-10-01 14:18:52,0.468178367099859,0.580462419183331,0.161719300000032,0.0426574145831867,0.00677783333337289,11.5849795220822,4.26700000000084,7.31797952208136,11.3724279835397,0.616166666670263,64.4120370370353,70.7884259259155,25.7648148148141,28.3153703703662,20.0000000000086,36.4066979166189,64.4120370370353,89.9999999999995,1.03182740129881e-12,4.399868387797e-13,0,0,0,2.22044604925031e-16,1.84741111297626e-13,0,7,2.5266545,0.0009701,1,"",0.468178367099859,0,PROJECT_ROOT\Round2_revision\runs_certified\principal_ge_43648_V2H.mat
principal_ge_43648_V2G,43648,2014-08-08,V2G,ge,1,Solved,R2.2,2026-10-01 14:18:54,0.406299649404302,0.580360984821214,0.248781916666802,0.0426574145832161,0.0320631666666734,11.5873889871037,6.56416666667023,5.02322232043342,11.3763374485606,2.91483333333395,64.4120370370353,64.4120370370356,25.7648148148141,25.7648148148143,19.9999999999973,36.4066979166189,64.4120370370353,90.0000000000004,5.56665824547053e-13,2.31757135544365e-13,0,0,0,1.11022302462516e-16,1.70530256582424e-13,0,7,2.3696321,0.0011939,1,"",0.406299649404302,0,PROJECT_ROOT\Round2_revision\runs_certified\principal_ge_43648_V2G.mat
principal_ge_43649_V2H,43649,2014-08-09,V2H,ge,1,Solved,R2.2,2026-10-01 14:18:56,0.0871011455065231,0.487410727777838,0.435900533333395,0.0355909510620809,0,9.76494444444564,11.501333333335,-1.73638888888933,12.4444444444435,0,64.4120370370353,64.4120370370331,25.7648148148141,25.7648148148132,22.7178705850493,36.4066979166189,61.9999999999984,89.9999999999984,1.04864728012188e-12,4.44770776856761e-13,0,0,0,2.08166817117217e-16,6.32383034826489e-13,8.5265128291212e-13,11.2,2.263472,0.0010235,1,"",0.0871011455065233,0,PROJECT_ROOT\Round2_revision\runs_certified\principal_ge_43649_V2H.mat
principal_ge_43649_V2G,43649,2014-08-09,V2G,ge,1,Solved,R2.2,2026-10-01 14:18:59,0.0870265553829607,0.487377304320916,0.435963700000071,0.035590951062115,2.19999999999585e-05,9.76708024691215,11.5030000000019,-1.73591975308971,12.446913580242,0.00199999999999623,64.4120370370353,64.4120370370242,25.7648148148141,25.7648148148097,22.7178705850362,36.4066979166189,61.9999999999983,89.9999999999983,2.05259316488071e-11,1.75320515711999e-12,0,0,0,8.32667268468867e-17,6.96331881044898e-13,4.41957581642782e-12,11.2,2.3070484,0.0011951,1,"",0.0870265553829608,0,PROJECT_ROOT\Round2_revision\runs_certified\principal_ge_43649_V2G.mat
principal_ge_43651_V2H,43651,2014-08-11,V2H,ge,1,Solved,R2.2,2026-10-01 14:19:01,0.208022195633019,0.586072189711978,0.402194800000073,0.0197118059210631,0.00443300000005149,11.72542798354,10.6120000000019,1.11342798353806,11.3759279835411,0.403000000004681,64.4120370370353,67.8884305555453,25.7648148148141,27.1553722222181,28.9004424341586,36.4066979166189,64.4120370370353,90.0000000000028,1.04863340233408e-12,4.87533596454334e-13,0,0,0,1.11022302462516e-16,1.10134124042816e-12,0,8.4,2.2553345,0.0010933,1,"",0.208022195633019,0,PROJECT_ROOT\Round2_revision\runs_certified\principal_ge_43651_V2H.mat
principal_ge_43651_V2G,43651,2014-08-11,V2G,ge,1,Solved,R2.2,2026-10-01 14:19:04,0.173417078966311,0.585030939712062,0.449494000000157,0.0197118059210632,0.0181683333333434,11.721261316875,11.8600000000041,-0.138738683129143,11.3724279835396,1.65166666666758,64.4120370370353,64.4120370370338,25.7648148148141,25.7648148148135,28.9004424341587,36.4066979166189,64.4120370370338,89.9999999999993,1.86572979288258e-12,3.22891890000018e-13,0,0,0,1.94289029309402e-16,2.70006239588838e-13,5.82645043323282e-13,8.4,2.2674192,0.0010111,1,"",0.173417078966311,0,PROJECT_ROOT\Round2_revision\runs_certified\principal_ge_43651_V2G.mat
principal_ge_43652_V2H,43652,2014-08-12,V2H,ge,1,Solved,R2.2,2026-10-01 14:19:06,0.165152395338685,0.584284489711937,0.457629866666739,0.0322534389601011,0.00624433333338557,11.7024279835392,12.0746666666686,-0.372238683129325,11.3724279835389,0.567666666671416,64.4120370370353,67.4231481481328,25.7648148148141,26.9692592592531,24.0842582524768,36.4066979166189,64.4120370370353,89.9999999999979,1.04818931312423e-12,5.16314829888184e-13,0,0,0,2.77555756156289e-16,8.5265128291212e-13,0,8.4,2.2157839,0.0011323,1,"",0.165152395338685,0,PROJECT_ROOT\Round2_revision\runs_certified\principal_ge_43652_V2H.mat
principal_ge_43652_V2G,43652,2014-08-12,V2G,ge,1,Solved,R2.2,2026-10-01 14:19:08,0.135992795338609,0.584284489711863,0.498713466666701,0.0322534389601076,0.0181683333333392,11.7024279835393,13.1586666666676,-1.45623868312824,11.3724279835399,1.6516666666672,64.4120370370353,64.4120370370355,25.7648148148141,25.7648148148142,24.0842582524743,36.4066979166189,64.4120370370353,90,5.42482725407467e-14,2.02720899166977e-14,0,0,0,2.4980018054066e-16,7.105427357601e-15,0,8.4,2.1933456,0.0008613,1,"",0.135992795338609,0,PROJECT_ROOT\Round2_revision\runs_certified\principal_ge_43652_V2G.mat
principal_ge_43653_V2H,43653,2014-08-13,V2H,ge,1,Solved,R2.2,2026-10-01 14:19:10,0.157909396267814,0.584915889711934,0.465361466666671,0.0313296398892166,0.00702533333333462,11.7217613168729,12.2786666666668,-0.556905349793889,11.3724279835399,0.638666666666783,64.4120370370353,70.7259259259256,25.7648148148141,28.2903703703702,24.3568364207663,36.4066979166189,64.4120370370353,90,3.22852855560996e-13,3.63948737790516e-14,0,0,0,1.89848137210902e-14,1.4210854715202e-14,0,7,2.2505041,0.0008357,1,"",0.157909396267795,0,PROJECT_ROOT\Round2_revision\runs_certified\principal_ge_43653_V2H.mat
principal_ge_43653_V2G,43653,2014-08-13,V2G,ge,1,Solved,R2.2,2026-10-01 14:19:13,0.0967656962677931,0.584915889711929,0.551508166666682,0.0313296398892079,0.0320283333333385,11.7217613168728,14.5516666666671,-2.82990534979427,11.3724279835399,2.91166666666713,64.4120370370353,64.4120370370357,25.7648148148141,25.7648148148143,24.3568364207697,36.4066979166189,64.4120370370353,90,6.03073146976385e-13,8.24538340764083e-14,0,0,0,1.73472347597681e-15,0,0,7,2.1462078,0.0009783,1,"",0.0967656962677913,0,PROJECT_ROOT\Round2_revision\runs_certified\principal_ge_43653_V2G.mat
principal_ge_43654_V2H,43654,2014-08-14,V2H,ge,1,Solved,R2.2,2026-10-01 14:19:15,0.638063051033002,0.790269478116447,0.197465316666697,0.0430093895832517,0.00224949999999973,15.1360771555964,5.21016666666746,9.92591048892891,14.2524691358024,0.204499999999975,64.4120370370353,64.4120370370352,25.7648148148141,25.7648148148141,19.9999999999831,36.4066979166189,57.9319444444445,90,1.33240640742827e-13,2.72037305779043e-14,4.54747350886464e-13,0,0,4.25215418431435e-14,1.4210854715202e-14,2.1316282072803e-14,12.6,2.3472693,0.0044683,1,"",0.63806305103296,0,PROJECT_ROOT\Round2_revision\runs_certified\principal_ge_43654_V2H.mat
principal_ge_43654_V2G,43654,2014-08-14,V2G,ge,1,Solved,R2.2,2026-10-01 14:19:17,0.638063051032952,0.79026947811644,0.197465316666697,0.0430093895832087,0.00224949999999956,15.1360771555962,5.21016666666746,9.92591048892875,14.2524691358024,0.20449999999996,64.4120370370353,64.4120370370352,25.7648148148141,25.7648148148141,19.9999999999996,36.4066979166189,57.9319444444446,90,5.91637849822746e-13,7.16354655154733e-14,4.54747350886464e-13,0,0,1.11022302462516e-16,0,7.105427357601e-15,12.6,2.2074727,0.0007041,1,"",0.638063051032952,0,PROJECT_ROOT\Round2_revision\runs_certified\principal_ge_43654_V2G.mat
principal_ge_43655_V2H,43655,2014-08-15,V2H,ge,1,Solved,R2.2,2026-10-01 14:19:20,0.244694565796955,0.579427556378665,0.352368933333391,0.0106472760849687,0.00698866666671186,11.6050946502071,9.29733333333487,2.3077613168722,11.374261316873,0.635333333337442,64.4120370370353,70.7393101851732,25.7648148148141,28.2957240740693,32.3115917300924,36.4066979166189,64.4120370370353,89.9999999999994,1.04774522391438e-12,4.84538198032475e-13,0,0,0,1.66533453693773e-16,2.41584530158434e-13,0,7,2.2703474,0.0014846,1,"",0.244694565796955,0,PROJECT_ROOT\Round2_revision\runs_certified\principal_ge_43655_V2H.mat
principal_ge_43655_V2G,43655,2014-08-15,V2G,ge,1,Solved,R2.2,2026-10-01 14:19:22,0.183038382463526,0.579011056378585,0.438648283333365,0.010647276084967,0.0320283333333389,11.6034279835396,11.5738333333342,0.0295946502054013,11.3724279835399,2.91166666666717,64.4120370370353,64.4120370370356,25.7648148148141,25.7648148148143,32.3115917300931,36.4066979166189,64.4120370370353,90,2.5418556148793e-13,3.09160558006958e-14,0,0,0,2.77555756156289e-17,0,0,7,2.2966461,0.0009273,1,"",0.183038382463525,0,PROJECT_ROOT\Round2_revision\runs_certified\principal_ge_43655_V2G.mat
principal_ge_43657_V2H,43657,2014-08-17,V2H,ge,1,Solved,R2.2,2026-10-01 14:19:25,0.26106772420024,0.577073973045178,0.360840363168788,0.0402141143238344,0.00462000000001604,11.557594650204,9.5208539094667,2.03674074073727,11.4074074074076,0.420000000001458,64.4120370370353,64.4120370370317,25.7648148148141,25.7648148148127,21.0149392023236,36.4066979166189,64.4120370370317,89.9999999999991,1.05182529352987e-12,4.18668111682402e-13,0,0,0,4.9960036108132e-16,3.5527136788005e-13,1.4104273304838e-12,9.8,2.2601049,0.0012044,1,"",0.261067724200241,0,PROJECT_ROOT\Round2_revision\runs_certified\principal_ge_43657_V2H.mat
principal_ge_43657_V2G,43657,2014-08-17,V2G,ge,1,Solved,R2.2,2026-10-01 14:19:27,0.260953721525268,0.576991970370368,0.360903529835567,0.0402141143238186,0.00465116666664835,11.5599259259259,9.52252057613633,2.03740534978955,11.4109053497918,0.422833333331669,64.4120370370353,64.4120370370344,25.7648148148141,25.7648148148138,21.0149392023296,36.4066979166189,64.4120370370344,89.9999999999998,9.33719768170249e-12,8.36345815646365e-13,0,0,0,6.66133814775094e-16,8.5265128291212e-14,3.37507799486048e-13,9.8,2.2803118,0.0006971,1,"",0.260953721525268,0,PROJECT_ROOT\Round2_revision\runs_certified\principal_ge_43657_V2G.mat
principal_ge_43658_V2H,43658,2014-08-18,V2H,ge,1,Solved,R2.2,2026-10-01 14:19:29,0.29621525190033,0.588758856378637,0.312656050000006,0.011739612188367,0.00837283333333174,11.7920946502065,8.24950000000016,3.54259465020637,11.3742613168732,0.761166666666522,64.4120370370353,66.8897731481485,25.7648148148141,26.7559092592594,31.8914624595546,36.4066979166189,64.4120370370353,90,1.35558231306732e-13,2.58534897336026e-14,0,0,0,1.11022302462516e-16,1.4210854715202e-14,0,8.4,2.1009686,0.0009703,1,"",0.29621525190033,0,PROJECT_ROOT\Round2_revision\runs_certified\principal_ge_43658_V2H.mat
principal_ge_43658_V2G,43658,2014-08-18,V2G,ge,1,Solved,R2.2,2026-10-01 14:19:31,0.271837985233648,0.588342356378635,0.346412316666693,0.0117396121883678,0.0181683333333389,11.7904279835398,9.14016666666737,2.65026131687245,11.3724279835399,1.65166666666717,64.4120370370353,64.4120370370356,25.7648148148141,25.7648148148143,31.8914624595543,36.4066979166189,64.4120370370353,90,5.91193760612896e-14,2.05798340343526e-14,0,0,0,2.22044604925031e-16,0,0,8.4,2.2837549,0.0008351,1,"",0.271837985233648,0,PROJECT_ROOT\Round2_revision\runs_certified\principal_ge_43658_V2G.mat
principal_ge_43659_V2H,43659,2014-08-19,V2H,ge,1,Solved,R2.2,2026-10-01 14:19:34,0.14233397720031,0.585597856378553,0.471457050000096,0.0211385041551371,0.0070546666667163,11.7354279835381,12.4395000000025,-0.704072016464409,11.3724279835389,0.641333333337846,64.4120370370353,67.2185185185039,25.7648148148141,26.8874074074015,28.2765040107969,36.4066979166189,64.4120370370353,89.9999999999979,1.59738888783068e-12,4.86958230442504e-13,0,0,0,2.77555756156289e-16,8.5265128291212e-13,0,8.4,2.0377051,0.0007921,1,"",0.14233397720031,0,PROJECT_ROOT\Round2_revision\runs_certified\principal_ge_43659_V2H.mat
principal_ge_43659_V2G,43659,2014-08-19,V2G,ge,1,Solved,R2.2,2026-10-01 14:19:36,0.115156010533621,0.585597856378611,0.509748683333473,0.0211385041551371,0.0181683333333467,11.7354279835393,13.449833333337,-1.71440534979773,11.3724279835398,1.65166666666788,64.4120370370353,64.4120370370334,25.7648148148141,25.7648148148134,28.2765040107969,36.4066979166189,64.4120370370334,89.9999999999997,1.59738888783068e-12,2.4642361163356e-13,0,0,0,1.11022302462516e-16,9.9475983006414e-14,7.31859017832903e-13,8.4,1.9848836,0.0009462,1,"",0.115156010533621,0,PROJECT_ROOT\Round2_revision\runs_certified\principal_ge_43659_V2G.mat
principal_ge_43660_V2H,43660,2014-08-20,V2H,ge,1,Solved,R2.2,2026-10-01 14:19:38,0.336356098489748,0.62845030637865,0.339299959972436,0.0403692520834741,0.00683650000005901,12.11092798354,8.9525055401698,3.15842244337018,11.3724279835399,0.621500000005364,64.4120370370353,70.7736111110962,25.7648148148141,28.3094444444385,36.4066979166189,51.9333333333372,64.4120370370353,90,9.56901224924422e-13,8.33360424966754e-14,4.54747350886464e-13,0,0,2.22044604925031e-16,1.4210854715202e-14,0,7,2.1164037,0.0012521,1,"",0.336356098489747,0,PROJECT_ROOT\Round2_revision\runs_certified\principal_ge_43660_V2H.mat
principal_ge_43660_V2G,43660,2014-08-20,V2G,ge,1,Solved,R2.2,2026-10-01 14:19:40,0.274750615156535,0.628450306378647,0.426097276638912,0.0403692520834612,0.0320283333333386,12.1109279835399,11.2426722068314,0.86825577670849,11.3724279835399,2.91166666666714,64.4120370370353,64.4120370370357,25.7648148148141,25.7648148148143,36.4066979166189,51.9333333333347,64.4120370370353,90,4.21218615542784e-13,4.76549230994039e-14,0,0,0,1.66533453693773e-16,7.105427357601e-15,0,7,2.1166339,0.0007871,1,"",0.274750615156535,0,PROJECT_ROOT\Round2_revision\runs_certified\principal_ge_43660_V2G.mat
principal_ge_43662_V2H,43662,2014-08-22,V2H,ge,1,Solved,R2.2,2026-10-01 14:19:42,0.854822869496935,0.902947656378654,0.209827440627254,0.13166715374548,0.0300355000000537,15.1374279835402,5.53634407987477,9.60108390366542,11.3724279835386,2.73050000000489,64.4120370370353,64.9152777777612,25.7648148148141,25.9661111111045,36.4066979166189,82.2312934268042,64.4120370370353,89.999999999997,2.10410577849984e-11,1.81845742335257e-12,0,0,0,0,1.18660636871937e-12,0,7,2.022089,0.0014375,1,"",0.854822869496935,0,PROJECT_ROOT\Round2_revision\runs_certified\principal_ge_43662_V2H.mat
principal_ge_43662_V2G,43662,2014-08-22,V2G,ge,1,Solved,R2.2,2026-10-01 14:19:44,0.849949486163592,0.902947656378578,0.216693657293942,0.131667153745606,0.0320283333333505,15.1374279835386,5.717510746542,9.41991723699664,11.3724279835395,2.91166666666823,64.4120370370353,64.4120370370318,25.7648148148141,25.7648148148127,36.4066979166189,82.2312934268526,64.4120370370318,89.9999999999991,6.91224855131622e-13,2.07142671879441e-13,0,0,0,4.44089209850063e-16,3.5527136788005e-13,1.37845290737459e-12,7,2.1130197,0.0008277,1,"",0.849949486163592,0,PROJECT_ROOT\Round2_revision\runs_certified\principal_ge_43662_V2G.mat
principal_ge_43663_V2H,43663,2014-08-23,V2H,ge,1,Solved,R2.2,2026-10-01 14:19:47,1.56864060296186,1.43305890887679,0.0483250371652229,0.15732889791692,0.026577833333367,18.8527497395205,1.27506694367343,17.5776827958471,15.427366255148,2.41616666666973,64.4120370370353,64.4120370370356,25.7648148148141,25.7648148148142,36.4066979166189,95.0000000000017,55.3578703703617,89.9999999999999,7.49400541621981e-13,6.72318691703094e-14,5.6843418860808e-13,0,0,2.44249065417534e-15,5.6843418860808e-14,0,11.2,2.1464692,0.0007885,1,"",1.56864060296186,0,PROJECT_ROOT\Round2_revision\runs_certified\principal_ge_43663_V2H.mat
principal_ge_43663_V2G,43663,2014-08-23,V2G,ge,1,Solved,R2.2,2026-10-01 14:19:49,1.56864060296196,1.43305890887704,0.0483250371652157,0.157328897916798,0.0265778333333328,18.8527497395193,1.27506694367324,17.577682795846,15.4273662551441,2.41616666666662,64.4120370370353,64.4120370370355,25.7648148148141,25.7648148148142,36.4066979166189,95.0000000000005,55.3578703703703,89.9999999999999,3.22963877863458e-13,3.69308911777349e-14,4.54747350886464e-13,0,0,3.10862446895044e-15,4.9737991503207e-14,0,11.2,2.2795253,0.0009146,1,"",1.56864060296195,0,PROJECT_ROOT\Round2_revision\runs_certified\principal_ge_43663_V2G.mat
principal_ge_43664_V2H,43664,2014-08-24,V2H,ge,1,Solved,R2.2,2026-10-01 14:19:51,1.2629366859399,1.11425359465022,0.0605176053921193,0.17102336334847,0.0381773333333319,17.8286625514405,1.59677059082109,16.2318919606194,15.1736625514404,3.47066666666653,64.4120370370353,64.4120370370357,25.7648148148141,25.7648148148143,36.4066979166189,89.7195406278884,56.6355092592595,89.9999999999998,4.38371561273243e-13,7.36282758765126e-14,0,0,0,2.22044604925031e-16,7.105427357601e-14,0,9.8,2.3062062,0.0010197,1,"",1.2629366859399,0,PROJECT_ROOT\Round2_revision\runs_certified\principal_ge_43664_V2H.mat
principal_ge_43664_V2G,43664,2014-08-24,V2G,ge,1,Solved,R2.2,2026-10-01 14:19:54,1.2629366859397,1.11425359465002,0.0605176053921261,0.171023363348483,0.0381773333333204,17.8286625514365,1.59677059082127,16.2318919606152,15.1736625514373,3.47066666666549,64.4120370370353,64.4120370370317,25.7648148148141,25.7648148148127,36.4066979166189,89.7195406278935,56.6355092592598,89.9999999999967,4.75519623677201e-12,4.44035251213301e-13,0,0,0,4.44089209850063e-16,1.32160948851379e-12,1.4317436125566e-12,9.8,2.182614,0.0007373,1,"",1.2629366859397,0,PROJECT_ROOT\Round2_revision\runs_certified\principal_ge_43664_V2G.mat
principal_ge_43665_V2H,43665,2014-08-25,V2H,ge,1,Solved,R2.2,2026-10-01 14:19:56,1.59558322599779,1.38833780724766,0,0.15234258541675,0.0549028333333846,23.2722005460445,0,23.2722005460445,15.4952674897169,4.99116666667133,64.4120370370353,64.4120370370335,25.7648148148141,25.7648148148134,36.4066979166189,94.9999999999844,55.1356481481331,89.9999999999979,1.32108213257709e-11,1.20114631487651e-12,0,0,0,4.44089209850063e-16,8.5265128291212e-13,7.03437308402499e-13,8.4,2.1741766,0.0007269,1,"",1.59558322599779,0,PROJECT_ROOT\Round2_revision\runs_certified\principal_ge_43665_V2H.mat
principal_ge_43665_V2G,43665,2014-08-25,V2G,ge,1,Solved,R2.2,2026-10-01 14:19:58,1.59558322599751,1.38833780724739,0,0.152342585416791,0.0549028333333318,23.2722005460392,0,23.2722005460392,15.4952674897117,4.99116666666653,64.4120370370353,64.412037037035,25.7648148148141,25.764814814814,36.4066979166189,94.9999999999999,55.1356481481483,89.9999999999997,9.52127265918534e-13,1.26200289536673e-13,0,0,0,6.66133814775094e-16,9.9475983006414e-14,8.5265128291212e-14,8.4,2.1814351,0.0011374,1,"",1.59558322599751,0,PROJECT_ROOT\Round2_revision\runs_certified\principal_ge_43665_V2G.mat
principal_ge_43666_V2H,43666,2014-08-26,V2H,ge,1,Solved,R2.2,2026-10-01 14:20:00,1.31235632589933,0.985418836973655,0,0.298289822258961,0.0286476666667139,16.2213193782296,0,16.2213193782296,12.548559670786,2.60433333333762,64.4120370370353,64.4120370370325,25.7648148148141,25.764814814813,36.0458333333351,93.5408075658019,61.7657407407267,89.9999999999979,1.58306145969789e-11,1.41159888961208e-12,0,0,0,2.22044604925031e-16,8.5265128291212e-13,1.11555209514336e-12,8.4,2.2691215,0.0008693,1,"",1.31235632589933,0,PROJECT_ROOT\Round2_revision\runs_certified\principal_ge_43666_V2H.mat
principal_ge_43666_V2G,43666,2014-08-26,V2G,ge,1,Solved,R2.2,2026-10-01 14:20:03,1.31235632589884,0.985418836973226,0,0.298289822258961,0.0286476666666532,16.221319378221,0,16.221319378221,12.5485596707789,2.60433333333211,64.4120370370353,64.412037037032,25.7648148148141,25.7648148148128,36.0458333333351,93.5408075658019,61.7657407407436,89.9999999999995,7.56603113494236e-13,2.63616754942828e-13,0,0,0,4.44089209850063e-16,2.1316282072803e-13,1.32160948851379e-12,8.4,2.2159912,0.0007457,1,"",1.31235632589884,0,PROJECT_ROOT\Round2_revision\runs_certified\principal_ge_43666_V2G.mat
principal_ge_43668_V2H,43668,2014-08-28,V2H,ge,1,Solved,R2.2,2026-10-01 14:20:05,1.77400199696185,1.66186204871028,0.135147620498561,0.234923568750132,0.0123639999999994,22.6178921418214,3.56590027700688,19.0519918648145,15.3876543209876,1.12399999999995,64.4120370370353,64.4120370370352,25.7648148148141,25.7648148148141,36.4066979166189,95.0000000000004,55.3777777777779,90,5.90638649100583e-14,2.46202673636797e-14,4.54747350886464e-13,0,0,4.44089209850063e-16,1.4210854715202e-14,2.1316282072803e-14,12.6,2.192243,0.0010024,1,"",1.77400199696185,0,PROJECT_ROOT\Round2_revision\runs_certified\principal_ge_43668_V2H.mat
principal_ge_43668_V2G,43668,2014-08-28,V2G,ge,1,Solved,R2.2,2026-10-01 14:20:07,1.77400199696205,1.66186204871046,0.135147620498538,0.234923568750129,0.0123639999999996,22.617892141822,3.56590027700627,19.0519918648158,15.3876543209876,1.12399999999996,64.4120370370353,64.4120370370352,25.7648148148141,25.7648148148141,36.4066979166189,95.0000000000016,55.3777777777779,90,6.83453293959246e-13,1.70611923014421e-13,0,0,0,2.22044604925031e-16,0,7.105427357601e-15,12.6,2.123208,0.0010879,1,"",1.77400199696205,0,PROJECT_ROOT\Round2_revision\runs_certified\principal_ge_43668_V2G.mat
principal_ge_43669_V2H,43669,2014-08-29,V2H,ge,1,Solved,R2.2,2026-10-01 14:20:09,0.964649208128889,0.865002389712105,0.144523260074909,0.212141745158352,0.0320283333333401,15.4734279835426,3.81327862994483,11.6601493535978,11.3724279835365,2.91166666666729,64.4120370370353,64.4120370370277,25.7648148148141,25.7648148148111,36.4066979166189,94.5439738285062,64.4120370370277,89.9999999999924,1.04727337912891e-12,5.2215938539429e-13,0,0,0,5.55111512312578e-16,3.03401748169563e-12,3.00559577226522e-12,7,2.1869402,0.0007807,1,"",0.964649208128889,0,PROJECT_ROOT\Round2_revision\runs_certified\principal_ge_43669_V2H.mat
principal_ge_43669_V2G,43669,2014-08-29,V2G,ge,1,Solved,R2.2,2026-10-01 14:20:12,0.964566735494859,0.86495925041133,0.144586426741546,0.212141745158403,0.0320521666666728,15.4756028806545,3.81494529661072,11.6606575840438,11.3751028806585,2.91383333333389,64.4120370370353,64.4120370370337,25.7648148148141,25.7648148148135,36.4066979166189,94.581577995191,64.4120370370337,89.9999999999986,3.45007356017391e-12,4.26516403560603e-13,0,0,0,6.66133814775094e-16,5.47117906535277e-13,6.11066752753686e-13,7,2.2130155,0.0008385,1,"",0.96456673549486,0,PROJECT_ROOT\Round2_revision\runs_certified\principal_ge_43669_V2G.mat
principal_ge_43670_V2H,43670,2014-08-30,V2H,ge,1,Solved,R2.2,2026-10-01 14:20:14,1.11648277061738,0.952221115637531,0.103628391194299,0.246421712840811,0.0214683333333323,17.343576131686,2.7342583428575,14.6093177888285,14.8539094650206,1.95166666666658,64.4120370370353,64.4120370370356,25.7648148148141,25.7648148148143,35.1916666666673,83.1879732225683,56.6037037037039,90,7.19424519957101e-14,2.38472044214305e-14,2.8421709430404e-13,0,0,1.11022302462516e-15,1.4210854715202e-14,0,11.2,2.2046589,0.0007236,1,"",1.11648277061737,0,PROJECT_ROOT\Round2_revision\runs_certified\principal_ge_43670_V2H.mat
principal_ge_43670_V2G,43670,2014-08-30,V2G,ge,1,Solved,R2.2,2026-10-01 14:20:16,1.11648277061739,0.952221115637555,0.103628391194308,0.246421712840811,0.0214683333333329,17.3435761316861,2.73425834285773,14.6093177888284,14.8539094650207,1.95166666666663,64.4120370370353,64.4120370370356,25.7648148148141,25.7648148148142,35.1916666666673,83.1879732225683,56.6037037037037,89.9999999999999,1.28785870856518e-13,2.56426789860312e-14,2.8421709430404e-13,0,0,1.99840144432528e-15,4.2632564145606e-14,0,11.2,2.1404029,0.0010658,1,"",1.11648277061739,0,PROJECT_ROOT\Round2_revision\runs_certified\principal_ge_43670_V2G.mat
principal_ge_43671_V2H,43671,2014-08-31,V2H,ge,1,Solved,R2.2,2026-10-01 14:20:18,1.27650643775786,1.19325777510287,0.0771404227618279,0.152342585416795,0.00804650000002924,16.7767757201647,2.03536735519335,14.7414083649713,11.7919753086434,0.731500000002658,64.4120370370353,64.4120370370312,25.7648148148141,25.7648148148125,36.4066979166189,95.0000000000015,64.4120370370312,89.9999999999959,1.03272945750632e-12,4.34865854828676e-13,0,0,0,4.44089209850063e-16,1.64845914696343e-12,1.63780100592703e-12,9.8,2.1666814,0.0009274,1,"",1.27650643775786,0,PROJECT_ROOT\Round2_revision\runs_certified\principal_ge_43671_V2H.mat
principal_ge_43671_V2G,43671,2014-08-31,V2G,ge,1,Solved,R2.2,2026-10-01 14:20:21,1.27618625463018,1.19284127510288,0.0770624392228337,0.152342585416801,0.00806483333333285,16.7751090534983,2.03330974202728,14.741799311471,11.7940329218109,0.733166666666623,64.4120370370353,64.4120370370357,25.7648148148141,25.7648148148143,36.4066979166188,95.0000000000018,64.4120370370353,89.9999999999999,1.41442413337245e-13,2.50006103379884e-14,0,0,0,6.66133814775094e-16,5.6843418860808e-14,0,9.8,2.0692319,0.0010535,1,"",1.27618625463018,0,PROJECT_ROOT\Round2_revision\runs_certified\principal_ge_43671_V2G.mat
principal_ge_43673_V2H,43673,2014-09-02,V2H,ge,1,Solved,R2.2,2026-10-01 14:20:23,0.899021601717739,0.829905402674897,0.122226322662146,0.168504688371656,0.0228378333333321,14.5636687242799,3.22496893567667,11.3386997886032,11.8965020576139,2.07616666666655,64.4120370370353,64.4120370370373,25.7648148148141,25.7648148148149,35.8791666666681,68.5476800554234,63.2328703703707,90,4.7903417343953e-12,4.22597856153119e-13,0,0,0,2.22044604925031e-16,1.4210854715202e-14,0,8.4,2.1304099,0.0008319,1,"",0.899021601717739,0,PROJECT_ROOT\Round2_revision\runs_certified\principal_ge_43673_V2H.mat
principal_ge_43673_V2G,43673,2014-09-02,V2G,ge,1,Solved,R2.2,2026-10-01 14:20:25,0.899021601717742,0.829905402674896,0.122226322662144,0.168504688371657,0.0228378333333328,14.5636687242798,3.22496893567661,11.3386997886032,11.896502057614,2.07616666666662,64.4120370370353,64.4120370370372,25.7648148148141,25.7648148148149,35.8791666666685,68.5476800554239,63.2328703703705,90,4.33559438350883e-12,3.86206892057778e-13,0,0,0,2.22044604925031e-16,7.105427357601e-15,0,8.4,2.0910132,0.0007534,1,"",0.899021601717742,0,PROJECT_ROOT\Round2_revision\runs_certified\principal_ge_43673_V2G.mat
principal_ge_43674_V2H,43674,2014-09-03,V2H,ge,1,Solved,R2.2,2026-10-01 14:20:27,0.511136167926633,0.691874823045314,0.309019907202206,0.0989992520834628,0.029282000000062,13.38242798354,8.15355955678643,5.22886842675361,11.3724279835389,2.66200000000563,64.4120370370353,65.1055555555378,25.7648148148141,26.0422222222151,36.4066979166189,74.4833333333353,64.4120370370353,89.9999999999979,1.5234438710543e-11,1.36545153117385e-12,0,0,0,4.44089209850063e-16,8.5265128291212e-13,0,7,2.1486593,0.00076,1,"",0.511136167926632,0,PROJECT_ROOT\Round2_revision\runs_certified\principal_ge_43674_V2H.mat
principal_ge_43674_V2G,43674,2014-09-03,V2G,ge,1,Solved,R2.2,2026-10-01 14:20:30,0.504420134593189,0.691874823045297,0.318482273868904,0.0989992520834448,0.0320283333333514,13.3824279835397,8.40322622345394,4.97920176008578,11.3724279835398,2.9116666666683,64.4120370370353,64.4120370370322,25.7648148148141,25.7648148148129,36.4066979166189,74.4833333333284,64.4120370370322,89.9999999999997,2.27812213537959e-12,3.53958390594232e-13,0,0,0,1.11022302462516e-16,9.9475983006414e-14,1.20792265079217e-12,7,2.16858,0.0008074,1,"",0.504420134593189,0,PROJECT_ROOT\Round2_revision\runs_certified\principal_ge_43674_V2G.mat
principal_ge_43675_V2H,43675,2014-09-04,V2H,ge,1,Solved,R2.2,2026-10-01 14:20:32,1.71889196683412,1.58385448108254,0.0285601871652382,0.157368006250131,0.00622966666668374,21.5069556036919,0.753566943673832,20.753388660018,14.6991769547344,0.566333333334885,64.4120370370353,64.4120370370352,25.7648148148141,25.7648148148141,36.4066979166189,95.0000000000005,56.9268518518475,90,2.38253861084559e-13,3.10185151902854e-14,4.54747350886464e-13,0,0,1.11022302462516e-15,1.4210854715202e-14,2.8421709430404e-14,12.6,2.0752565,0.0015259,1,"",1.71889196683412,0,PROJECT_ROOT\Round2_revision\runs_certified\principal_ge_43675_V2H.mat
principal_ge_43675_V2G,43675,2014-09-04,V2G,ge,1,Solved,R2.2,2026-10-01 14:20:34,1.71889196683418,1.58385448108261,0.028560187165231,0.157368006250131,0.006229666666666,21.5069556036912,0.753566943673642,20.7533886600176,14.6991769547324,0.566333333333273,64.4120370370353,64.4120370370352,25.7648148148141,25.7648148148141,36.4066979166189,95.0000000000004,56.926851851852,90,9.27591337074318e-14,2.43831562764685e-14,4.54747350886464e-13,0,0,6.66133814775094e-16,7.105427357601e-15,2.1316282072803e-14,12.6,2.0589806,0.001356,1,"",1.71889196683418,0,PROJECT_ROOT\Round2_revision\runs_certified\principal_ge_43675_V2G.mat
principal_ge_43676_V2H,43676,2014-09-05,V2H,ge,1,Solved,R2.2,2026-10-01 14:20:36,1.30671889810117,0.99259077020967,0,0.265168961224837,0.0489591666666652,16.9472766241083,0,16.9472766241083,13.2726337448559,4.4508333333332,64.4120370370353,64.4120370370355,25.7648148148141,25.7648148148142,36.4066979166189,92.7033591297532,60.7509259259261,90.6143518518517,6.7568173278687e-13,1.35240204521552e-13,0,0,0,0,4.2632564145606e-14,0,7,1.9600014,0.0007702,1,"",1.30671889810117,0,PROJECT_ROOT\Round2_revision\runs_certified\principal_ge_43676_V2H.mat
principal_ge_43676_V2G,43676,2014-09-05,V2G,ge,1,Solved,R2.2,2026-10-01 14:20:38,1.30671889810117,0.992590770209671,0,0.265168961224838,0.0489591666666657,16.9472766241083,0,16.9472766241083,13.272633744856,4.45083333333325,64.4120370370353,64.4120370370356,25.7648148148141,25.7648148148143,36.4066979166189,92.7033591297534,60.7509259259261,90.6143518518518,6.7568173278687e-13,1.35065075296153e-13,0,0,0,4.44089209850063e-16,7.105427357601e-15,0,7,1.9092225,0.0007249,1,"",1.30671889810118,0,PROJECT_ROOT\Round2_revision\runs_certified\principal_ge_43676_V2G.mat
principal_ge_43678_V2H,43678,2014-09-07,V2H,ge,1,Solved,R2.2,2026-10-01 14:20:40,0.715155568348531,0.856932042592658,0.16727539299395,0.0121375854164566,0.0133613333333666,14.7869814814826,4.41359875973483,10.3733827217478,12.3884773662587,1.21466666666969,64.4120370370353,64.4120370370349,25.7648148148141,25.7648148148139,36.4066979166189,41.0749999998714,64.4120370370349,89.9999999999999,1.02773345389551e-12,4.53625165509765e-13,0,0,0,3.33066907387547e-16,4.2632564145606e-14,1.52766688188422e-13,9.8,1.9062127,0.0008309,1,"",0.715155568348531,0,PROJECT_ROOT\Round2_revision\runs_certified\principal_ge_43678_V2H.mat
principal_ge_43678_V2G,43678,2014-09-07,V2G,ge,1,Solved,R2.2,2026-10-01 14:20:42,0.714696758472109,0.856398819135796,0.167244979413802,0.0121375854168058,0.0134053333333091,14.7871172839503,4.41279629060163,10.3743209933487,12.3934156378573,1.21866666666447,64.4120370370353,64.412037037035,25.7648148148141,25.764814814814,36.4066979166189,41.0750000000057,64.412037037035,89.9999999999992,2.70276023783822e-11,2.2623972249313e-12,0,0,0,0,2.98427949019242e-13,1.03028696685215e-13,9.8,1.7452806,0.0010667,1,"",0.714696758472109,0,PROJECT_ROOT\Round2_revision\runs_certified\principal_ge_43678_V2G.mat
principal_ge_43679_V2H,43679,2014-09-08,V2H,ge,1,Solved,R2.2,2026-10-01 14:20:44,0.430040352324141,0.857955171074214,0.468292400000007,0.0105474145832649,0.029830166666669,14.7999955920414,12.3560000000002,2.44399559204125,12.681275720165,2.71183333333354,64.4120370370353,64.4120370370356,25.7648148148141,25.7648148148143,32.3499999999785,36.4066979166189,61.709004629629,90,5.22915044598449e-14,2.3668478558823e-14,0,0,0,5.6621374255883e-14,1.4210854715202e-14,0,8.4,1.8303205,0.0007348,1,"",0.430040352324085,0,PROJECT_ROOT\Round2_revision\runs_certified\principal_ge_43679_V2H.mat
principal_ge_43679_V2G,43679,2014-09-08,V2G,ge,1,Solved,R2.2,2026-10-01 14:20:46,0.430040352324099,0.857955171074232,0.468292400000007,0.0105474145832078,0.029830166666666,14.7999955920413,12.3560000000002,2.44399559204117,12.6812757201647,2.71183333333328,64.4120370370353,64.4120370370357,25.7648148148141,25.7648148148143,32.3500000000005,36.4066979166189,61.7090046296298,90,5.22915044598449e-14,2.21822528171478e-14,0,0,0,0,0,0,8.4,1.9350837,0.0010296,1,"",0.430040352324099,0,PROJECT_ROOT\Round2_revision\runs_certified\principal_ge_43679_V2G.mat
principal_ge_43680_V2H,43680,2014-09-09,V2H,ge,1,Solved,R2.2,2026-10-01 14:20:48,0.497141713388487,0.705086785391202,0.277431845323644,0.0496574399875483,0.0198293333333802,12.972681069964,7.32010145972674,5.65257961023722,11.5588477366299,1.80266666667093,64.4120370370353,64.4120370370332,25.7648148148141,25.7648148148133,36.4066979166189,50.2841066482273,63.9925925925786,89.9999999999979,1.05011138673561e-12,5.0479771135776e-13,0,0,0,0,8.5265128291212e-13,8.17124146124115e-13,8.4,2.0199603,0.0007143,1,"",0.497141713388487,0,PROJECT_ROOT\Round2_revision\runs_certified\principal_ge_43680_V2H.mat
principal_ge_43680_V2G,43680,2014-09-09,V2G,ge,1,Solved,R2.2,2026-10-01 14:20:50,0.497141713388021,0.705086785390762,0.277431845323619,0.0496574399875449,0.0198293333333326,12.9726810699581,7.32010145972609,5.65257961023199,11.5588477366256,1.8026666666666,64.4120370370353,64.4120370370355,25.7648148148141,25.7648148148142,36.4066979166189,50.2841066482223,63.9925925925928,90,1.38333788868295e-13,2.64065030383557e-14,4.54747350886464e-13,0,0,1.66533453693773e-16,7.105427357601e-15,0,8.4,2.1308424,0.0008753,1,"",0.497141713388021,0,PROJECT_ROOT\Round2_revision\runs_certified\principal_ge_43680_V2G.mat
principal_ge_43681_V2H,43681,2014-09-10,V2H,ge,1,Solved,R2.2,2026-10-01 14:20:52,0.80510786358679,0.853990823045329,0.173797711542018,0.100223418750077,0.0246913333334023,14.0390946502068,4.58569159741472,9.45340305279212,11.3724279835389,2.24466666667294,64.4120370370353,66.2648148147953,25.7648148148141,26.5059259259181,36.4066979166189,74.9541666666485,64.4120370370353,89.9999999999979,1.62630325872826e-11,1.45076497120513e-12,0,0,0,1.11022302462516e-16,8.5265128291212e-13,0,7,2.3413604,0.0009104,1,"",0.80510786358679,0,PROJECT_ROOT\Round2_revision\runs_certified\principal_ge_43681_V2H.mat
principal_ge_43681_V2G,43681,2014-09-10,V2G,ge,1,Solved,R2.2,2026-10-01 14:20:55,0.787165563586838,0.85399082304532,0.199077011541952,0.100223418750132,0.0320283333333385,14.0390946502066,5.25269159741299,8.78640305279365,11.3724279835399,2.91166666666714,64.4120370370353,64.4120370370357,25.7648148148141,25.7648148148143,36.4066979166189,74.9541666666696,64.4120370370353,90,4.39259739692943e-13,7.06036524846631e-14,0,0,0,0,7.105427357601e-15,0,7,2.1740825,0.0008763,1,"",0.787165563586838,0,PROJECT_ROOT\Round2_revision\runs_certified\principal_ge_43681_V2G.mat
principal_ge_43682_V2H,43682,2014-09-11,V2H,ge,1,Solved,R2.2,2026-10-01 14:20:57,1.35840056397857,1.16712449835392,0.0501435350278463,0.234443767319162,0.00697583333333263,19.2159218106996,1.32304841762127,17.8928733930783,14.7829218106995,0.634166666666603,64.4120370370353,64.4120370370352,25.7648148148141,25.7648148148141,35.100000000001,80.8386888273795,56.7384259259261,90,6.83481049534862e-13,2.23151184497919e-13,0,0,0,4.44089209850063e-16,1.4210854715202e-14,2.1316282072803e-14,12.6,2.0594354,0.0007835,1,"",1.35840056397857,0,PROJECT_ROOT\Round2_revision\runs_certified\principal_ge_43682_V2H.mat
principal_ge_43682_V2G,43682,2014-09-11,V2G,ge,1,Solved,R2.2,2026-10-01 14:20:59,1.35840056397858,1.16712449835392,0.050143535027837,0.234443767319162,0.00697583333333315,19.2159218106996,1.32304841762103,17.8928733930786,14.7829218106996,0.63416666666665,64.4120370370353,64.4120370370352,25.7648148148141,25.7648148148141,35.1000000000009,80.8386888273794,56.738425925926,90,6.83481049534862e-13,2.17758777529348e-13,0,0,0,4.44089209850063e-16,0,7.105427357601e-15,12.6,2.5197743,0.0009955,1,"",1.35840056397858,0,PROJECT_ROOT\Round2_revision\runs_certified\principal_ge_43682_V2G.mat
principal_ge_43684_V2H,43684,2014-09-13,V2H,ge,1,Solved,R2.2,2026-10-01 14:21:02,1.09193871228281,1.04091511337476,0.105311838771199,0.136988271012539,0.0193471666667061,17.4540102880714,2.77867648472822,14.6753338033432,14.6158436214038,1.75883333333692,64.4120370370353,64.4120370370358,25.7648148148141,25.7648148148143,36.4066979166189,66.4822888966196,57.1476851851751,89.9999999999995,1.04274922030356e-12,5.12620404671184e-13,0,0,0,4.44089209850063e-16,1.84741111297626e-13,0,11.2,2.1671782,0.0006913,1,"",1.09193871228281,0,PROJECT_ROOT\Round2_revision\runs_certified\principal_ge_43684_V2H.mat
principal_ge_43684_V2G,43684,2014-09-13,V2G,ge,1,Solved,R2.2,2026-10-01 14:21:04,1.09193871228251,1.04091511337449,0.105311838771182,0.136988271012538,0.0193471666666661,17.4540102880658,2.77867648472775,14.6753338033381,14.6158436213993,1.75883333333328,64.4120370370353,64.4120370370355,25.7648148148141,25.7648148148142,36.4066979166189,67.1817263966194,57.1476851851852,89.9999999999999,6.85340673101109e-13,1.77102709192994e-13,0,0,0,2.22044604925031e-16,5.6843418860808e-14,0,11.2,2.2064595,0.000796,1,"",1.09193871228251,0,PROJECT_ROOT\Round2_revision\runs_certified\principal_ge_43684_V2G.mat
principal_ge_43685_V2H,43685,2014-09-14,V2H,ge,1,Solved,R2.2,2026-10-01 14:21:06,0.982267406688073,0.887113491769801,0.0736043371652194,0.152342585416797,0.0164156666666946,14.8029423868358,1.94206694367333,12.8608754431625,12.731275720168,1.49233333333587,64.4120370370353,64.4120370370357,25.7648148148141,25.7648148148143,36.4066979166189,95.0000000000003,63.8279259259201,90.0000000000003,1.0493828028757e-12,4.24946352881364e-13,2.27373675443232e-13,0,0,8.88178419700125e-16,9.9475983006414e-14,0,9.8,2.1833325,0.00088,1,"",0.982267406688072,0,PROJECT_ROOT\Round2_revision\runs_certified\principal_ge_43685_V2H.mat
principal_ge_43685_V2G,43685,2014-09-14,V2G,ge,1,Solved,R2.2,2026-10-01 14:21:08,0.982218581584919,0.887141083333322,0.0736990871651999,0.152342585416797,0.0164339999999995,14.8058333333333,1.94456694367282,12.8612663896605,12.7333333333335,1.49399999999995,64.4120370370353,64.4120370370357,25.7648148148141,25.7648148148143,36.4066979166189,95.0000000000005,63.827925925926,89.9999999999999,6.02962124673923e-13,5.59816897089793e-14,0,0,0,3.33066907387547e-16,4.9737991503207e-14,0,9.8,2.0593523,0.0006745,1,"",0.982218581584919,0,PROJECT_ROOT\Round2_revision\runs_certified\principal_ge_43685_V2G.mat
principal_ge_43686_V2H,43686,2014-09-15,V2H,ge,1,Solved,R2.2,2026-10-01 14:21:10,1.05028263824918,1.01908206810733,0.17790677889462,0.164368515703089,0.0447388333333872,17.2093600823112,4.69411026107178,12.5152498212394,14.3545267489763,4.06716666667156,64.4120370370353,64.4120370370332,25.7648148148141,25.7648148148133,36.4066979166189,79.7730955678782,57.7023148147991,89.9999999999979,1.63576166500867e-11,1.45807143319035e-12,0,0,0,4.44089209850063e-16,8.5265128291212e-13,8.38440428196918e-13,8.4,2.0008379,0.0009167,1,"",1.05028263824918,0,PROJECT_ROOT\Round2_revision\runs_certified\principal_ge_43686_V2H.mat
principal_ge_43686_V2G,43686,2014-09-15,V2G,ge,1,Solved,R2.2,2026-10-01 14:21:12,1.05028263824875,1.01908206810692,0.177906778894589,0.164368515703088,0.0447388333333324,17.2093600823042,4.69411026107095,12.5152498212333,14.3545267489713,4.06716666666658,64.4120370370353,64.4120370370356,25.7648148148141,25.7648148148142,36.4066979166189,79.773095567878,57.702314814815,90,5.15143483426073e-14,2.27344892547741e-14,4.54747350886464e-13,0,0,6.66133814775094e-16,7.105427357601e-15,0,8.4,1.9055341,0.0008672,1,"",1.05028263824875,0,PROJECT_ROOT\Round2_revision\runs_certified\principal_ge_43686_V2G.mat
principal_ge_43687_V2H,43687,2014-09-16,V2H,ge,1,Solved,R2.2,2026-10-01 14:21:15,0.704626771991154,0.747970087036854,0.263653424469981,0.196913109424282,0.0233969999999989,13.5454259259252,6.9565547353557,6.58887119056947,11.9592592592593,2.1269999999999,64.4120370370353,64.4120370370355,25.7648148148141,25.7648148148142,36.4066979166189,85.8775046168241,63.0916666666669,90,6.94999613415348e-14,2.40816813899127e-14,5.6843418860808e-14,0,0,4.44089209850063e-16,1.4210854715202e-14,0,8.4,2.2180203,0.0008251,1,"",0.704626771991154,0,PROJECT_ROOT\Round2_revision\runs_certified\principal_ge_43687_V2H.mat
principal_ge_43687_V2G,43687,2014-09-16,V2G,ge,1,Solved,R2.2,2026-10-01 14:21:17,0.704626771991338,0.747970087037065,0.263653424470016,0.196913109424277,0.0233970000000117,13.5454259259265,6.95655473535662,6.58887119056983,11.9592592592595,2.12700000000107,64.4120370370353,64.4120370370329,25.7648148148141,25.7648148148131,36.4066979166189,85.877504616825,63.0916666666637,90,7.99582622335038e-13,3.28301206594977e-13,0,0,0,1.11022302462516e-16,0,9.52127265918534e-13,8.4,2.2350161,0.0007258,1,"",0.704626771991338,0,PROJECT_ROOT\Round2_revision\runs_certified\principal_ge_43687_V2G.mat
principal_ge_43689_V2H,43689,2014-09-18,V2H,ge,1,Solved,R2.2,2026-10-01 14:21:19,1.46969475080729,1.4800643525557,0.194688520498539,0.176695918750126,0.00762299999999952,19.8425855555562,5.1369002770063,14.7056852785499,14.8555555555555,0.692999999999956,64.4120370370353,64.4120370370352,25.7648148148141,25.7648148148141,36.4066979166189,95.0000000000005,56.5750000000001,90,6.83925138744712e-13,1.47644298694036e-13,0,0,0,6.66133814775094e-16,1.4210854715202e-14,2.1316282072803e-14,12.6,1.9585974,0.0006602,1,"",1.46969475080729,0,PROJECT_ROOT\Round2_revision\runs_certified\principal_ge_43689_V2H.mat
principal_ge_43689_V2G,43689,2014-09-18,V2G,ge,1,Solved,R2.2,2026-10-01 14:21:21,1.4696947508072,1.48006435255563,0.194688520498558,0.176695918750126,0.00762299999999984,19.8425855555559,5.13690027700681,14.7056852785491,14.8555555555555,0.692999999999986,64.4120370370353,64.4120370370352,25.7648148148141,25.7648148148141,36.4066979166189,95.0000000000005,56.575,90,6.15063555642337e-14,2.29895608408248e-14,4.54747350886464e-13,0,0,4.44089209850063e-16,0,1.4210854715202e-14,12.6,1.8203206,0.0007502,1,"",1.4696947508072,0,PROJECT_ROOT\Round2_revision\runs_certified\principal_ge_43689_V2G.mat
principal_ge_43690_V2H,43690,2014-09-19,V2H,ge,1,Solved,R2.2,2026-10-01 14:21:23,1.09494279045489,1.04880980886993,0.181518270498564,0.193758418750131,0.0338928333333875,15.7960599639923,4.78940027700697,11.0066596869854,11.7251028806589,3.08116666667159,64.4120370370353,64.7347222222078,25.7648148148141,25.8938888888831,36.4066979166189,95.0000000000029,64.4120370370353,90.7935185185178,4.88267759557459e-12,6.46336679371846e-13,0,0,0,2.22044604925031e-16,2.70006239588838e-13,0,7,2.1230974,0.0008803,1,"",1.09494279045489,0,PROJECT_ROOT\Round2_revision\runs_certified\principal_ge_43690_V2H.mat
principal_ge_43690_V2G,43690,2014-09-19,V2G,ge,1,Solved,R2.2,2026-10-01 14:21:26,1.0918179071215,1.04880980886992,0.185920987165232,0.193758418750138,0.0351706666666722,15.7960599639926,4.90556694367368,10.8904930203189,11.7251028806592,3.19733333333383,64.4120370370353,64.4120370370356,25.7648148148141,25.7648148148143,36.4066979166189,95.0000000000003,64.4120370370353,90.7935185185185,1.42802436542411e-13,2.55150477123956e-14,4.54747350886464e-13,0,0,1.11022302462516e-15,0,0,7,2.4160769,0.0008368,1,"",1.0918179071215,0,PROJECT_ROOT\Round2_revision\runs_certified\principal_ge_43690_V2G.mat
principal_ge_43691_V2H,43691,2014-09-20,V2H,ge,1,Solved,R2.2,2026-10-01 14:21:28,1.71282027538013,1.53763985662985,1.7234924598597e-14,0.152342585416934,0.0228378333333658,21.3912128917194,4.54747350886464e-13,21.3912128917189,15.0076131687281,2.07616666666962,64.4120370370353,64.4120370370357,25.7648148148141,25.7648148148143,36.4066979166189,95.0000000000017,57.2282407407324,90.9916203703702,6.52811138479592e-14,2.69047607217756e-14,4.54747350886464e-13,0,0,1.99840144432528e-15,0,0,11.2,2.0492906,0.0010362,1,"",1.71282027538013,0,PROJECT_ROOT\Round2_revision\runs_certified\principal_ge_43691_V2H.mat
principal_ge_43691_V2G,43691,2014-09-20,V2G,ge,1,Solved,R2.2,2026-10-01 14:21:30,1.71282027538023,1.53763985663011,0,0.152342585416791,0.0228378333333324,21.3912128917183,0,21.3912128917183,15.0076131687236,2.07616666666658,64.4120370370353,64.412037037034,25.7648148148141,25.7648148148136,36.4066979166189,95,57.2282407407392,90.9766203703686,4.60657206824422e-12,3.9509192954743e-13,0,0,0,2.22044604925031e-16,6.82121026329696e-13,4.9737991503207e-13,11.2,2.3159651,0.0007915,1,"",1.71282027538023,0,PROJECT_ROOT\Round2_revision\runs_certified\principal_ge_43691_V2G.mat
principal_ge_43692_V2H,43692,2014-09-21,V2H,ge,1,Solved,R2.2,2026-10-01 14:21:32,1.29320981965077,1.14460750473251,0.0610594371652044,0.152342585416801,0.0573191666666655,20.233183127572,1.61106694367294,18.6221161838991,17.3220164609054,5.21083333333323,64.4120370370353,64.4120370370357,25.7648148148141,25.7648148148143,36.4066979166189,95.0000000000018,52.8842083333334,89.9999999999999,5.06261699229071e-14,2.24210515250938e-14,4.54747350886464e-13,0,0,1.11022302462516e-15,5.6843418860808e-14,0,9.8,2.0776607,0.0008444,1,"",1.29320981965077,0,PROJECT_ROOT\Round2_revision\runs_certified\principal_ge_43692_V2H.mat
principal_ge_43692_V2G,43692,2014-09-21,V2G,ge,1,Solved,R2.2,2026-10-01 14:21:34,1.29320981965076,1.14460750473251,0.0610594371652069,0.152342585416797,0.057319166666666,20.233183127572,1.611066943673,18.622116183899,17.3220164609055,5.21083333333328,64.4120370370353,64.4120370370357,25.7648148148141,25.7648148148143,36.4066979166189,95.0000000000005,52.8842083333333,89.9999999999998,5.81340531269348e-14,2.21513714994492e-14,4.54747350886464e-13,0,0,2.22044604925031e-16,6.3948846218409e-14,0,9.8,2.0283721,0.0010706,1,"",1.29320981965076,0,PROJECT_ROOT\Round2_revision\runs_certified\principal_ge_43692_V2G.mat
principal_ge_43693_V2H,43693,2014-09-22,V2H,ge,1,Solved,R2.2,2026-10-01 14:21:37,0.846238419946127,0.86261342181069,0.224477231787432,0.164468896589538,0.0436333333333316,15.7421193415637,5.92288210520929,9.81923723635438,14.2304526748971,3.96666666666651,64.4120370370353,64.4120370370356,25.7648148148141,25.7648148148142,36.4066979166189,93.0111495845028,57.9814814814819,90,6.7212901910807e-13,1.12662309688815e-13,0,0,0,1.11022302462516e-16,1.4210854715202e-14,0,8.4,2.0736876,0.0008934,1,"",0.846238419946127,0,PROJECT_ROOT\Round2_revision\runs_certified\principal_ge_43693_V2H.mat
principal_ge_43693_V2G,43693,2014-09-22,V2G,ge,1,Solved,R2.2,2026-10-01 14:21:39,0.84623841994599,0.862613421810552,0.224477231787433,0.164468896589538,0.0436333333333326,15.7421193415632,5.9228821052093,9.81923723635385,14.2304526748972,3.9666666666666,64.4120370370353,64.4120370370356,25.7648148148141,25.7648148148142,36.4066979166189,93.0111495845028,57.9814814814817,90,5.15698594938385e-14,2.28054230869722e-14,0,0,0,2.22044604925031e-16,7.105427357601e-15,0,8.4,2.0170122,0.0007758,1,"",0.84623841994599,0,PROJECT_ROOT\Round2_revision\runs_certified\principal_ge_43693_V2G.mat
principal_ge_43695_V2H,43695,2014-09-24,V2H,ge,1,Solved,R2.2,2026-10-01 14:21:41,0.747706870807259,0.77081769259258,0.186792407202142,0.126375085416792,0.0373065000000283,14.3638148148167,4.92855955678474,9.43525525803192,11.9648148148182,3.39150000000258,64.4120370370353,64.4120370370357,25.7648148148141,25.7648148148143,36.4066979166189,85.0125000000006,63.0791666666595,90,8.62776516896702e-12,1.0112106752951e-12,0,0,0,1.11022302462516e-16,1.4210854715202e-14,0,7,2.1672097,0.00111,1,"",0.747706870807259,0,PROJECT_ROOT\Round2_revision\runs_certified\principal_ge_43695_V2H.mat
principal_ge_43695_V2G,43695,2014-09-24,V2G,ge,1,Solved,R2.2,2026-10-01 14:21:43,0.747706870807246,0.770817692592591,0.186792407202139,0.126375085416795,0.0373064999999991,14.3638148148149,4.92855955678466,9.43525525803021,11.9648148148149,3.39149999999992,64.4120370370353,64.4120370370357,25.7648148148141,25.7648148148143,36.4066979166189,85.0125000000015,63.0791666666669,90,2.71949129881932e-13,3.68051855646565e-14,0,0,0,2.22044604925031e-16,7.105427357601e-15,0,7,2.1579653,0.0014704,1,"",0.747706870807247,0,PROJECT_ROOT\Round2_revision\runs_certified\principal_ge_43695_V2G.mat
principal_ge_43696_V2H,43696,2014-09-25,V2H,ge,1,Solved,R2.2,2026-10-01 14:21:45,1.64495290010348,1.69887485185205,0.216032537165293,0.152342585416705,0.00976800000001678,21.8329629629656,5.70006694367528,16.1328960192903,15.0962962962972,0.888000000001525,64.4120370370353,64.4120370370331,25.7648148148141,25.7648148148132,36.4066979166189,94.9999999999671,56.033333333327,89.9999999999979,1.65199659507564e-11,1.41103215765763e-12,0,0,0,2.22044604925031e-16,8.5265128291212e-13,8.66862137627322e-13,12.6,1.9912356,0.0009525,1,"",1.64495290010348,0,PROJECT_ROOT\Round2_revision\runs_certified\principal_ge_43696_V2H.mat
principal_ge_43696_V2G,43696,2014-09-25,V2G,ge,1,Solved,R2.2,2026-10-01 14:21:47,1.64495290010356,1.6988748518519,0.216032537165195,0.152342585416852,0.00976799999999903,21.8329629629627,5.70006694367269,16.13289601929,15.0962962962959,0.887999999999912,64.4120370370353,64.4120370370347,25.7648148148141,25.7648148148139,36.4066979166189,95.0000000000233,56.0333333333331,89.9999999999995,7.63424046201777e-13,1.72527508601755e-13,0,0,0,6.66133814775094e-16,2.1316282072803e-13,2.20268248085631e-13,12.6,2.1259316,0.0010721,1,"",1.64495290010356,0,PROJECT_ROOT\Round2_revision\runs_certified\principal_ge_43696_V2G.mat
principal_ge_43697_V2H,43697,2014-09-26,V2H,ge,1,Solved,R2.2,2026-10-01 14:21:50,1.33546936100909,1.20013676275748,0.0563661538318865,0.15234258541678,0.0393561666667107,16.6603559670829,1.48723361034001,15.1731223567429,12.1948559670822,3.57783333333733,64.4120370370353,64.4120370370332,25.7648148148141,25.7648148148133,36.4066979166189,94.9999999999959,63.6138888888771,91.0523148148141,1.21084600679389e-11,1.09246009713619e-12,0,0,0,1.55431223447522e-15,2.62900812231237e-13,8.38440428196918e-13,7,2.0694631,0.0009055,1,"",1.33546936100908,0,PROJECT_ROOT\Round2_revision\runs_certified\principal_ge_43697_V2H.mat
principal_ge_43697_V2G,43697,2014-09-26,V2G,ge,1,Solved,R2.2,2026-10-01 14:21:52,1.33546936100885,1.20013676275726,0.0563661538318711,0.152342585416793,0.0393561666666646,16.6603559670783,1.48723361033961,15.1731223567387,12.1948559670781,3.57783333333315,64.4120370370353,64.4120370370356,25.7648148148141,25.7648148148143,36.4066979166189,95.0000000000007,63.6138888888894,91.0523148148148,4.3293146845258e-13,8.77251029801363e-14,0,0,0,0,0,0,7,2.0881687,0.000768,1,"",1.33546936100885,0,PROJECT_ROOT\Round2_revision\runs_certified\principal_ge_43697_V2G.mat
principal_ge_43698_V2H,43698,2014-09-27,V2H,ge,1,Solved,R2.2,2026-10-01 14:21:54,1.78977561046537,1.64466424554706,0.0588043871652045,0.17750841875014,0.0264073333333742,21.4779792026788,1.55156694367294,19.9264122590058,15.4082304526802,2.40066666667038,64.4120370370353,64.4120370370369,25.7648148148141,25.7648148148148,36.4066979166189,95.0000000000066,55.54027777777,90.0000000000015,1.11632925126059e-12,5.27592558185697e-13,0,0,0,6.66133814775094e-16,6.03961325396085e-13,0,11.2,2.097875,0.0007641,1,"",1.78977561046537,0,PROJECT_ROOT\Round2_revision\runs_certified\principal_ge_43698_V2H.mat
principal_ge_43698_V2G,43698,2014-09-27,V2G,ge,1,Solved,R2.2,2026-10-01 14:21:56,1.78977561046511,1.64466424554685,0.0588043871652096,0.177508418750139,0.0264073333333328,21.477979202675,1.55156694367308,19.9264122590019,15.408230452675,2.40066666666662,64.4120370370353,64.4120370370356,25.7648148148141,25.7648148148142,36.4066979166176,95.0000000000004,55.5402777777777,89.9999999999999,1.13242748511766e-13,2.52194272635848e-14,4.54747350886464e-13,0,0,0,4.2632564145606e-14,0,11.2,2.3041146,0.0008394,1,"",1.78977561046511,0,PROJECT_ROOT\Round2_revision\runs_certified\principal_ge_43698_V2G.mat
principal_ge_43700_V2H,43700,2014-09-29,V2H,ge,1,Solved,R2.2,2026-10-01 14:21:59,1.43941310377546,1.25211618502528,0,0.152342585416791,0.0349543333333847,19.6273116571559,0,19.6273116571559,13.2563786008291,3.17766666667134,64.4120370370353,64.412037037036,25.7648148148141,25.7648148148144,36.4066979166189,95,60.1731481481351,90,4.34874358745674e-12,5.47138076488779e-13,0,0,0,4.44089209850063e-16,1.4210854715202e-14,0,8.4,2.1056974,0.0008975,1,"",1.43941310377546,0,PROJECT_ROOT\Round2_revision\runs_certified\principal_ge_43700_V2H.mat
principal_ge_43700_V2G,43700,2014-09-29,V2G,ge,1,Solved,R2.2,2026-10-01 14:22:01,1.43941310377527,1.25211618502514,0,0.152342585416791,0.034954333333332,19.6273116571503,0,19.6273116571503,13.256378600823,3.17766666666655,64.4120370370353,64.4120370370356,25.7648148148141,25.7648148148142,36.4066979166189,95,60.1731481481485,90,4.38371561273243e-13,8.26196609978013e-14,0,0,0,8.88178419700125e-16,0,0,8.4,2.4371423,0.001344,1,"",1.43941310377527,0,PROJECT_ROOT\Round2_revision\runs_certified\principal_ge_43700_V2G.mat
principal_ge_43701_V2H,43701,2014-09-30,V2H,ge,1,Solved,R2.2,2026-10-01 14:22:03,1.38627188631735,1.33471218806572,0.13751005383187,0.152342585416792,0.0367271666667071,17.4530164609089,3.62823361033959,13.8247828505693,13.4553497942437,3.33883333333701,64.4120370370353,64.4120370370363,25.7648148148141,25.7648148148145,36.4066979166189,95.0000000000005,59.7254629629527,90,9.12336872715969e-12,8.39096668952633e-13,0,0,0,2.22044604925031e-16,1.4210854715202e-14,0,8.4,1.957395,0.0008021,1,"",1.38627188631735,0,PROJECT_ROOT\Round2_revision\runs_certified\principal_ge_43701_V2H.mat
principal_ge_43701_V2G,43701,2014-09-30,V2G,ge,1,Solved,R2.2,2026-10-01 14:22:05,1.38627188631742,1.33471218806583,0.137510053831871,0.152342585416797,0.0367271666666654,17.4530164609052,3.6282336103396,13.8247828505656,13.4553497942387,3.33883333333322,64.4120370370353,64.4120370370355,25.7648148148141,25.7648148148142,36.4066979166189,95.0000000000005,59.7254629629633,90,5.51558798633778e-13,1.02045048692423e-13,4.54747350886464e-13,0,0,1.11022302462516e-15,7.105427357601e-15,0,8.4,2.3522698,0.0008485,1,"",1.38627188631742,0,PROJECT_ROOT\Round2_revision\runs_certified\principal_ge_43701_V2G.mat
principal_ge_43702_V2H,43702,2014-10-01,V2H,ge,1,Solved,R2.2,2026-10-01 14:22:08,1.14015322067949,0.953706172427887,0.0247638704985493,0.152342585416798,0.058868333333354,17.3417736625521,0.653400277006578,16.6883733855455,14.3847736625539,5.35166666666854,64.4120370370353,64.4120370370357,25.7648148148141,25.7648148148143,36.4066979166187,95.0000000000005,57.634259259254,90,2.23279728039927e-13,3.11071015514588e-14,4.54747350886464e-13,0,0,1.99840144432528e-15,1.4210854715202e-14,0,7,2.1463814,0.0007833,1,"",1.14015322067949,0,PROJECT_ROOT\Round2_revision\runs_certified\principal_ge_43702_V2H.mat
principal_ge_43702_V2G,43702,2014-10-01,V2G,ge,1,Solved,R2.2,2026-10-01 14:22:10,1.14015322067958,0.953706172427994,0.0247638704985457,0.152342585416798,0.0588683333333319,17.3417736625515,0.653400277006483,16.688373385545,14.3847736625515,5.35166666666654,64.4120370370353,64.4120370370357,25.7648148148141,25.7648148148143,36.4066979166187,95.0000000000005,57.6342592592596,90,2.23279728039927e-13,2.9501126881851e-14,4.54747350886464e-13,0,0,2.22044604925031e-16,7.105427357601e-15,0,7,2.0979262,0.0007125,1,"",1.14015322067958,0,PROJECT_ROOT\Round2_revision\runs_certified\principal_ge_43702_V2G.mat
equality_43593_V2H,43593,2014-06-14,V2H,eq,1,Solved,R2.2,2026-10-01 14:22:12,0.624939333458428,0.732265278189297,0.195127030147661,0.0803009187501269,0.00750016666666546,14.5042139917695,5.14847045244489,9.3557435393246,13.2862139917695,0.681833333333223,64.4120370370353,64.4120370370355,25.7648148148141,25.7648148148142,36.4066979166189,67.2916666666673,60.2345046296297,89.9999999999998,5.03763697423665e-14,2.3516149998445e-14,0,0,0,3.33066907387547e-16,7.8159700933611e-14,1.13686837721616e-13,11.2,2.08193,0.0012533,1,"",0.624939333458428,0,PROJECT_ROOT\Round2_revision\runs_certified\equality_43593_V2H.mat
equality_43593_V2G,43593,2014-06-14,V2G,eq,1,Solved,R2.2,2026-10-01 14:22:14,0.624939333458427,0.732265278189296,0.195127030147662,0.080300918750126,0.00750016666666608,14.5042139917695,5.1484704524449,9.35574353932457,13.2862139917696,0.68183333333328,64.4120370370353,64.4120370370356,25.7648148148141,25.7648148148142,36.4066979166189,67.2916666666673,60.2345046296296,89.9999999999999,5.63507573936306e-14,2.30100620478727e-14,0,0,0,3.33066907387547e-16,4.9737991503207e-14,1.4210854715202e-13,11.2,2.1323413,0.0012895,1,"",0.624939333458427,0,PROJECT_ROOT\Round2_revision\runs_certified\equality_43593_V2G.mat
equality_43598_V2H,43598,2014-06-19,V2H,eq,1,Solved,R2.2,2026-10-01 14:22:17,0.716298022897184,0.844388216647325,0.174030483333346,0.0428529562498726,0.0030873333333329,15.6183627524068,4.59183333333366,11.0265294190732,14.346502057614,0.280666666666628,64.4120370370353,64.4120370370371,25.7648148148141,25.7648148148149,20.0000000000012,36.4066979166189,57.7203703703705,90,5.07045100350823e-12,4.31153213955081e-13,0,0,0,3.33066907387547e-16,0,7.53175299905706e-13,12.6,2.152844,0.0010364,1,"",0.716298022897184,0,PROJECT_ROOT\Round2_revision\runs_certified\equality_43598_V2H.mat
equality_43598_V2G,43598,2014-06-19,V2G,eq,1,Solved,R2.2,2026-10-01 14:22:19,0.716298022897169,0.844388216647309,0.174030483333349,0.0428529562498759,0.00308733333333302,15.6183627524067,4.59183333333375,11.0265294190729,14.3465020576131,0.280666666666638,64.4120370370353,64.4120370370352,25.7648148148141,25.7648148148141,19.9999999999999,36.4066979166189,57.7203703703704,90,2.55018228756398e-13,2.86285870649157e-14,4.54747350886464e-13,0,0,4.44089209850063e-16,0,7.105427357601e-15,12.6,2.2583981,0.0010575,1,"",0.716298022897168,0,PROJECT_ROOT\Round2_revision\runs_certified\equality_43598_V2G.mat
equality_43599_V2H,43599,2014-06-20,V2H,eq,1,FAILED: CVX status Failed; objective NaN,R2.2,2026-10-01 14:22:21,NaN,NaN,NaN,NaN,NaN,NaN,NaN,NaN,NaN,NaN,NaN,NaN,NaN,NaN,NaN,NaN,NaN,NaN,NaN,NaN,NaN,NaN,NaN,NaN,NaN,NaN,NaN,NaN,NaN,0,"Error using solveRound2 (line 128)
CVX status Failed; objective NaN

Error in runRound2Case (line 17)
    R=solveRound2(cfg,I,regime,mode,cap);status=R.solver.status;
      ^^^^^^^^^^^^^^^^^^^^^^^^^^^^^^^^^^
Error in run_round2_principal (line 36)
        [row,~]=runRound2Case(cfg,inputs{n},reg,""eq"",true,""equality_""+days.DayID(n)+""_""+reg,out);
                ^^^^^^^^^^^^^^^^^^^^^^^^^^^^^^^^^^^^^^^^^^^^^^^^^^^^^^^^^^^^^^^^^^^^^^^^^^^^^^^^",NaN,NaN,PROJECT_ROOT\Round2_revision\runs_certified\equality_43599_V2H.mat
equality_43599_V2G,43599,2014-06-20,V2G,eq,1,Solved,R2.2,2026-10-01 14:22:23,0.224820117099849,0.566326902516611,0.416192533333377,0.0426574145832765,0.0320283333333388,11.2568128554165,10.9813333333345,0.275479522082009,11.3724279835399,2.91166666666716,64.4120370370353,64.4120370370357,25.7648148148141,25.7648148148143,19.9999999999741,36.4066979166189,64.4120370370353,90,6.5403238380668e-13,3.03836391060094e-13,0,0,0,8.32667268468867e-17,0,1.63424829224823e-13,7,2.1380643,0.0013123,1,"",0.224820117099849,0,PROJECT_ROOT\Round2_revision\runs_certified\equality_43599_V2G.mat
equality_43604_V2H,43604,2014-06-25,V2H,eq,1,FAILED: CVX status Failed; objective NaN,R2.2,2026-10-01 14:22:25,NaN,NaN,NaN,NaN,NaN,NaN,NaN,NaN,NaN,NaN,NaN,NaN,NaN,NaN,NaN,NaN,NaN,NaN,NaN,NaN,NaN,NaN,NaN,NaN,NaN,NaN,NaN,NaN,NaN,0,"Error using solveRound2 (line 128)
CVX status Failed; objective NaN

Error in runRound2Case (line 17)
    R=solveRound2(cfg,I,regime,mode,cap);status=R.solver.status;
      ^^^^^^^^^^^^^^^^^^^^^^^^^^^^^^^^^^
Error in run_round2_principal (line 36)
        [row,~]=runRound2Case(cfg,inputs{n},reg,""eq"",true,""equality_""+days.DayID(n)+""_""+reg,out);
                ^^^^^^^^^^^^^^^^^^^^^^^^^^^^^^^^^^^^^^^^^^^^^^^^^^^^^^^^^^^^^^^^^^^^^^^^^^^^^^^^",NaN,NaN,PROJECT_ROOT\Round2_revision\runs_certified\equality_43604_V2H.mat
equality_43604_V2G,43604,2014-06-25,V2G,eq,1,Solved,R2.2,2026-10-01 14:22:27,0.0819005801088387,0.581181706378582,0.538211583333468,0.00690212373038376,0.03202833333334,11.6469279835387,14.2008333333369,-2.55390534979815,11.3724279835398,2.91166666666728,64.4120370370353,64.4120370370351,25.7648148148141,25.764814814814,33.7520349433943,36.4066979166189,64.4120370370351,89.9999999999997,6.9930172763577e-13,2.26128556228572e-13,0,0,0,1.11022302462516e-16,9.9475983006414e-14,6.3948846218409e-14,7,2.1160711,0.0008624,1,"",0.0819005801088386,0,PROJECT_ROOT\Round2_revision\runs_certified\equality_43604_V2G.mat
equality_43610_V2H,43610,2014-07-01,V2H,eq,1,FAILED: CVX status Failed; objective NaN,R2.2,2026-10-01 14:22:29,NaN,NaN,NaN,NaN,NaN,NaN,NaN,NaN,NaN,NaN,NaN,NaN,NaN,NaN,NaN,NaN,NaN,NaN,NaN,NaN,NaN,NaN,NaN,NaN,NaN,NaN,NaN,NaN,NaN,0,"Error using solveRound2 (line 128)
CVX status Failed; objective NaN

Error in runRound2Case (line 17)
    R=solveRound2(cfg,I,regime,mode,cap);status=R.solver.status;
      ^^^^^^^^^^^^^^^^^^^^^^^^^^^^^^^^^^
Error in run_round2_principal (line 36)
        [row,~]=runRound2Case(cfg,inputs{n},reg,""eq"",true,""equality_""+days.DayID(n)+""_""+reg,out);
                ^^^^^^^^^^^^^^^^^^^^^^^^^^^^^^^^^^^^^^^^^^^^^^^^^^^^^^^^^^^^^^^^^^^^^^^^^^^^^^^^",NaN,NaN,PROJECT_ROOT\Round2_revision\runs_certified\equality_43610_V2H.mat
equality_43610_V2G,43610,2014-07-01,V2G,eq,1,Solved,R2.2,2026-10-01 14:22:32,0.193287243728576,0.579751239711976,0.423766216666698,0.019133887349959,0.0181683333333392,11.6182613168733,11.1811666666675,0.43709465020577,11.3724279835399,1.6516666666672,64.4120370370353,64.4120370370356,25.7648148148141,25.7648148148142,29.047510474327,36.4066979166189,64.4120370370353,90,4.2676973066591e-13,4.61168210788247e-14,0,0,0,0,0,1.20792265079217e-13,8.4,2.1923661,0.0008857,1,"",0.193287243728576,0,PROJECT_ROOT\Round2_revision\runs_certified\equality_43610_V2G.mat
equality_43616_V2H,43616,2014-07-07,V2H,eq,1,FAILED: CVX status Failed; objective NaN,R2.2,2026-10-01 14:22:34,NaN,NaN,NaN,NaN,NaN,NaN,NaN,NaN,NaN,NaN,NaN,NaN,NaN,NaN,NaN,NaN,NaN,NaN,NaN,NaN,NaN,NaN,NaN,NaN,NaN,NaN,NaN,NaN,NaN,0,"Error using solveRound2 (line 128)
CVX status Failed; objective NaN

Error in runRound2Case (line 17)
    R=solveRound2(cfg,I,regime,mode,cap);status=R.solver.status;
      ^^^^^^^^^^^^^^^^^^^^^^^^^^^^^^^^^^
Error in run_round2_principal (line 36)
        [row,~]=runRound2Case(cfg,inputs{n},reg,""eq"",true,""equality_""+days.DayID(n)+""_""+reg,out);
                ^^^^^^^^^^^^^^^^^^^^^^^^^^^^^^^^^^^^^^^^^^^^^^^^^^^^^^^^^^^^^^^^^^^^^^^^^^^^^^^^",NaN,NaN,PROJECT_ROOT\Round2_revision\runs_certified\equality_43616_V2H.mat
equality_43616_V2G,43616,2014-07-07,V2G,eq,1,Solved,R2.2,2026-10-01 14:22:36,0.0287335397119471,0.577896623045303,0.567331416666695,1.38598479159115e-16,0.0181683333333388,11.5810946502065,14.9691666666674,-3.38807201646094,11.3724279835399,1.65166666666717,64.4120370370353,64.4120370370356,25.7648148148141,25.7648148148143,36.4066979166188,36.4066979166189,64.4120370370352,90,5.01820807130571e-14,2.28172686189558e-14,0,0,0,1.2490009027033e-16,1.4210854715202e-14,1.56319401867222e-13,8.4,2.0838098,0.0009458,1,"",0.028733539711947,0,PROJECT_ROOT\Round2_revision\runs_certified\equality_43616_V2G.mat
equality_43621_V2H,43621,2014-07-12,V2H,eq,1,Solved,R2.2,2026-10-01 14:22:38,1.65836547500071,1.52282971008246,0.0679256538318907,0.152342585416796,0.0511188333333412,22.9631872427995,1.79223361034012,21.1709536324594,18.1816872427994,4.64716666666738,64.4120370370353,64.4120370370356,25.7648148148141,25.7648148148142,36.4066979166189,95.0000000000018,49.5620370370356,89.9999999999999,9.04498698162115e-13,4.74531014552472e-13,0,0,0,6.66133814775094e-16,4.2632564145606e-14,1.4210854715202e-13,11.2,2.1031168,0.00088,1,"",1.65836547500071,0,PROJECT_ROOT\Round2_revision\runs_certified\equality_43621_V2H.mat
equality_43621_V2G,43621,2014-07-12,V2G,eq,1,Solved,R2.2,2026-10-01 14:22:40,1.658243589815,1.52273799156367,0.0679888204986528,0.152342585416645,0.0511518333333383,22.9655576131671,1.79390027700931,21.1716573361578,18.1853909465026,4.65016666666712,64.4120370370353,64.4120370370351,25.7648148148141,25.764814814814,36.4066979166189,94.9999999999439,49.5620370370351,89.9999999999999,6.04849503815785e-13,1.75451135235995e-13,0,0,0,0,5.6843418860808e-14,7.105427357601e-14,11.2,2.2336133,0.0011046,1,"",1.658243589815,0,PROJECT_ROOT\Round2_revision\runs_certified\equality_43621_V2G.mat
equality_43627_V2H,43627,2014-07-18,V2H,eq,1,FAILED: CVX status Failed; objective NaN,R2.2,2026-10-01 14:22:42,NaN,NaN,NaN,NaN,NaN,NaN,NaN,NaN,NaN,NaN,NaN,NaN,NaN,NaN,NaN,NaN,NaN,NaN,NaN,NaN,NaN,NaN,NaN,NaN,NaN,NaN,NaN,NaN,NaN,0,"Error using solveRound2 (line 128)
CVX status Failed; objective NaN

Error in runRound2Case (line 17)
    R=solveRound2(cfg,I,regime,mode,cap);status=R.solver.status;
      ^^^^^^^^^^^^^^^^^^^^^^^^^^^^^^^^^^
Error in run_round2_principal (line 36)
        [row,~]=runRound2Case(cfg,inputs{n},reg,""eq"",true,""equality_""+days.DayID(n)+""_""+reg,out);
                ^^^^^^^^^^^^^^^^^^^^^^^^^^^^^^^^^^^^^^^^^^^^^^^^^^^^^^^^^^^^^^^^^^^^^^^^^^^^^^^^",NaN,NaN,PROJECT_ROOT\Round2_revision\runs_certified\equality_43627_V2H.mat
equality_43627_V2G,43627,2014-07-18,V2G,eq,1,Solved,R2.2,2026-10-01 14:22:45,0.117021085616196,0.607374353086432,0.525868682065254,0.00319741459501314,0.0323180000000054,11.9922716049389,13.8751631151782,-1.88289151023932,11.4049382716057,2.93800000000049,64.4120370370353,64.4120370370356,25.7648148148141,25.7648148148143,36.4066979166189,37.5349030470941,64.4120370370353,90,4.66293670342566e-14,2.22470611172857e-14,0,0,0,1.66533453693773e-16,0,1.56319401867222e-13,7,2.163749,0.0007568,1,"",0.117021085616196,0,PROJECT_ROOT\Round2_revision\runs_certified\equality_43627_V2G.mat
equality_43633_V2H,43633,2014-07-24,V2H,eq,1,Solved,R2.2,2026-10-01 14:22:47,0.525666794359604,1.03366582942388,0.548382459354601,0.0312222576236571,0.00916116666666777,17.9696893004118,14.4691941782217,3.50049512219019,15.0281893004125,0.832833333333434,64.4120370370353,64.4120370370371,25.7648148148141,25.7648148148148,34.2416666666413,41.3284626038718,56.1865740740716,89.9999999999978,1.64313007644523e-11,1.62446890242793e-12,0,0,0,3.33066907387547e-16,8.95283847057726e-13,7.31859017832903e-13,12.6,1.9777584,0.0010799,1,"",0.525666794359604,0,PROJECT_ROOT\Round2_revision\runs_certified\equality_43633_V2H.mat
equality_43633_V2G,43633,2014-07-24,V2G,eq,1,Solved,R2.2,2026-10-01 14:22:49,0.525666794359627,1.03366582942373,0.548382459354497,0.031222257623724,0.0091611666666663,17.9696893004109,14.4691941782189,3.50049512219196,15.0281893004115,0.8328333333333,64.4120370370353,64.4120370370352,25.7648148148141,25.7648148148141,34.2416666666671,41.3284626038976,56.1865740740742,90,5.78981307342019e-14,2.3924917905829e-14,0,0,0,5.55111512312578e-16,0,7.105427357601e-15,12.6,2.1503126,0.0016133,1,"",0.525666794359627,0,PROJECT_ROOT\Round2_revision\runs_certified\equality_43633_V2G.mat
equality_43638_V2H,43638,2014-07-29,V2H,eq,1,Solved,R2.2,2026-10-01 14:22:51,0.626734327017204,0.880651094032813,0.460350516329071,0.18591691598013,0.0205168333333326,13.943174897119,12.1464516181813,1.79672327893765,11.6360082304527,1.8651666666666,64.4120370370353,64.4120370370354,25.7648148148141,25.7648148148142,19.9999999999893,63.956602031406,63.8189814814815,89.9999999999999,4.88498130835069e-14,2.1517354726781e-14,0,0,0,3.05311331771918e-14,4.9737991503207e-14,7.105427357601e-14,8.4,2.1446076,0.0007645,1,"",0.626734327017173,0,PROJECT_ROOT\Round2_revision\runs_certified\equality_43638_V2H.mat
equality_43638_V2G,43638,2014-07-29,V2G,eq,1,Solved,R2.2,2026-10-01 14:22:53,0.626734327017287,0.88065109403292,0.46035051632907,0.185916915980104,0.0205168333333327,13.9431748971193,12.1464516181813,1.79672327893805,11.6360082304527,1.86516666666661,64.4120370370353,64.4120370370355,25.7648148148141,25.7648148148142,20.0000000000005,63.9566020314067,63.8189814814816,90,5.47117906535277e-13,9.86482595802848e-14,0,0,0,8.88178419700125e-16,0,1.06581410364015e-13,8.4,2.163986,0.0014859,1,"",0.626734327017286,0,PROJECT_ROOT\Round2_revision\runs_certified\equality_43638_V2G.mat
equality_43644_V2H,43644,2014-08-04,V2H,eq,1,FAILED: CVX status Failed; objective NaN,R2.2,2026-10-01 14:22:56,NaN,NaN,NaN,NaN,NaN,NaN,NaN,NaN,NaN,NaN,NaN,NaN,NaN,NaN,NaN,NaN,NaN,NaN,NaN,NaN,NaN,NaN,NaN,NaN,NaN,NaN,NaN,NaN,NaN,0,"Error using solveRound2 (line 128)
CVX status Failed; objective NaN

Error in runRound2Case (line 17)
    R=solveRound2(cfg,I,regime,mode,cap);status=R.solver.status;
      ^^^^^^^^^^^^^^^^^^^^^^^^^^^^^^^^^^
Error in run_round2_principal (line 36)
        [row,~]=runRound2Case(cfg,inputs{n},reg,""eq"",true,""equality_""+days.DayID(n)+""_""+reg,out);
                ^^^^^^^^^^^^^^^^^^^^^^^^^^^^^^^^^^^^^^^^^^^^^^^^^^^^^^^^^^^^^^^^^^^^^^^^^^^^^^^^",NaN,NaN,PROJECT_ROOT\Round2_revision\runs_certified\equality_43644_V2H.mat
equality_43644_V2G,43644,2014-08-04,V2G,eq,1,Solved,R2.2,2026-10-01 14:22:58,0.219747367879973,0.597688556378575,0.459716273915092,0.0636067520831552,0.018168333333335,11.8617613168719,12.1297169898441,-0.267955672972211,11.3724279835393,1.65166666666681,64.4120370370353,64.4120370370354,25.7648148148141,25.7648148148142,36.4066979166189,60.870833333217,64.4120370370353,89.9999999999988,1.06471914618211e-11,9.49964407942042e-13,0,0,0,8.32667268468867e-17,4.90274487674469e-13,5.6843418860808e-14,8.4,2.1092088,0.0012674,1,"",0.219747367879973,0,PROJECT_ROOT\Round2_revision\runs_certified\equality_43644_V2G.mat
equality_43651_V2H,43651,2014-08-11,V2H,eq,1,FAILED: CVX status Failed; objective NaN,R2.2,2026-10-01 14:23:00,NaN,NaN,NaN,NaN,NaN,NaN,NaN,NaN,NaN,NaN,NaN,NaN,NaN,NaN,NaN,NaN,NaN,NaN,NaN,NaN,NaN,NaN,NaN,NaN,NaN,NaN,NaN,NaN,NaN,0,"Error using solveRound2 (line 128)
CVX status Failed; objective NaN

Error in runRound2Case (line 17)
    R=solveRound2(cfg,I,regime,mode,cap);status=R.solver.status;
      ^^^^^^^^^^^^^^^^^^^^^^^^^^^^^^^^^^
Error in run_round2_principal (line 36)
        [row,~]=runRound2Case(cfg,inputs{n},reg,""eq"",true,""equality_""+days.DayID(n)+""_""+reg,out);
                ^^^^^^^^^^^^^^^^^^^^^^^^^^^^^^^^^^^^^^^^^^^^^^^^^^^^^^^^^^^^^^^^^^^^^^^^^^^^^^^^",NaN,NaN,PROJECT_ROOT\Round2_revision\runs_certified\equality_43651_V2H.mat
equality_43651_V2G,43651,2014-08-11,V2G,eq,1,Solved,R2.2,2026-10-01 14:23:02,0.173417078966334,0.585030939712071,0.449494000000139,0.0197118059210632,0.0181683333333388,11.7212613168752,11.8600000000037,-0.138738683128471,11.3724279835398,1.65166666666716,64.4120370370353,64.4120370370354,25.7648148148141,25.7648148148142,28.9004424341587,36.4066979166189,64.4120370370353,89.9999999999997,7.28403448668757e-13,2.91815180647581e-13,0,0,0,4.44089209850063e-16,9.9475983006414e-14,5.6843418860808e-14,8.4,2.1737408,0.0010203,1,"",0.173417078966335,0,PROJECT_ROOT\Round2_revision\runs_certified\equality_43651_V2G.mat
equality_43657_V2H,43657,2014-08-17,V2H,eq,1,Solved,R2.2,2026-10-01 14:23:04,0.261067724200319,0.577073973045306,0.360840363168796,0.0402141143238071,0.00462000000000134,11.5575946502065,9.52085390946691,2.03674074073964,11.4074074074073,0.420000000000122,64.4120370370353,64.4120370370348,25.7648148148141,25.7648148148139,21.0149392023341,36.4066979166189,64.4120370370348,89.9999999999989,1.07320402564781e-12,4.00161703539399e-13,0,0,0,6.66133814775094e-16,4.40536496171262e-13,1.95399252334028e-13,9.8,2.194692,0.0008072,1,"",0.261067724200319,0,PROJECT_ROOT\Round2_revision\runs_certified\equality_43657_V2H.mat
equality_43657_V2G,43657,2014-08-17,V2G,eq,1,Solved,R2.2,2026-10-01 14:23:07,0.260953721525353,0.576991970370338,0.360903529835469,0.0402141143238186,0.00465116666666498,11.5599259259253,9.52252057613375,2.03740534979154,11.4109053497942,0.42283333333318,64.4120370370353,64.4120370370357,25.7648148148141,25.7648148148143,21.0149392023296,36.4066979166189,64.4120370370353,89.9999999999998,6.78027078926391e-13,2.90984272149672e-13,0,0,0,8.88178419700125e-16,9.2370555648813e-14,1.59872115546023e-13,9.8,2.2193401,0.0008705,1,"",0.260953721525354,0,PROJECT_ROOT\Round2_revision\runs_certified\equality_43657_V2G.mat
equality_43662_V2H,43662,2014-08-22,V2H,eq,1,FAILED: CVX status Failed; objective NaN,R2.2,2026-10-01 14:23:09,NaN,NaN,NaN,NaN,NaN,NaN,NaN,NaN,NaN,NaN,NaN,NaN,NaN,NaN,NaN,NaN,NaN,NaN,NaN,NaN,NaN,NaN,NaN,NaN,NaN,NaN,NaN,NaN,NaN,0,"Error using solveRound2 (line 128)
CVX status Failed; objective NaN

Error in runRound2Case (line 17)
    R=solveRound2(cfg,I,regime,mode,cap);status=R.solver.status;
      ^^^^^^^^^^^^^^^^^^^^^^^^^^^^^^^^^^
Error in run_round2_principal (line 36)
        [row,~]=runRound2Case(cfg,inputs{n},reg,""eq"",true,""equality_""+days.DayID(n)+""_""+reg,out);
                ^^^^^^^^^^^^^^^^^^^^^^^^^^^^^^^^^^^^^^^^^^^^^^^^^^^^^^^^^^^^^^^^^^^^^^^^^^^^^^^^",NaN,NaN,PROJECT_ROOT\Round2_revision\runs_certified\equality_43662_V2H.mat
equality_43662_V2G,43662,2014-08-22,V2G,eq,1,Solved,R2.2,2026-10-01 14:23:11,0.849949486163582,0.902947656378578,0.216693657293944,0.131667153745606,0.0320283333333425,15.1374279835386,5.71751074654207,9.41991723699657,11.3724279835395,2.9116666666675,64.4120370370353,64.4120370370338,25.7648148148141,25.7648148148135,36.4066979166189,83.3406163435193,64.4120370370338,89.9999999999991,7.11292136301722e-12,6.24296814594967e-13,0,0,0,4.44089209850063e-16,3.5527136788005e-13,5.6843418860808e-13,7,2.135595,0.0008356,1,"",0.849949486163581,0,PROJECT_ROOT\Round2_revision\runs_certified\equality_43662_V2G.mat
equality_43668_V2H,43668,2014-08-28,V2H,eq,1,Solved,R2.2,2026-10-01 14:23:13,1.77400199696185,1.66186204871028,0.135147620498562,0.234923568750132,0.0123639999999994,22.6178921418214,3.56590027700691,19.0519918648145,15.3876543209876,1.12399999999995,64.4120370370353,64.4120370370352,25.7648148148141,25.7648148148141,36.4066979166189,95.0000000000004,55.3777777777779,90,2.61020371983278e-13,3.30761053627449e-14,4.54747350886464e-13,0,0,0,1.4210854715202e-14,2.1316282072803e-14,12.6,2.0885654,0.0010542,1,"",1.77400199696185,0,PROJECT_ROOT\Round2_revision\runs_certified\equality_43668_V2H.mat
equality_43668_V2G,43668,2014-08-28,V2G,eq,1,Solved,R2.2,2026-10-01 14:23:15,1.77400199696198,1.66186204871039,0.135147620498538,0.234923568750129,0.0123639999999996,22.6178921418218,3.56590027700629,19.0519918648155,15.3876543209876,1.12399999999997,64.4120370370353,64.4120370370352,25.7648148148141,25.7648148148141,36.4066979166189,95.0000000000016,55.3777777777778,90,6.83453293959246e-13,1.55409538868081e-13,0,0,0,4.44089209850063e-16,7.105427357601e-15,2.1316282072803e-14,12.6,2.0112091,0.0010788,1,"",1.77400199696198,0,PROJECT_ROOT\Round2_revision\runs_certified\equality_43668_V2G.mat
equality_43674_V2H,43674,2014-09-03,V2H,eq,1,FAILED: CVX status Failed; objective NaN,R2.2,2026-10-01 14:23:17,NaN,NaN,NaN,NaN,NaN,NaN,NaN,NaN,NaN,NaN,NaN,NaN,NaN,NaN,NaN,NaN,NaN,NaN,NaN,NaN,NaN,NaN,NaN,NaN,NaN,NaN,NaN,NaN,NaN,0,"Error using solveRound2 (line 128)
CVX status Failed; objective NaN

Error in runRound2Case (line 17)
    R=solveRound2(cfg,I,regime,mode,cap);status=R.solver.status;
      ^^^^^^^^^^^^^^^^^^^^^^^^^^^^^^^^^^
Error in run_round2_principal (line 36)
        [row,~]=runRound2Case(cfg,inputs{n},reg,""eq"",true,""equality_""+days.DayID(n)+""_""+reg,out);
                ^^^^^^^^^^^^^^^^^^^^^^^^^^^^^^^^^^^^^^^^^^^^^^^^^^^^^^^^^^^^^^^^^^^^^^^^^^^^^^^^",NaN,NaN,PROJECT_ROOT\Round2_revision\runs_certified\equality_43674_V2H.mat
equality_43674_V2G,43674,2014-09-03,V2G,eq,1,Solved,R2.2,2026-10-01 14:23:20,0.504420134593094,0.691874823045293,0.31848227386901,0.0989992520834628,0.032028333333348,13.3824279835396,8.40322622345672,4.97920176008291,11.3724279835401,2.911666666668,64.4120370370353,64.4120370370337,25.7648148148141,25.7648148148135,36.4066979166189,74.4833333333353,64.4120370370337,90.0000000000004,8.26227974926041e-12,7.21394646804373e-13,0,0,0,2.22044604925031e-16,1.49213974509621e-13,6.18172180111287e-13,7,2.7584215,0.002054,1,"",0.504420134593094,0,PROJECT_ROOT\Round2_revision\runs_certified\equality_43674_V2G.mat
equality_43679_V2H,43679,2014-09-08,V2H,eq,1,Solved,R2.2,2026-10-01 14:23:23,0.430040352324038,0.857955171074211,0.468292400000048,0.0105474145832067,0.0298301666666673,14.7999955920409,12.3560000000013,2.44399559203965,12.681275720169,2.71183333333339,64.4120370370353,64.4120370370449,25.7648148148141,25.7648148148179,32.3500000000009,36.4066979166189,61.7090046296277,89.999999999998,3.20106718909585e-11,2.77450505446057e-12,0,0,0,5.55111512312578e-17,7.8159700933611e-13,3.84403620046214e-12,8.4,2.2729862,0.0007202,1,"",0.430040352324038,0,PROJECT_ROOT\Round2_revision\runs_certified\equality_43679_V2H.mat
equality_43679_V2G,43679,2014-09-08,V2G,eq,1,Solved,R2.2,2026-10-01 14:23:25,0.430040352324098,0.857955171074231,0.468292400000007,0.0105474145832078,0.0298301666666661,14.7999955920413,12.3560000000002,2.44399559204115,12.6812757201647,2.71183333333329,64.4120370370353,64.4120370370356,25.7648148148141,25.7648148148142,32.3500000000005,36.4066979166189,61.7090046296298,89.9999999999999,5.71764857681956e-14,2.27790961349724e-14,0,0,0,3.33066907387547e-16,2.1316282072803e-14,1.27897692436818e-13,8.4,2.1603815,0.0044264,1,"",0.430040352324098,0,PROJECT_ROOT\Round2_revision\runs_certified\equality_43679_V2G.mat
equality_43685_V2H,43685,2014-09-14,V2H,eq,1,Solved,R2.2,2026-10-01 14:23:27,0.98226740668779,0.887113491769492,0.0736043371651917,0.152342585416817,0.016415666666673,14.8029423868314,1.9420669436726,12.8608754431588,12.7312757201655,1.49233333333391,64.4120370370353,64.4120370370357,25.7648148148141,25.7648148148143,36.4066979166189,95.0000000000005,63.8279259259242,89.9999999999998,6.02962124673923e-13,5.52749330934405e-14,0,0,0,1.02140518265514e-14,6.3948846218409e-14,1.74082970261225e-13,9.8,2.0932968,0.0011503,1,"",0.98226740668778,0,PROJECT_ROOT\Round2_revision\runs_certified\equality_43685_V2H.mat
equality_43685_V2G,43685,2014-09-14,V2G,eq,1,Solved,R2.2,2026-10-01 14:23:29,0.982218581584634,0.887141083333078,0.0736990871652196,0.152342585416795,0.0164339999999816,14.8058333333284,1.94456694367334,12.861266389655,12.7333333333316,1.49399999999832,64.4120370370353,64.4120370370359,25.7648148148141,25.7648148148144,36.4066979166189,95.0000000000014,63.8279259259318,89.9999999999998,4.41124914374313e-12,4.55426144475188e-13,0,0,0,4.44089209850063e-16,7.105427357601e-14,2.52242671194836e-13,9.8,2.0505103,0.0007605,1,"",0.982218581584635,0,PROJECT_ROOT\Round2_revision\runs_certified\equality_43685_V2G.mat
equality_43691_V2H,43691,2014-09-20,V2H,eq,1,Solved,R2.2,2026-10-01 14:23:31,1.71282027538022,1.53763985663006,0,0.152342585416791,0.0228378333333658,21.3912128917212,0,21.3912128917212,15.007613168728,2.07616666666962,64.4120370370353,64.4120370370354,25.7648148148141,25.7648148148142,36.4066979166189,95,57.2282407407321,89.9999999999997,5.64387425683321e-12,5.69597414782658e-13,0,0,0,0,1.06581410364015e-13,6.3948846218409e-14,11.2,2.0529719,0.0010452,1,"",1.71282027538022,0,PROJECT_ROOT\Round2_revision\runs_certified\equality_43691_V2H.mat
equality_43691_V2G,43691,2014-09-20,V2G,eq,1,Solved,R2.2,2026-10-01 14:23:33,1.71282027538023,1.53763985663011,0,0.152342585416791,0.0228378333333324,21.3912128917183,0,21.3912128917183,15.0076131687244,2.07616666666658,64.4120370370353,64.4120370370357,25.7648148148141,25.7648148148143,36.4066979166189,95,57.2282407407409,90.9878703703703,4.46531700504238e-13,9.03037770596194e-14,0,0,0,0,0,1.84741111297626e-13,11.2,2.0812212,0.001163,1,"",1.71282027538023,0,PROJECT_ROOT\Round2_revision\runs_certified\equality_43691_V2G.mat
equality_43696_V2H,43696,2014-09-25,V2H,eq,1,Solved,R2.2,2026-10-01 14:23:36,1.64495290010348,1.69887485185205,0.216032537165293,0.152342585416705,0.00976800000001678,21.8329629629655,5.70006694367529,16.1328960192903,15.0962962962972,0.888000000001525,64.4120370370353,64.4120370370331,25.7648148148141,25.7648148148132,36.4066979166189,94.999999999967,56.033333333327,89.9999999999979,1.6349435694174e-11,1.39694353380937e-12,0,0,0,1.11022302462516e-15,8.5265128291212e-13,8.66862137627322e-13,12.6,2.109968,0.0012425,1,"",1.64495290010348,0,PROJECT_ROOT\Round2_revision\runs_certified\equality_43696_V2H.mat
equality_43696_V2G,43696,2014-09-25,V2G,eq,1,Solved,R2.2,2026-10-01 14:23:38,1.64495290010356,1.6988748518519,0.216032537165195,0.152342585416852,0.00976799999999903,21.8329629629627,5.70006694367268,16.13289601929,15.0962962962959,0.887999999999912,64.4120370370353,64.4120370370347,25.7648148148141,25.7648148148139,36.4066979166189,95.0000000000233,56.0333333333331,89.9999999999995,7.63424046201777e-13,1.72445805636348e-13,0,0,0,8.88178419700125e-16,2.1316282072803e-13,2.20268248085631e-13,12.6,2.119131,0.0010537,1,"",1.64495290010356,0,PROJECT_ROOT\Round2_revision\runs_certified\equality_43696_V2G.mat
equality_43702_V2H,43702,2014-10-01,V2H,eq,1,Solved,R2.2,2026-10-01 14:23:40,1.14015322067948,0.953706172427874,0.0247638704985436,0.152342585416798,0.058868333333354,17.341773662552,0.653400277006426,16.6883733855456,14.3847736625539,5.35166666666854,64.4120370370353,64.4120370370356,25.7648148148141,25.7648148148143,36.4066979166187,95.0000000000005,57.634259259254,90,6.57807142090405e-14,2.50469636598868e-14,4.54747350886464e-13,0,0,1.11022302462516e-15,1.4210854715202e-14,1.49213974509621e-13,7,2.1177823,0.0008786,1,"",1.14015322067948,0,PROJECT_ROOT\Round2_revision\runs_certified\equality_43702_V2H.mat
equality_43702_V2G,43702,2014-10-01,V2G,eq,1,Solved,R2.2,2026-10-01 14:23:42,1.14015322067958,0.953706172427995,0.0247638704985439,0.152342585416801,0.0588683333333319,17.3417736625515,0.653400277006436,16.6883733855451,14.3847736625515,5.35166666666654,64.4120370370353,64.4120370370357,25.7648148148141,25.7648148148143,36.4066979166188,95.0000000000018,57.6342592592596,90,2.23279728039927e-13,2.94278429861976e-14,4.54747350886464e-13,0,0,6.66133814775094e-16,7.105427357601e-15,1.84741111297626e-13,7,2.1340244,0.0007296,1,"",1.14015322067958,0,PROJECT_ROOT\Round2_revision\runs_certified\equality_43702_V2G.mat
