Paragraph,CurrentText,RequiredAction,Evidence
9,"This study examines the economic effect of EV-supported export in a residential PV-battery-EV scheduling model using one prepared House1 dataset from 13 June to 2 October 2014. Corrected V2H and export-enabled V2G share cost-minus-revenue accounting; V2G additionally permits EV-supported export. The 24-hour formulation includes day-specific availability, trip withdrawal and a first-trip energy equality, but no terminal EV-SOC restoration. Of 90 attempted days, 74 form common valid corrected-regime pairs. V2G has a lower pre-restoration net operating cost on all 74 valid pairs, with a mean saving of £0.509/day. Negative pre-restoration V2G operating cost occurs in 43 of the 74 valid cases (58.1%), although the mean V2G operating cost remains positive. Additional export revenue, rather than reduced gross import, explains this pre-restoration effect. Symmetric post-optimisation restoration accounting reverses the base comparison: mean adjusted V2G saving is −£0.632/day, with lower adjusted V2G cost on 0/74 pairs. This adjustment is not terminal-constrained re-optimisation or proof of a feasible restoration schedule. Independent tariff and EV-capacity re-optimisations demonstrate scenario dependence, while degradation sensitivity and Monte Carlo results are fixed-dispatch accounting. The findings are conditional on the household profiles, tariffs, mobility and availability inputs, EV-export permission and degradation proxy. They identify a short-horizon export-revenue mechanism, not universal V2G profitability or a repeatable household investment case.",REPLACE abstract using final comparison_summary and restoration_summary; remove Monte Carlo and old 74-pair headline,Round2_revision/tables + solveRound2.m
13,"The companion technical study [1] established the scheduling framework used here: availability-gated EV exchange, trip-energy withdrawal and mobility requirements, consistent reconstructed storage states, mutually exclusive grid directions, and post-solution physical checks. The present paper does not propose a new optimisation algorithm or physical formulation. It examines the economic consequences of EV-supported export and the interpretation of those results after terminal-energy accounting (Table 1).","UPDATE scope: capped reserve, certified MIP accuracy, EV-terminal re-optimisation; legacy results historical only",Round2_revision/tables + solveRound2.m
14,The principal comparison is corrected V2H versus export-enabled V2G. V2H-Old is retained only as a legacy diagnostic comparator because it permits EV exchange while the vehicle is unavailable. Section 3 defines the regime-specific operating permissions.,"UPDATE scope: capped reserve, certified MIP accuracy, EV-terminal re-optimisation; legacy results historical only",Round2_revision/tables + solveRound2.m
18,"The new contribution is not the objective function or scheduling algorithm. It is the economic decomposition and interpretation of EV-supported export within the already corrected physical framework, tested using paired multi-day evidence, tariff- and EV-capacity-specific re-optimisation, fixed-dispatch degradation sensitivity, and terminal-energy accounting. Specifically, the study decomposes the corrected-V2H/V2G cost difference into import cost, export revenue and storage-wear terms; relates those terms to dispatch over a common valid paired-day dataset; and evaluates how the economic interpretation changes when end-of-horizon EV energy is accounted for symmetrically. Together, these analyses distinguish a short-horizon operating-cost effect from a repeatable household economic benefit.","UPDATE scope: capped reserve, certified MIP accuracy, EV-terminal re-optimisation; legacy results historical only",Round2_revision/tables + solveRound2.m
30,"Unlike stationary storage, an EV can exchange energy only while connected and while meeting mobility requirements. Unlike stationary storage, an EV can exchange energy only while connected and while satisfying its mobility requirements. Charging access and connection availability therefore affect EV utility and usable flexibility [15]. In the present study, availability enforcement is implemented directly through the corrected scheduling framework adopted from the companion study [1].",DELETE the second consecutive Unlike stationary storage sentence,Round2_revision/tables + solveRound2.m
40,"The reported regimes are implemented through a shared scheduling framework with regime-specific export, availability and reserve rules. V2H-Old retains legacy availability and reserve treatments and is a diagnostic comparator. Corrected V2H applies availability-gated EV operation and the corrected reserve expression. Export-enabled V2G relaxes the EV-export restriction while retaining the stationary-battery export interlock.","UPDATE scope: capped reserve, certified MIP accuracy, EV-terminal re-optimisation; legacy results historical only",Round2_revision/tables + solveRound2.m
41,"For each selected day, the regimes use common household, PV and mobility inputs. The principal corrected-V2H/V2G comparison isolates the EV-export permission within common cost accounting. Comparisons with V2H-Old additionally reflect its different availability and reserve treatment; capacity and tariff experiments change only their explicitly identified scenario parameters.","UPDATE scope: capped reserve, certified MIP accuracy, EV-terminal re-optimisation; legacy results historical only",Round2_revision/tables + solveRound2.m
100,A positive  indicates that export-enabled V2G has a lower pre-restoration daily net operating cost than corrected V2H.,RECONCILE methods with R2.2; do not carry historical scenario conclusions into corrected results,Round2_revision/tables + solveRound2.m
102,A positive value indicates that export-enabled V2G has the lower pre-restoration net operating cost under tariff scenario :,RECONCILE methods with R2.2; do not carry historical scenario conclusions into corrected results,Round2_revision/tables + solveRound2.m
110,"The baseline mechanism case is House1 Day ID 43598, corresponding to 19 June 2014 in the prepared workbook’s explicit Day/Month/Year fields. DayNum is an identifier, not an Excel serial date. The 24-hour horizon contains 144 ten-minute intervals, with Δt = 1/6 h. All three saved baseline solver statuses are Solved. These schedules provide a mechanism example; the principal economic comparison is between the two physically corrected regimes.",RECONCILE methods with R2.2; do not carry historical scenario conclusions into corrected results,Round2_revision/tables + solveRound2.m
112,"The prepared House1 workbook, Total_Data_house1.xlsx, contains 112 complete daily profiles from 13 June to 2 October 2014. The recorded fields include the day identifier and calendar date, household load, PV generation, sampling interval, EV connection state, and EV driving-energy demand. The data were consolidated into AllHouses_data_Struct.mat for MATLAB processing. Daily profiles were extracted at 10-minute resolution, giving 144 intervals per complete 24-hour period.",RECONCILE methods with R2.2; do not carry historical scenario conclusions into corrected results,Round2_revision/tables + solveRound2.m
113,"The first and final days were excluded because the processing workflow requires neighbouring-day inputs. This left 110 eligible interior days. From these, 90 target days were selected deterministically across the period from 14 June to 1 October 2014. Each selected day was evaluated under V2H-Old, corrected V2H, and export-enabled V2G, producing 270 regime-day optimisation attempts.",RECONCILE methods with R2.2; do not carry historical scenario conclusions into corrected results,Round2_revision/tables + solveRound2.m
114,"The Swansea University thesis by Al-Sorour identifies six London houses, names House 1 as Maple Drive East, and cites the London Datastore SmartMeter Energy Consumption Data in London Households dataset as the underlying household-demand source [20], [21]. The London Datastore describes smart-meter electricity-consumption records containing household identifiers, dates, times, and half-hourly energy consumption. However, the complete chain linking the original raw meter identifier to the prepared House1 workbook—including downloading, licensing, resampling, PV and EV augmentation, and other preprocessing—has not been independently authenticated. The explicit calendar fields in the prepared workbook therefore define the dates used in this study. The evidence is household-specific and does not represent a full year, all seasons, or a wider residential population.",RECONCILE methods with R2.2; do not carry historical scenario conclusions into corrected results,Round2_revision/tables + solveRound2.m
116,"All three regimes use the same exogenous daily inputs, including household demand, PV generation, EV connection and trip-demand data, tariff inputs, storage ratings, initial conditions, temporal resolution, and solver environment. The regimes do not use identical mathematical constraints. V2H-Old retains the legacy formulation, whereas corrected V2H and export-enabled V2G share the corrected physical constraint base. The corrected V2H–V2G comparison therefore isolates the effect of EV export permission and export-revenue-driven dispatch while holding the measured inputs and technical parameters constant. V2H-Old is retained only to show the effect of correcting the legacy formulation.",RECONCILE methods with R2.2; do not carry historical scenario conclusions into corrected results,Round2_revision/tables + solveRound2.m
120,"Eload,raw = 3.904 kWh/day.",RECONCILE methods with R2.2; do not carry historical scenario conclusions into corrected results,Round2_revision/tables + solveRound2.m
129,"The optimisation applies separate battery charging and discharging efficiencies of 95%, together with a 95% converter efficiency, rather than representing all losses through a single lumped round-trip coefficient. The battery stored-energy trajectory is therefore updated using the implemented charge, discharge and converter-efficiency terms. The same efficiency assumptions are applied in every operating regime. ",RECONCILE methods with R2.2; do not carry historical scenario conclusions into corrected results,Round2_revision/tables + solveRound2.m
130,"The converter-aware degradation formulation in Section 4 uses a stationary-battery replacement-cost basis of £2600, an assumed life of 5000 cycles and a capacity of 4 kWh.",RECONCILE methods with R2.2; do not carry historical scenario conclusions into corrected results,Round2_revision/tables + solveRound2.m
131,"The reference regimes use the same stationary-battery capacity, power rating, SOC limits, efficiencies and degradation parameters. The effective initial stationary-battery SOC is approximately 36.40%, rather than the 90% configuration default. Differences between regimes also reflect their respective availability, reserve and export rules.",RECONCILE methods with R2.2; do not carry historical scenario conclusions into corrected results,Round2_revision/tables + solveRound2.m
132,"The reference stationary-battery configuration is 4 kWh/2.7 kW, with SOC limits of 20%–95%, charging and discharging efficiencies of 95%, and converter efficiency of 95%. The effective initial stationary-battery SOC is approximately 36.406698%, rather than the 90% configuration default.",RECONCILE methods with R2.2; do not carry historical scenario conclusions into corrected results,Round2_revision/tables + solveRound2.m
134,"The EV is modelled as a bidirectional mobility-constrained storage asset. The reference configuration used in the principal analysis has a battery capacity of 40 kWh, with maximum charging and discharging powers of 6.6 kW. The EV SOC is constrained between 10% and 100%, and the initial SOC of the reference case is 64.412%. The EV charging and discharging efficiencies are both 90%. EV charging and discharging are additionally restricted by the availability profile described in Section 5.H.",RECONCILE methods with R2.2; do not carry historical scenario conclusions into corrected results,Round2_revision/tables + solveRound2.m
136,"The model also imposes a first-trip mobility requirement. In the 40 kWh reference configuration, the EV is required to reach 90% SOC immediately before the first trip, corresponding to 36 kWh of stored energy. This requirement is enforced separately from the 10% minimum-SOC constraint.",RECONCILE methods with R2.2; do not carry historical scenario conclusions into corrected results,Round2_revision/tables + solveRound2.m
138,"To examine the sensitivity of the economic comparison to EV storage size, an additional re-optimised capacity analysis is performed using 30, 40, 60 and 80 kWh EV batteries. The EV charge/discharge power limit remains fixed at 6.6 kW, while tariffs, household load, PV generation, stationary-battery parameters, EV availability, trip demand, efficiencies, SOC limits and all other physical constraints remain unchanged. The first-trip requirement remains fixed at 90% SOC, giving capacity-dependent departure-energy targets of 27, 36, 54 and 72 kWh, respectively.",RECONCILE methods with R2.2; do not carry historical scenario conclusions into corrected results,Round2_revision/tables + solveRound2.m
139,"To isolate battery-capacity effects from degradation-price effects, the EV cost basis is scaled proportionally with capacity to £3300, £4400, £6600 and £8800 for the 30, 40, 60 and 80 kWh cases, respectively. This preserves the degradation coefficient at £0.011/kWh discharged in all four cases. These cost values are a controlled modelling device for the sensitivity experiment and are not presented as observed battery market prices.",RECONCILE methods with R2.2; do not carry historical scenario conclusions into corrected results,Round2_revision/tables + solveRound2.m
145,"Equation (14) defines the binary EV-availability indicator, while (15) gives only the baseline-day connection profile: 9 h connected and 15 h unavailable. Across the 90 selected days, connected duration varies from 9 to 15 h/day. The same day-specific signal is supplied to all regimes; corrected V2H and V2G enforce it for power exchange.",RECONCILE methods with R2.2; do not carry historical scenario conclusions into corrected results,Round2_revision/tables + solveRound2.m
147,"The implemented first-trip mobility equality requires 36 kWh, or 90% SOC for the 40-kWh EV, immediately before the baseline trip. It is imposed on the cumulative post-interval state at index 36, before the trip withdrawal at index 37 (06:00). The 05:50 interval-start plotting label must not be confused with the time represented by the cumulative state. This first-trip equality does not restore terminal SOC.",RECONCILE methods with R2.2; do not carry historical scenario conclusions into corrected results,Round2_revision/tables + solveRound2.m
153,"V2H-Old disables export remuneration. Both corrected V2H and export-enabled V2G receive revenue for permitted grid export at the same tariff. V2G additionally permits connected EV discharge to support export. No terminal retained-energy value, terminal penalty or restoration cost is included in the optimisation objective.",RECONCILE methods with R2.2; do not carry historical scenario conclusions into corrected results,Round2_revision/tables + solveRound2.m
154,"In addition to the baseline tariff structure, a tariff-specific re-optimisation analysis is performed using three flat import/export tariff pairs: LOW (£0.08/£0.02 per kWh), MEDIUM (£0.12/£0.05 per kWh), and HIGH (£0.18/£0.10 per kWh). For each tariff case, corrected V2H and export-enabled V2G are solved independently with the tariff vectors changed before optimisation. All physical constraints, load/PV inputs, storage parameters, EV availability, trip-energy requirements, degradation formulations, SOC limits, power limits, reserve constraints, binary decisions, and solver settings are retained unchanged. The resulting tariff comparison therefore represents tariff-specific operational re-optimisation rather than post-processing of fixed dispatch profiles.",RECONCILE methods with R2.2; do not carry historical scenario conclusions into corrected results,Round2_revision/tables + solveRound2.m
162,This value is a non-binding numerical upper bound used to implement grid-direction logic. It is not a physical residential connection rating. The approximately 7 kW import values and the 6.549 kW baseline-day export value reported in the Results are optimised peak-power outputs rather than imposed limits. The baseline model therefore does not enforce a separate 7 kW import or export capacity.,RECONCILE methods with R2.2; do not carry historical scenario conclusions into corrected results,Round2_revision/tables + solveRound2.m
165,"The residential scheduling problem is formulated as a mixed-integer optimisation problem and implemented in MATLAB using CVX as the modelling interface and Gurobi as the mixed-integer solver. The optimisation horizon contains intervals of 10 min ( h). For each interval, the principal continuous power variables represent stationary-battery discharge and charge, EV discharge and charge, grid import and grid export. These six power channels form a continuous decision vector of scalar variables. The implementation additionally uses binary variables to enforce device operating modes, mutually exclusive charging/discharging behaviour, grid import/export direction and shiftable-appliance scheduling. For the reported single-day formulation, the complete implementation contains 864 continuous variables and 1440 binary variables. ",RECONCILE methods with R2.2; do not carry historical scenario conclusions into corrected results,Round2_revision/tables + solveRound2.m
168,"Storage-energy feasibility is enforced through cumulative state equations. For the EV, the stored-energy trajectory includes efficiency-adjusted charging and discharging together with exogenous trip-energy withdrawal and is constrained between the implemented minimum and maximum EV-energy bounds. The corrected formulation also imposes the first-trip mobility requirement immediately before departure when the vehicle is connected. Similar state and operating-limit constraints are applied to the stationary battery. These constraints make the economic objective subordinate to physical feasibility: the solver may select only schedules that satisfy the coded balance, device-state and operating-mode requirements. ",RECONCILE methods with R2.2; do not carry historical scenario conclusions into corrected results,Round2_revision/tables + solveRound2.m
169,"CVX constructs the mixed-integer problem and passes it to Gurobi. In the active reporting workflow, only solutions with a CVX status of Solved are retained; the post-solution code terminates with an error for any other status. The retained schedules are subsequently screened using power-balance, variable-bound, grid-direction, EV-availability, state-consistency and cost-reconstruction checks. Solver acceptance and post-solution physical credibility are therefore reported separately.",RECONCILE methods with R2.2; do not carry historical scenario conclusions into corrected results,Round2_revision/tables + solveRound2.m
175,"Export-enabled V2G uses the same corrected physical formulation, measured inputs, tariffs, storage parameters, and solver settings as corrected V2H. The EV-export restriction is removed, allowing availability-constrained EV energy to support grid export when economically favourable. The household battery-export interlock remains active. The regime is therefore described as export-enabled V2G rather than fully unrestricted V2G.",RECONCILE methods with R2.2; do not carry historical scenario conclusions into corrected results,Round2_revision/tables + solveRound2.m
178,6. Results and Economic Discussion,REPLACE affected results/captions with certified R2.2 tables and figures; historical numerical evidence is not current,Round2_revision/tables + solveRound2.m
179,A. Baseline One-Day Mechanism,REPLACE affected results/captions with certified R2.2 tables and figures; historical numerical evidence is not current,Round2_revision/tables + solveRound2.m
180,"The baseline one-day mechanism case is the verified simulation case inherited from the companion study. It uses day identifier 43598, corresponding to 13 May 2019, and is evaluated over a 24-hour horizon using 144 ten-minute intervals, with h. This mechanism case is separate from the 90-day House1 extension, whose prepared workbook covers 14 June to 1 October 2014. All three regimes use the same one-day load, PV, EV, tariff, storage and initial-condition inputs. The case is retained to explain the economic mechanism and is not counted among the 90 multi-day profiles.","REPLACE affected results/captions with certified R2.2 tables and figures; historical numerical evidence is not current; CORRECT baseline to 19 June 2014; ID43598 belongs to selected 90, not an independent additional day",Round2_revision/tables + solveRound2.m
181,Operational Grid-Exchange Behaviour,REPLACE affected results/captions with certified R2.2 tables and figures; historical numerical evidence is not current,Round2_revision/tables + solveRound2.m
182,Table 2 and Figure 2 report baseline grid exchange using the net-energy definition in (5).,REPLACE affected results/captions with certified R2.2 tables and figures; historical numerical evidence is not current,Round2_revision/tables + solveRound2.m
183,Table 2. Baseline-day grid-exchange comparison.,REPLACE affected results/captions with certified R2.2 tables and figures; historical numerical evidence is not current,Round2_revision/tables + solveRound2.m
184,Note: Grid import and grid export are aggregate 24-hour energy totals. Positive import and export values over the same day do not imply simultaneous import and export within the same time interval. Simultaneous grid operation is checked separately in the validation results.,REPLACE affected results/captions with certified R2.2 tables and figures; historical numerical evidence is not current,Round2_revision/tables + solveRound2.m
185,"Table 2 shows that corrected V2H imports 12.572 kWh/day, while export-enabled V2G imports slightly more at 12.890 kWh/day. Therefore, the baseline-day V2G result is not explained by reduced gross import. The larger change is export: corrected V2H exports 4.592 kWh/day, whereas export-enabled V2G exports 22.017 kWh/day. Consequently, net grid energy changes from +7.981 kWh/day in corrected V2H to −9.127 kWh/day in export-enabled V2G. This shift supports the interpretation that export-enabled V2G changes the grid boundary from a residual supply source into a priced exchange point.",REPLACE affected results/captions with certified R2.2 tables and figures; historical numerical evidence is not current,Round2_revision/tables + solveRound2.m
186,"The peak-power values support the same interpretation. Peak import remains close across the three regimes, varying between 6.666 kW and 6.714 kW. By contrast, peak export rises from 0.000 kW in V2H-Old and 1.856 kW in corrected V2H to 6.549 kW in export-enabled V2G. The operational evidence therefore supports an export-utilisation explanation rather than an import-reduction explanation. Because Table 2 reports aggregate daily import and export totals, grid-direction exclusivity is verified separately in the validation section.",REPLACE affected results/captions with certified R2.2 tables and figures; historical numerical evidence is not current,Round2_revision/tables + solveRound2.m
187,,REPLACE affected results/captions with certified R2.2 tables and figures; historical numerical evidence is not current,Round2_revision/tables + solveRound2.m
188,"Figure 2. Daily grid import, export, and net grid energy for the baseline day, showing that export-enabled V2G changes the net grid position mainly through increased export rather than reduced gross import.",REPLACE affected results/captions with certified R2.2 tables and figures; historical numerical evidence is not current,Round2_revision/tables + solveRound2.m
189,EV Dispatch and SOC Behaviour,REPLACE affected results/captions with certified R2.2 tables and figures; historical numerical evidence is not current,Round2_revision/tables + solveRound2.m
190,"The EV dispatch results explain how the grid-export shift is achieved. EV charge energy is unchanged between corrected V2H and V2G, remaining 11.372 kWh/day in both regimes. Therefore, the V2G result is not produced by charging the EV more. The main difference is EV discharge, which increases from 0.353 kWh/day in corrected V2H to 17.460 kWh/day in V2G.",REPLACE affected results/captions with certified R2.2 tables and figures; historical numerical evidence is not current,Round2_revision/tables + solveRound2.m
191,where is the exogenous trip-energy withdrawal. Table 3 summarises the baseline-day EV stored-energy balance for the three operating regimes.,REPLACE affected results/captions with certified R2.2 tables and figures; historical numerical evidence is not current,Round2_revision/tables + solveRound2.m
192,Table 3. Baseline-day EV dispatch and stored-energy balance.,REPLACE affected results/captions with certified R2.2 tables and figures; historical numerical evidence is not current,Round2_revision/tables + solveRound2.m
193,Note: Stored EV energy increases through efficiency-adjusted charging and decreases through efficiency-adjusted discharging and trip-energy withdrawal. The residual reports the numerical closure of the EV stored-energy balance. Only total EV charging energy is reported because the charging-source split is not retained in the reported result variables.,REPLACE affected results/captions with certified R2.2 tables and figures; historical numerical evidence is not current,Round2_revision/tables + solveRound2.m
194,"Table 3 shows that the EV stored-energy balance closes within numerical precision for all three regimes, confirming consistency between the reported SOC values and the EV charging, discharging, efficiency and trip-energy terms. The baseline-day trip-energy withdrawal is 12.600 kWh/day in all three regimes. In the export-enabled V2G case, the EV discharges 17.460 kWh/day and finishes the 24-hour optimisation horizon at 10.000% SOC, corresponding to 4.000 kWh of stored energy and the implemented lower SOC bound. This low final SOC is therefore a consequence of the optimisation dispatch rather than an energy-accounting inconsistency.",REPLACE affected results/captions with certified R2.2 tables and figures; historical numerical evidence is not current,Round2_revision/tables + solveRound2.m
195,The end-of-horizon 10.000% SOC is not the first-trip requirement defined in Section 5.H. The implications of the missing terminal-restoration and inter-day continuity conditions are evaluated in Section 6.E.,REPLACE affected results/captions with certified R2.2 tables and figures; historical numerical evidence is not current,Round2_revision/tables + solveRound2.m
196,"The throughput and SOC results confirm that V2G uses the EV more intensively. EV throughput increases from 11.725 kWh/day in corrected V2H to 28.832 kWh/day in V2G. The EV SOC minimum also falls from 57.521% in corrected V2H to 10.000% in V2G, indicating that the optimiser uses a much larger share of available EV storage when export revenue is active. This stronger utilisation explains why the EV degradation proxy increases in the economic results. The corresponding EV power trajectories over the simulated day are shown in Figure 3.",REPLACE affected results/captions with certified R2.2 tables and figures; historical numerical evidence is not current,Round2_revision/tables + solveRound2.m
197,,REPLACE affected results/captions with certified R2.2 tables and figures; historical numerical evidence is not current,Round2_revision/tables + solveRound2.m
198,"Figure 3. EV net power over the simulated day, showing that export-enabled V2G substantially increases EV discharge while corrected V2H uses the EV only lightly for household support.",REPLACE affected results/captions with certified R2.2 tables and figures; historical numerical evidence is not current,Round2_revision/tables + solveRound2.m
199,Economic Cost Decomposition,REPLACE affected results/captions with certified R2.2 tables and figures; historical numerical evidence is not current,Round2_revision/tables + solveRound2.m
200,"The cost decomposition confirms that export revenue is the main economic driver of the V2G result. Using the net operating cost equation, V2G gives the lowest daily net cost at £0.131/day, compared with £0.764/day in V2H-Old and £0.565/day in corrected V2H. However, this lower cost is not caused by reduced import cost. V2G import cost is £0.730/day, which is higher than corrected V2H at £0.692/day.",REPLACE affected results/captions with certified R2.2 tables and figures; historical numerical evidence is not current,Round2_revision/tables + solveRound2.m
201,"Export revenue increases from £0.174/day in corrected V2H to £0.834/day in V2G, while EV degradation cost increases from £0.004/day to £0.192/day. Stationary-battery degradation is unchanged between the corrected pair at approximately £0.042853/day. V2H-Old has a slightly different value, £0.042657/day; all three round to £0.043/day.",REPLACE affected results/captions with certified R2.2 tables and figures; historical numerical evidence is not current,Round2_revision/tables + solveRound2.m
202,Table 4 and Figure 4 summarise the baseline pre-restoration cost decomposition.,REPLACE affected results/captions with certified R2.2 tables and figures; historical numerical evidence is not current,Round2_revision/tables + solveRound2.m
203,Table 4. Baseline-day pre-restoration economic cost decomposition.,REPLACE affected results/captions with certified R2.2 tables and figures; historical numerical evidence is not current,Round2_revision/tables + solveRound2.m
204,"Note: Net operating cost is calculated as import cost minus export revenue plus stationary-battery degradation cost and EV degradation cost. Improvement is calculated as the reference-regime net operating cost minus the compared-regime net operating cost; therefore, a positive improvement indicates a lower pre-restoration operating cost for the compared regime. Values are rounded to three decimal places.",REPLACE affected results/captions with certified R2.2 tables and figures; historical numerical evidence is not current,Round2_revision/tables + solveRound2.m
205,"Additional export revenue is £0.660/day, offset by £0.188/day of additional EV degradation cost and £0.038/day of additional import cost. The resulting £0.434/day pre-restoration saving reflects remunerated EV-supported export, not reduced grid purchases. The baseline V2G cost remains positive.",REPLACE affected results/captions with certified R2.2 tables and figures; historical numerical evidence is not current,Round2_revision/tables + solveRound2.m
206,,REPLACE affected results/captions with certified R2.2 tables and figures; historical numerical evidence is not current,Round2_revision/tables + solveRound2.m
207,"Figure 4. Baseline-day pre-restoration operating-cost decomposition, showing that the lower V2G cost under the 24-hour optimisation is mainly driven by export revenue rather than reduced import cost.",REPLACE affected results/captions with certified R2.2 tables and figures; historical numerical evidence is not current,Round2_revision/tables + solveRound2.m
208,Validation of Physical Credibility,REPLACE affected results/captions with certified R2.2 tables and figures; historical numerical evidence is not current,Round2_revision/tables + solveRound2.m
209,"The validation results distinguish numerical feasibility from physical credibility. All three regimes achieve power-balance residuals at numerical-tolerance levels. The maximum residuals are kW for V2H-Old, kW for corrected V2H, and kW for export-enabled V2G. These residuals confirm consistency with the implemented power-balance equations, but they do not establish complete physical credibility. V2H-Old remains a legacy comparator because it violates the EV-availability requirement. Corrected V2H and export-enabled V2G provide the principal physically credible economic comparison because both satisfy power balance, EV availability, SOC and grid-direction checks.",REPLACE affected results/captions with certified R2.2 tables and figures; historical numerical evidence is not current,Round2_revision/tables + solveRound2.m
210,"Grid-direction logic is also credible. The simultaneous import/export indicator is 0 kW for V2H-Old, 4.54747e−13 kW for corrected V2H, and 0 kW for V2G. These values are either zero or at numerical tolerance. The maximum grid binary sum is 1 in all regimes, confirming that the grid-direction exclusivity logic is active.",REPLACE affected results/captions with certified R2.2 tables and figures; historical numerical evidence is not current,Round2_revision/tables + solveRound2.m
211,"The EV-availability results define the credible economic comparison. V2H-Old records 6.600 kW of EV discharge while away and 1.856 kW of EV charge while away, so it fails the EV-availability check. Corrected V2H and V2G record 0.000 kW for both away-period charge and away-period discharge, and both pass EV availability. Therefore, V2H-Old is retained as a legacy comparator, while the main economic interpretation should focus on corrected V2H versus V2G. This is consistent with the companion formulation and verification paper, where corrected EV availability and grid logic are treated as necessary conditions for physically credible V2H/V2G interpretation [1].",REPLACE affected results/captions with certified R2.2 tables and figures; historical numerical evidence is not current,Round2_revision/tables + solveRound2.m
212,"The economic comparison is meaningful only if the dispatch results satisfy the implemented physical-consistency checks. Table 5 reports the baseline-day checks for power balance, SOC bounds, grid-direction exclusivity, and EV availability. These checks are included to separate economic differences caused by the regime formulation from artefacts caused by power-balance error, simultaneous grid import/export, or EV operation during unavailable periods.",REPLACE affected results/captions with certified R2.2 tables and figures; historical numerical evidence is not current,Round2_revision/tables + solveRound2.m
213,Table 5. Baseline-day physical-consistency validation summary.,REPLACE affected results/captions with certified R2.2 tables and figures; historical numerical evidence is not current,Round2_revision/tables + solveRound2.m
214,"Note: Corrected V2H and V2G pass the reported physical checks. V2H-Old fails availability: maximum away-period discharge and charging are 6.600 and 1.856 kW, respectively. Balance residuals of order 10⁻¹³ kW indicate numerical closure, not complete mobility-policy or network validation.",REPLACE affected results/captions with certified R2.2 tables and figures; historical numerical evidence is not current,Round2_revision/tables + solveRound2.m
215,"Table 5 makes the validation decision explicit rather than reporting numerical diagnostics without interpretation. All three regimes satisfy the implemented power-balance, SOC and grid-direction checks. The maximum balance residuals are of order kW, and simultaneous grid import/export is zero or at numerical precision.",REPLACE affected results/captions with certified R2.2 tables and figures; historical numerical evidence is not current,Round2_revision/tables + solveRound2.m
216,B. Sensitivity Analysis,REPLACE affected results/captions with certified R2.2 tables and figures; historical numerical evidence is not current,Round2_revision/tables + solveRound2.m
217,"The sensitivity analysis examines three distinct sources of economic dependence: tariff-specific operational re-optimisation, EV-battery-capacity-specific operational re-optimisation, and fixed-dispatch degradation-cost sensitivity. For the tariff and EV-capacity analyses, corrected V2H and export-enabled V2G are independently re-solved under each modified case so that the optimiser can respond to the changed conditions. By contrast, the degradation-cost analysis retains the previously generated dispatch schedules and varies only the monetary cost assigned to EV degradation. This distinction separates operational sensitivity from post-processing economic sensitivity.",REPLACE affected results/captions with certified R2.2 tables and figures; historical numerical evidence is not current,Round2_revision/tables + solveRound2.m
218,a) Re-optimised Tariff Sensitivity,REPLACE affected results/captions with certified R2.2 tables and figures; historical numerical evidence is not current,Round2_revision/tables + solveRound2.m
219,"The tariff experiment independently re-solves both corrected regimes under the LOW, MEDIUM and HIGH import/export pairs specified in Section 5.I, leaving physical inputs and constraints unchanged.",REPLACE affected results/captions with certified R2.2 tables and figures; historical numerical evidence is not current,Round2_revision/tables + solveRound2.m
220,"Before the tariff experiment, the simulation pipeline reproduced the saved baseline costs of £0.56510/day for corrected V2H and £0.13091/day for V2G, together with baseline import and export energies within the specified numerical tolerance.",REPLACE affected results/captions with certified R2.2 tables and figures; historical numerical evidence is not current,Round2_revision/tables + solveRound2.m
221,"The multi-day tariff experiment comprises 90 attempted House1 days for each of the two corrected regimes under each of the three tariff cases, giving",REPLACE affected results/captions with certified R2.2 tables and figures; historical numerical evidence is not current,Round2_revision/tables + solveRound2.m
222,"Optimisation attempts. Of these, 444 runs are solver-successful and satisfy the physical-credibility checks. For every tariff case, corrected V2H and export-enabled V2G each produce 74 valid solved cases, resulting in 74 common valid paired days for the economic comparison. The same 16 day identifiers remain infeasible under LOW, MEDIUM, and HIGH tariffs because the stationary-battery reserve/SOC contradiction is retained unchanged. The tariff modification therefore does not alter the feasibility boundary of the corrected formulations.",REPLACE affected results/captions with certified R2.2 tables and figures; historical numerical evidence is not current,Round2_revision/tables + solveRound2.m
223,Table 6. pre-restoration re-optimised tariff sensitivity for corrected V2H and export-enabled V2G,REPLACE affected results/captions with certified R2.2 tables and figures; historical numerical evidence is not current,Round2_revision/tables + solveRound2.m
224,Note: Values are means across the common valid corrected-V2H/V2G paired days. Saving is calculated as corrected-V2H cost minus export-enabled-V2G cost. V2G has the lower pre-restoration cost on 74/74 valid paired days (100%) under each tariff case. Both regimes are independently re-optimised under each tariff pair. Terminal EV-SOC restoration is not imposed within these optimisation runs.,REPLACE affected results/captions with certified R2.2 tables and figures; historical numerical evidence is not current,Round2_revision/tables + solveRound2.m
225,"Table 6 shows a strong tariff dependence in the pre-restoration economic comparison. Under the LOW tariff case, the mean corrected-V2H cost is £0.970/day and the mean V2G cost is £0.792/day, producing a mean paired pre-restoration V2G saving of £0.178/day. Under the MEDIUM tariff case, the corresponding costs are £1.249/day and £0.499/day, giving a mean saving of £0.749/day. Under the HIGH tariff case, the mean corrected-V2H cost rises to £1.620/day, whereas the mean V2G net operating cost becomes −£0.071/day, producing a mean saving of £1.692/day. Export-enabled V2G therefore has the lower pre-restoration net operating cost on all 74 common valid paired days under each of the three tested tariff cases.",REPLACE affected results/captions with certified R2.2 tables and figures; historical numerical evidence is not current,Round2_revision/tables + solveRound2.m
226,"The distribution of the paired daily savings provides the same interpretation. The median V2G saving increases from £0.178/day under LOW to £0.744/day under MEDIUM and £1.698/day under HIGH. The observed saving ranges are £0.079–£0.255/day, £0.557–£0.932/day, and £1.335–£1.966/day, respectively. Thus, the complete paired distribution shifts towards larger pre-restoration V2G savings as export remuneration increases rather than the result being driven by only a small number of days.",REPLACE affected results/captions with certified R2.2 tables and figures; historical numerical evidence is not current,Round2_revision/tables + solveRound2.m
227,,REPLACE affected results/captions with certified R2.2 tables and figures; historical numerical evidence is not current,Round2_revision/tables + solveRound2.m
228,"Figure 5. Distribution of daily pre-restoration V2G saving relative to corrected V2H across the 74 common valid paired days under the LOW, MEDIUM, and HIGH re-optimised tariff cases.",REPLACE affected results/captions with certified R2.2 tables and figures; historical numerical evidence is not current,Round2_revision/tables + solveRound2.m
229,"Interval-level comparisons confirm tariff-dependent rescheduling. Across same-day tariff comparisons, the maximum absolute change is 7.903 kW for grid import, 7.338 kW for grid export, 6.600 kW for EV charging or discharging, and 2.700 kW for stationary-battery charging or discharging.",REPLACE affected results/captions with certified R2.2 tables and figures; historical numerical evidence is not current,Round2_revision/tables + solveRound2.m
230,"However, the aggregate daily energy quantities are considerably more stable than the interval-level dispatch trajectories. Mean V2G grid export is 27.452 kWh/day under LOW, 27.356 kWh/day under MEDIUM, and 27.468 kWh/day under HIGH. Similarly, mean V2G EV discharge is 20.623, 20.622, and 20.626 kWh/day, respectively. Mean corrected-V2H export is 8.480, 8.401, and 8.294 kWh/day across the same tariff cases, while its mean EV discharge remains approximately 1.56 kWh/day.",REPLACE affected results/captions with certified R2.2 tables and figures; historical numerical evidence is not current,Round2_revision/tables + solveRound2.m
231,Table 7.Mean operational quantities under the re-optimised tariff cases.,REPLACE affected results/captions with certified R2.2 tables and figures; historical numerical evidence is not current,Round2_revision/tables + solveRound2.m
232,"The stability of the daily aggregate export and EV-discharge quantities indicates that the substantial increase in monetary saving from LOW to HIGH should not be interpreted as a proportional increase in the total energy discharged from the EV. Instead, the principal effect is the increased monetary value assigned to export under the alternative tariff structures, accompanied by tariff-induced changes in the timing of grid, EV, and stationary-battery operation.",REPLACE affected results/captions with certified R2.2 tables and figures; historical numerical evidence is not current,Round2_revision/tables + solveRound2.m
233,"The multi-day grid-exchange results provide direct evidence of this scheduling response. Among the 74 valid export-enabled-V2G days, 73 are net-export days, corresponding to 98.6% of valid V2G outcomes. One valid day remains net-importing. The remaining 16 attempted days are excluded from this classification because they do not provide valid V2G grid-exchange outcomes. The 74 valid days represent 82.2% coverage of the 90 attempted days.",REPLACE affected results/captions with certified R2.2 tables and figures; historical numerical evidence is not current,Round2_revision/tables + solveRound2.m
234,"
Figure 6. Baseline-day grid-export trajectories for corrected V2H and export-enabled V2G under the LOW, MEDIUM, and HIGH tariff-specific re-optimisations.",REPLACE affected results/captions with certified R2.2 tables and figures; historical numerical evidence is not current,Round2_revision/tables + solveRound2.m
235,Figures 6 and 7 show the baseline export and EV-power trajectories: tariff changes alter timing even though daily export and discharge totals remain similar.,REPLACE affected results/captions with certified R2.2 tables and figures; historical numerical evidence is not current,Round2_revision/tables + solveRound2.m
236,,REPLACE affected results/captions with certified R2.2 tables and figures; historical numerical evidence is not current,Round2_revision/tables + solveRound2.m
237,"Figure 7. Baseline-day EV net-power trajectories for corrected V2H and export-enabled V2G under the LOW, MEDIUM, and HIGH tariff-specific re-optimisations.",REPLACE affected results/captions with certified R2.2 tables and figures; historical numerical evidence is not current,Round2_revision/tables + solveRound2.m
238,Table 8 applies the symmetric post-optimisation restoration procedure defined in Section 6.E to the tariff-specific schedules in Tables 6 and 7 and Figures 5 to 7.,REPLACE affected results/captions with certified R2.2 tables and figures; historical numerical evidence is not current,Round2_revision/tables + solveRound2.m
239,Table 8. Restoration-adjusted accounting following tariff-specific re-optimisation.,REPLACE affected results/captions with certified R2.2 tables and figures; historical numerical evidence is not current,Round2_revision/tables + solveRound2.m
240,"Note: Saving is calculated as corrected-V2H adjusted cost minus export-enabled-V2G adjusted cost. V2G has the lower restoration-adjusted cost on 0/74 paired days under every tariff case. These values represent symmetric post-optimisation terminal-SOC restoration accounting, not terminal-SOC-constrained re-optimisation.",REPLACE affected results/captions with certified R2.2 tables and figures; historical numerical evidence is not current,Round2_revision/tables + solveRound2.m
241,"Table 8 materially changes the interpretation of the tariff results. Although export-enabled V2G has the lower pre-restoration cost on all 74 common valid paired days under each tariff, the restoration-adjusted saving is negative in every paired case. Mean adjusted savings are −£1.651/day, −£1.993/day, and −£2.424/day under LOW, MEDIUM, and HIGH, respectively. Export-enabled V2G therefore has the lower restoration-adjusted cost on 0/74 valid paired days in each tariff case.",REPLACE affected results/captions with certified R2.2 tables and figures; historical numerical evidence is not current,Round2_revision/tables + solveRound2.m
242,b) Fixed-Dispatch Degradation-Cost Sensitivity,REPLACE affected results/captions with certified R2.2 tables and figures; historical numerical evidence is not current,Round2_revision/tables + solveRound2.m
243,"The degradation sensitivity holds dispatch fixed and varies the monetary coefficient of the EV discharge-throughput proxy. It measures parameter sensitivity, not re-optimisation under alternative ageing models.",REPLACE affected results/captions with certified R2.2 tables and figures; historical numerical evidence is not current,Round2_revision/tables + solveRound2.m
244,Table 9. Fixed-dispatch degradation-cost sensitivity of the pre-restoration V2G saving relative to corrected V2H.,REPLACE affected results/captions with certified R2.2 tables and figures; historical numerical evidence is not current,Round2_revision/tables + solveRound2.m
245,"Note: The degradation-cost coefficient is varied while dispatch is held fixed. These cases test parameter sensitivity within the implemented throughput-cost proxy, not alternative battery-ageing models.",REPLACE affected results/captions with certified R2.2 tables and figures; historical numerical evidence is not current,Round2_revision/tables + solveRound2.m
246,"The degradation sensitivity shows that the pre-restoration V2G result is materially affected by the cost assigned to EV cycling. Relative to the base value of £0.509/day, the mean saving increases to £0.613/day when the assumed degradation cost is reduced and falls to £0.299/day when the degradation cost is increased. This behaviour is consistent with the cost decomposition because EV degradation is the principal operating-cost term that offsets the additional export revenue generated by export-enabled V2G.",REPLACE affected results/captions with certified R2.2 tables and figures; historical numerical evidence is not current,Round2_revision/tables + solveRound2.m
247,c) Re-optimised EV-Battery-Capacity Sensitivity,REPLACE affected results/captions with certified R2.2 tables and figures; historical numerical evidence is not current,Round2_revision/tables + solveRound2.m
248,"The EV-capacity experiment independently re-optimises corrected V2H and V2G under the four configurations specified in Section 5.G, retaining the common physical inputs and power limits.",REPLACE affected results/captions with certified R2.2 tables and figures; historical numerical evidence is not current,Round2_revision/tables + solveRound2.m
249,"The first-trip mobility requirement remains fixed at 90% SOC, corresponding to departure-energy requirements of 27, 36, 54 and 72 kWh for the 30, 40, 60 and 80 kWh cases, respectively. Initial stored energy is also scaled according to the common initial SOC of 64.412%. To isolate capacity effects from degradation-price effects, the EV replacement-cost basis is scaled proportionally so that the discharge-throughput degradation coefficient remains fixed at £0.011/kWh in all four cases.",REPLACE affected results/captions with certified R2.2 tables and figures; historical numerical evidence is not current,Round2_revision/tables + solveRound2.m
250,"The experiment comprises 720 independent optimisation attempts, corresponding to 90 House1 days × two corrected regimes × four EV capacities. Each capacity/regime combination produces 74 solver-successful and physically credible cases, yielding 74 common corrected-V2H/V2G paired days at every capacity. The same 16 days remain infeasible in every configuration because of the previously identified stationary-battery reserve/SOC contradiction rather than an EV-capacity-dependent failure. The 40 kWh rerun also reproduces the reference corrected-V2H and export-enabled-V2G results within numerical tolerance.",REPLACE affected results/captions with certified R2.2 tables and figures; historical numerical evidence is not current,Round2_revision/tables + solveRound2.m
251,Table 10. Re-optimised EV-battery-capacity sensitivity.,REPLACE affected results/captions with certified R2.2 tables and figures; historical numerical evidence is not current,Round2_revision/tables + solveRound2.m
252,Note: Saving is calculated as corrected-V2H cost minus export-enabled-V2G cost. “Pre-rest.” denotes the independently re-optimised result before terminal-SOC restoration; “adjusted” denotes symmetric post-optimisation terminal-energy restoration accounting. The restoration-adjusted values are not terminal-SOC-constrained re-optimisation results. V2G has the lower pre-restoration cost on 74/74 valid paired days at every capacity and the lower restoration-adjusted cost on 0/74 paired days at every capacity.,REPLACE affected results/captions with certified R2.2 tables and figures; historical numerical evidence is not current,Round2_revision/tables + solveRound2.m
253,"The pre-restoration economic difference increases materially with EV capacity. Mean V2G saving rises from £0.315/day at 30 kWh to £0.509/day at 40 kWh, £0.852/day at 60 kWh, and £0.999/day at 80 kWh. V2G has the lower pre-restoration net operating cost on all 74 common valid paired days at each tested capacity. Mean V2G grid export simultaneously increases from 19.848 to 45.040 kWh/day, while mean EV discharge increases from 13.427 to 38.780 kWh/day. ",REPLACE affected results/captions with certified R2.2 tables and figures; historical numerical evidence is not current,Round2_revision/tables + solveRound2.m
254,"The relationship is not proportional to nominal capacity. The increase in pre-restoration saving becomes smaller between 60 and 80 kWh, reflecting the operational constraints that limit use of the additional stored energy. The first-trip equality and maximum 6.6 kW charging limit are active in every solved case, while export-enabled V2G also reaches the 6.6 kW discharge limit in every solved case. The EV minimum-SOC constraint becomes less frequently active as capacity increases: it is reached on 70 of 74 V2G cases at 30 kWh, 71 at 40 kWh, 47 at 60 kWh and only 11 at 80 kWh. ",REPLACE affected results/captions with certified R2.2 tables and figures; historical numerical evidence is not current,Round2_revision/tables + solveRound2.m
255,"Increasing capacity also increases the absolute energy required to satisfy the fixed 90% first-trip SOC requirement. Consequently, the increase in corrected-V2H operating cost with EV capacity reflects the greater pre-departure charging requirement as well as the larger nominal energy store. The sensitivity should therefore be interpreted as the response of the complete mobility-constrained optimisation to EV capacity rather than as additional exportable storage in isolation.",REPLACE affected results/captions with certified R2.2 tables and figures; historical numerical evidence is not current,Round2_revision/tables + solveRound2.m
256,"Terminal-SOC restoration accounting materially changes this interpretation. Mean restoration-adjusted V2G savings are −£0.414/day, −£0.632/day, −£0.844/day and −£0.757/day for 30, 40, 60 and 80 kWh, respectively, with V2G having the lower adjusted cost on 0/74 paired days at every capacity. The response is therefore non-monotonic after restoration accounting. Mean V2G final SOC increases from approximately 10% in the 30 and 40 kWh cases to 13.45% at 60 kWh and 24.83% at 80 kWh, demonstrating that nominal capacity alone does not determine the end-of-horizon restoration requirement. These values represent symmetric post-optimisation accounting rather than terminal-SOC-constrained re-optimisation. ",REPLACE affected results/captions with certified R2.2 tables and figures; historical numerical evidence is not current,Round2_revision/tables + solveRound2.m
257,,REPLACE affected results/captions with certified R2.2 tables and figures; historical numerical evidence is not current,Round2_revision/tables + solveRound2.m
258,(a) pre-restoration V2G saving vs EV capacity,REPLACE affected results/captions with certified R2.2 tables and figures; historical numerical evidence is not current,Round2_revision/tables + solveRound2.m
259,,REPLACE affected results/captions with certified R2.2 tables and figures; historical numerical evidence is not current,Round2_revision/tables + solveRound2.m
260,(b) Restoration-adjusted V2G saving vs EV capacity,REPLACE affected results/captions with certified R2.2 tables and figures; historical numerical evidence is not current,Round2_revision/tables + solveRound2.m
261,Figure 8. Effect of EV battery capacity on the V2G economic comparison: (a) mean pre-restoration V2G saving following independent corrected-V2H and export-enabled-V2G re-optimisation; and (b) mean restoration-adjusted V2G saving following symmetric post-optimisation terminal-energy accounting. Positive values indicate lower operating cost under V2G. The restoration-adjusted results are not obtained from terminal-SOC-constrained re-optimisation.,REPLACE affected results/captions with certified R2.2 tables and figures; historical numerical evidence is not current,Round2_revision/tables + solveRound2.m
262,"Of the 90 attempted calendar days, 74 provide common solver-successful and credibility-qualified corrected-V2H/V2G pairs, giving valid-pair coverage of 82.2%. Within these 74 valid paired days, export-enabled V2G has a lower pre-restoration net operating cost than corrected V2H on 74 of 74 days, corresponding to a 100% valid-pair win rate. Across these valid paired results, the mean saving is £0.509/day and the median saving is £0.511/day. Among the 74 common valid paired days, export-enabled V2G produces a negative pre-restoration net operating cost on 43 days, corresponding to 58.1% of valid cases. The remaining 31 valid days have a positive V2G operating cost. Failed or flagged days are excluded because no valid operating-cost outcome is available for classification.. These results support a repeated measured-day cost advantage under the tested conditions but do not establish universal profitability. The day-level V2G savings relative to corrected V2H are presented in Fig. 9.",REPLACE affected results/captions with certified R2.2 tables and figures; historical numerical evidence is not current,Round2_revision/tables + solveRound2.m
263,,REPLACE affected results/captions with certified R2.2 tables and figures; historical numerical evidence is not current,Round2_revision/tables + solveRound2.m
264,C. Multi-Day Principal Comparison,REPLACE affected results/captions with certified R2.2 tables and figures; historical numerical evidence is not current,Round2_revision/tables + solveRound2.m
265,"The measured multi-day results show that export-enabled V2G changes the residential grid boundary mainly by increasing export rather than reducing gross import. For each measured day, net grid energy is calculated using (5). A positive  represents net import, while a negative value represents net export.",REPLACE affected results/captions with certified R2.2 tables and figures; historical numerical evidence is not current,Round2_revision/tables + solveRound2.m
266,Table 11 and Figure 9 compare measured-day grid exchange across the regimes.,REPLACE affected results/captions with certified R2.2 tables and figures; historical numerical evidence is not current,Round2_revision/tables + solveRound2.m
267,Table 11. Multi-day grid-exchange comparison across regimes.,REPLACE affected results/captions with certified R2.2 tables and figures; historical numerical evidence is not current,Round2_revision/tables + solveRound2.m
268,"Note: The legacy-regime means and standard deviations use 90 solved days; the corrected regimes use their 74 common valid days. Means are not based on 90 valid corrected schedules. Net export is assessed among valid V2G outcomes, separately from attempted-day coverage.",REPLACE affected results/captions with certified R2.2 tables and figures; historical numerical evidence is not current,Round2_revision/tables + solveRound2.m
269,"Table 11 shows that mean import changes only from 13.110 ± 1.838 kWh/day in corrected V2H to 13.155 ± 1.988 kWh/day in V2G. Mean export rises from 8.000 ± 4.387 to 27.119 ± 5.369 kWh/day, an increase of 19.119 kWh/day across the 74 common valid pairs.",REPLACE affected results/captions with certified R2.2 tables and figures; historical numerical evidence is not current,Round2_revision/tables + solveRound2.m
270,"Mean net grid energy changes from +5.110 ± 5.573 kWh/day in corrected V2H to −13.964 ± 6.767 kWh/day in V2G. Mean peak import changes from 7.147 to 7.145 kW, while mean peak export increases from 2.243 to 6.787 kW. These are household-boundary results for the selected 2014 House1 cases, not demonstrated network-feasible export.",REPLACE affected results/captions with certified R2.2 tables and figures; historical numerical evidence is not current,Round2_revision/tables + solveRound2.m
271,"V2G is a net exporter on 73 of 74 valid days (98.6486%). The denominator is the valid V2G outcome set, not all 90 attempts. This conditional result does not establish annual or population-level export performance.",REPLACE affected results/captions with certified R2.2 tables and figures; historical numerical evidence is not current,Round2_revision/tables + solveRound2.m
272,,REPLACE affected results/captions with certified R2.2 tables and figures; historical numerical evidence is not current,Round2_revision/tables + solveRound2.m
273,"Figure 9. Grid import, export, and net grid energy across the measured days, showing that export-enabled V2G changes the net grid position mainly through increased export rather than reduced gross import.",REPLACE affected results/captions with certified R2.2 tables and figures; historical numerical evidence is not current,Round2_revision/tables + solveRound2.m
274,EV Dispatch and SOC Behaviour Across Multiple Days,REPLACE affected results/captions with certified R2.2 tables and figures; historical numerical evidence is not current,Round2_revision/tables + solveRound2.m
275,"Table 12 and Figure 10 report EV charging, discharge, throughput, SOC and availability compliance across the measured days.",REPLACE affected results/captions with certified R2.2 tables and figures; historical numerical evidence is not current,Round2_revision/tables + solveRound2.m
276,Table 12. Multi-day EV dispatch and SOC comparison across regimes.,REPLACE affected results/captions with certified R2.2 tables and figures; historical numerical evidence is not current,Round2_revision/tables + solveRound2.m
277,"Note: Means and standard deviations use 90 solved legacy cases and 74 valid cases for each corrected regime. EV throughput is charge plus discharge energy. Availability compliance is assessed against each day’s input profile, which varies across days.",REPLACE affected results/captions with certified R2.2 tables and figures; historical numerical evidence is not current,Round2_revision/tables + solveRound2.m
278,"Table 12 shows that the V2G effect is not caused by higher EV charging. Mean EV charge energy is almost unchanged between corrected V2H and export-enabled V2G, moving from 11.406 ± 0.094 kWh/day to 11.400 ± 0.088 kWh/day. The main operational change is EV discharge. Corrected V2H discharges the EV by only 1.585 ± 1.312 kWh/day, whereas export-enabled V2G increases EV discharge to 20.641 ± 1.767 kWh/day. This increase of 19.056 kWh/day indicates that export remuneration changes the EV from a lightly used household-support resource into an export-supporting storage resource when the vehicle is connected.",REPLACE affected results/captions with certified R2.2 tables and figures; historical numerical evidence is not current,Round2_revision/tables + solveRound2.m
279,"The throughput and SOC results show the cost of this operating change. Mean EV throughput increases from 12.991 ± 1.347 kWh/day in corrected V2H to 32.042 ± 1.771 kWh/day in export-enabled V2G. This higher throughput explains the increase in the EV degradation-cost proxy reported in the economic results. The minimum EV SOC also falls from 61.768 ± 3.875% in corrected V2H to 10.022 ± 0.124% in export-enabled V2G, showing that the export-enabled regime uses a much larger part of the available EV storage range.",REPLACE affected results/captions with certified R2.2 tables and figures; historical numerical evidence is not current,Round2_revision/tables + solveRound2.m
280,Availability compliance and first-trip feasibility do not resolve the terminal-energy boundary examined in Section 6.E.,REPLACE affected results/captions with certified R2.2 tables and figures; historical numerical evidence is not current,Round2_revision/tables + solveRound2.m
281,"Across the valid paired multi-day comparison, the additional export under export-enabled V2G is consistent with increased EV discharge rather than altered trip demand. Corrected V2H exports 8.000 kWh/day on average, while export-enabled V2G exports 27.119 kWh/day, giving a mean export increase of 19.119 kWh/day. Over the same valid paired cases, mean EV discharge increases by 19.056 kWh/day. The mean trip-energy difference between corrected V2H and export-enabled V2G is 0 kWh/day. Therefore, the additional export is traceable to the export-enabled use of EV discharge rather than to a regime-specific change in trip-energy demand.",REPLACE affected results/captions with certified R2.2 tables and figures; historical numerical evidence is not current,Round2_revision/tables + solveRound2.m
282,,REPLACE affected results/captions with certified R2.2 tables and figures; historical numerical evidence is not current,Round2_revision/tables + solveRound2.m
283,"Figure 10. Multi-day EV discharge and throughput across regimes. Export-enabled V2G substantially increases EV discharge and total EV throughput relative to corrected V2H, indicating greater EV utilisation under export-revenue-enabled dispatch.",REPLACE affected results/captions with certified R2.2 tables and figures; historical numerical evidence is not current,Round2_revision/tables + solveRound2.m
284,Economic Cost Comparison Across Multiple Days,REPLACE affected results/captions with certified R2.2 tables and figures; historical numerical evidence is not current,Round2_revision/tables + solveRound2.m
285,"The multi-day economic results show that export-enabled V2G reduces pre-restoration daily net operating cost mainly through export revenue rather than lower import cost. Net operating cost is evaluated using the cost-minus-revenue objective in (2), where  reduces the objective, while , , and increase it.",REPLACE affected results/captions with certified R2.2 tables and figures; historical numerical evidence is not current,Round2_revision/tables + solveRound2.m
286,"Table 13 separates the multi-day import, export-revenue and degradation components for the principal corrected-regime comparison.",REPLACE affected results/captions with certified R2.2 tables and figures; historical numerical evidence is not current,Round2_revision/tables + solveRound2.m
287,Table 13. Multi-day economic cost comparison between corrected V2H and export-enabled V2G.,REPLACE affected results/captions with certified R2.2 tables and figures; historical numerical evidence is not current,Round2_revision/tables + solveRound2.m
288,"Note: Net operating cost is calculated as import cost minus export revenue plus stationary-battery and EV degradation costs. Positive net operating cost represents a daily operating expense. The V2G change column is calculated as export-enabled V2G minus corrected V2H; therefore, a negative value in net operating cost indicates a saving relative to corrected V2H. Values are rounded to three decimal places. The EV degradation cost uses the discharge-throughput proxy defined in the Economic Model section.",REPLACE affected results/captions with certified R2.2 tables and figures; historical numerical evidence is not current,Round2_revision/tables + solveRound2.m
289,"Table 13 shows that export-enabled V2G has a lower pre-restoration mean net operating cost than corrected V2H under the measured multi-day conditions. Corrected V2H gives a mean net operating cost of £0.557/day, whereas export-enabled V2G gives £0.048/day. This corresponds to a mean pre-restoration saving of £0.509/day and a median pre-restoration saving of £0.511/day relative to corrected V2H.",REPLACE affected results/captions with certified R2.2 tables and figures; historical numerical evidence is not current,Round2_revision/tables + solveRound2.m
290,"The median V2G net operating cost is −£0.058/day, while its mean remains positive. Figure 11 compares the daily cost distributions.",REPLACE affected results/captions with certified R2.2 tables and figures; historical numerical evidence is not current,Round2_revision/tables + solveRound2.m
291,,REPLACE affected results/captions with certified R2.2 tables and figures; historical numerical evidence is not current,Round2_revision/tables + solveRound2.m
292,"Figure 11. Multi-day net operating cost by regime, showing that export-enabled V2G shifts the daily cost distribution below corrected V2H while remaining positive-cost on average.",REPLACE affected results/captions with certified R2.2 tables and figures; historical numerical evidence is not current,Round2_revision/tables + solveRound2.m
293,Negative pre-restoration V2G operating cost occurs on 43/74 valid cases (58.1081%). Figure 12 shows the paired savings; Section 6.C defines the valid-pair denominator and statistical comparison.,REPLACE affected results/captions with certified R2.2 tables and figures; historical numerical evidence is not current,Round2_revision/tables + solveRound2.m
294,,REPLACE affected results/captions with certified R2.2 tables and figures; historical numerical evidence is not current,Round2_revision/tables + solveRound2.m
295,Figure 12. Daily pre-restoration V2G saving relative to corrected V2H across the 74 common valid paired days. The magnitude varies with the selected operating profile.,REPLACE affected results/captions with certified R2.2 tables and figures; historical numerical evidence is not current,Round2_revision/tables + solveRound2.m
296,Cost-Bridge and Effect-Size Analysis,REPLACE affected results/captions with certified R2.2 tables and figures; historical numerical evidence is not current,Round2_revision/tables + solveRound2.m
297,"The cost bridge shows how export-enabled V2G differs economically from corrected V2H. The daily pre-restoration V2G saving relative to corrected V2H is defined in (12), where a positive value indicates that V2G has a lower pre-restoration daily net operating cost. The corresponding economic contributions are decomposed as follows:",REPLACE affected results/captions with certified R2.2 tables and figures; historical numerical evidence is not current,Round2_revision/tables + solveRound2.m
298,,REPLACE affected results/captions with certified R2.2 tables and figures; historical numerical evidence is not current,Round2_revision/tables + solveRound2.m
299,"Each component change is calculated as the export-enabled V2G value minus the corresponding corrected-V2H value. Additional export revenue increases the saving, while additional import and degradation costs reduce it.",REPLACE affected results/captions with certified R2.2 tables and figures; historical numerical evidence is not current,Round2_revision/tables + solveRound2.m
300,Table 14. Cost-bridge and operational-ratio summary of export-enabled V2G against corrected V2H.,REPLACE affected results/captions with certified R2.2 tables and figures; historical numerical evidence is not current,Round2_revision/tables + solveRound2.m
301,"Note: Component differences are calculated as export-enabled V2G minus corrected V2H. A positive difference in export revenue increases the V2G saving, whereas positive differences in import cost and degradation cost reduce the saving. The net pre-restoration V2G saving is calculated as the corrected V2H net operating cost minus the export-enabled V2G net operating cost. The cost-reduction percentage should be interpreted as a relative reduction in mean daily net operating cost, not as evidence of universal profitability.",REPLACE affected results/captions with certified R2.2 tables and figures; historical numerical evidence is not current,Round2_revision/tables + solveRound2.m
302,"Table 14 shows that the mean pre-restoration V2G saving is mainly created by export revenue. Export-enabled V2G increases export revenue by £0.725/day relative to corrected V2H. This is the largest positive economic contribution. The main offsetting term is EV degradation cost, which increases by £0.210/day. The additional import cost is much smaller at £0.014/day, and stationary-battery degradation cost decreases slightly by £0.007/day.",REPLACE affected results/captions with certified R2.2 tables and figures; historical numerical evidence is not current,Round2_revision/tables + solveRound2.m
303,"The operational ratios support the same interpretation. Mean export energy is 3.39 times higher under export-enabled V2G than under corrected V2H, and mean EV discharge is 13.02 times higher. These ratios indicate that the economic change is linked to a real dispatch change: export-enabled V2G uses the EV and grid-export boundary more actively than corrected V2H. The bridge components are illustrated in Figure 13.",REPLACE affected results/captions with certified R2.2 tables and figures; historical numerical evidence is not current,Round2_revision/tables + solveRound2.m
304,"The distinction between operational flexibility and economic value is important. Export-enabled V2G provides the EV with greater operational freedom to discharge towards the grid, and this additional flexibility is reflected in the 19.056 kWh/day increase in mean EV discharge and the 19.119 kWh/day increase in mean grid export relative to corrected V2H. However, flexibility itself is not an economic credit in the objective function. Its monetary value arises only when the additional exported energy receives remuneration. The observed pre-restoration cost difference should therefore be interpreted as export-remuneration driven, with increased EV flexibility acting as the operational mechanism that makes the additional export possible.",REPLACE affected results/captions with certified R2.2 tables and figures; historical numerical evidence is not current,Round2_revision/tables + solveRound2.m
305,"Using the rounded mean components, additional EV degradation offsets approximately 29% of the additional export revenue. This is the principal economic penalty associated with the increased EV use.",REPLACE affected results/captions with certified R2.2 tables and figures; historical numerical evidence is not current,Round2_revision/tables + solveRound2.m
306,,REPLACE affected results/captions with certified R2.2 tables and figures; historical numerical evidence is not current,Round2_revision/tables + solveRound2.m
307,"Figure 13. Cost-bridge decomposition of the pre-restoration V2G saving against corrected V2H. Additional export revenue is the dominant positive component, while additional EV degradation cost is the main offsetting penalty.",REPLACE affected results/captions with certified R2.2 tables and figures; historical numerical evidence is not current,Round2_revision/tables + solveRound2.m
308,Valid-pair definition and paired statistical comparison,REPLACE affected results/captions with certified R2.2 tables and figures; historical numerical evidence is not current,Round2_revision/tables + solveRound2.m
309,"Before reporting the paired statistical comparison, the solution-status and credibility denominator must be defined. The multi-day analysis contains 90 attempted days for each regime, giving 270 regime-day runs. Not all corrected V2H and export-enabled V2G runs satisfied the required solution and credibility conditions. Therefore, statistical comparisons between corrected V2H and export-enabled V2G are based only on the common valid paired days.",REPLACE affected results/captions with certified R2.2 tables and figures; historical numerical evidence is not current,Round2_revision/tables + solveRound2.m
310,Table 15. Solver-successful corrected-regime days,REPLACE affected results/captions with certified R2.2 tables and figures; historical numerical evidence is not current,Round2_revision/tables + solveRound2.m
311,Note: Solver success is reported separately from physical-credibility checks. V2H-Old solves on all 90 attempted days but does not satisfy the EV-availability criterion and is retained only as a legacy comparator. Corrected V2H and export-enabled V2G have 74 common solver-successful and credibility-qualified paired days for the principal economic comparison.,REPLACE affected results/captions with certified R2.2 tables and figures; historical numerical evidence is not current,Round2_revision/tables + solveRound2.m
312,The two corrected regimes share 16 saved solver-status failures. The input and constraint audit identifies an algebraic contradiction: the stationary-battery reserve requirement and SOC bounds can be satisfied together only when peakForecast_kWh ≤ Ebmax − Ebmin = 3 kWh. All 16 excluded days violate this condition. No native Gurobi IIS certificate is claimed.,REPLACE affected results/captions with certified R2.2 tables and figures; historical numerical evidence is not current,Round2_revision/tables + solveRound2.m
313,"The excluded-set load and PV summaries are descriptive only. The established feasibility cause is the reserve/SOC contradiction, not an inferred causal effect of higher household load or lower PV considered separately.",REPLACE affected results/captions with certified R2.2 tables and figures; historical numerical evidence is not current,Round2_revision/tables + solveRound2.m
314,"Mean household load is 9.903 kWh/day for the excluded set compared with 5.826 kWh/day for the valid set, while mean PV generation is 7.700 kWh/day compared with 12.089 kWh/day.",REPLACE affected results/captions with certified R2.2 tables and figures; historical numerical evidence is not current,Round2_revision/tables + solveRound2.m
315,"The 3.000 kWh usable band follows from the 4 kWh stationary battery and 20–95% SOC limits. On the 16 excluded days, forecast reserve energy exceeds this band by 0.0105 to 1.6158 kWh, placing the reserve cumulative-energy upper bound below the maximum-SOC lower bound. No solved corrected day exceeds the 3.000 kWh threshold.",REPLACE affected results/captions with certified R2.2 tables and figures; historical numerical evidence is not current,Round2_revision/tables + solveRound2.m
316,"This failure is not caused by the EV first-trip condition. Input-side feasibility checks pass for all 32 corrected-V2H/V2G failed-regime records, and the first-trip energy margins remain positive. The common exclusion therefore arises from the stationary-battery reserve formulation rather than the EV mobility constraints.",REPLACE affected results/captions with certified R2.2 tables and figures; historical numerical evidence is not current,Round2_revision/tables + solveRound2.m
317,"V2H-Old does not exhibit the same contradiction because its legacy reserve formulation applies an absolute-value transformation to the reserve expression, whereas corrected V2H and export-enabled V2G use the signed physical reserve expression. The legacy formulation therefore avoids the contradictory reserve/SOC bound, although V2H-Old remains a legacy comparator with weaker physical credibility.",REPLACE affected results/captions with certified R2.2 tables and figures; historical numerical evidence is not current,Round2_revision/tables + solveRound2.m
318,"Table 15 shows that V2H-Old produced 90 solver-successful cases, whereas corrected V2H and export-enabled V2G each produced 74 solver-successful and credibility-qualified cases from the 90 attempted days. Importantly, the same 16 days were excluded for both corrected regimes, leaving 74 common valid paired observations for the principal corrected V2H–V2G comparison. Consequently, all paired statistical analyses, including the Wilcoxon signed-rank tests and paired Cohen’s values reported in Table 16, are calculated using , not . The 90 days therefore define the attempted scenario set, whereas the 74 common valid paired days define the statistical comparison set. Accordingly, “74/74 valid paired days” represents 100% of the valid paired observations, while “82.2% of 90 attempted days” represents the proportion of the attempted scenario set retained in the valid paired analysis; these two percentages refer to different denominators and should not be interpreted interchangeably.",REPLACE affected results/captions with certified R2.2 tables and figures; historical numerical evidence is not current; DELETE inferential claim; use descriptive paired summaries,Round2_revision/tables + solveRound2.m
319,"The saved Wilcoxon signed-rank p-value is 7.73 × 10⁻¹⁴ for each of the six reported paired comparisons. The net-grid-energy difference is negative because V2G shifts operation towards net export. Table 16 reports the paired statistical results, and Figure 14 reports rank associations.",REPLACE affected results/captions with certified R2.2 tables and figures; historical numerical evidence is not current; DELETE inferential claim; use descriptive paired summaries,Round2_revision/tables + solveRound2.m
320,"Effect magnitude is reported using signed paired Cohen’s dz, calculated from the 74 paired measured-day differences as follows:",REPLACE affected results/captions with certified R2.2 tables and figures; historical numerical evidence is not current; DELETE inferential claim; use descriptive paired summaries,Round2_revision/tables + solveRound2.m
321,,REPLACE affected results/captions with certified R2.2 tables and figures; historical numerical evidence is not current,Round2_revision/tables + solveRound2.m
322,"For net operating cost, the paired difference is calculated as corrected V2H minus V2G, so a positive value indicates a V2G cost saving. For the other variables, the difference is calculated as V2G minus corrected V2H. The negative net-grid-energy effect therefore represents a shift towards net export. The Wilcoxon signed-rank p-values and paired Cohen’s dz values are reported as separate statistical measures.",REPLACE affected results/captions with certified R2.2 tables and figures; historical numerical evidence is not current; DELETE inferential claim; use descriptive paired summaries,Round2_revision/tables + solveRound2.m
323,Table 16. Paired statistical comparison between corrected V2H and export-enabled V2G. ,REPLACE affected results/captions with certified R2.2 tables and figures; historical numerical evidence is not current,Round2_revision/tables + solveRound2.m
324,"Note: Statistical comparisons are calculated only for the 74 common valid paired days for which both corrected V2H and export-enabled V2G solved successfully and passed the credibility checks. Differences are calculated as export-enabled V2G minus corrected V2H, except for net operating cost saving, which is calculated as corrected V2H net operating cost minus export-enabled V2G net operating cost. Export-enabled V2G gives a lower pre-restoration net operating cost on 74/74 valid paired days (100.0% of valid pairs). The 74/90 ratio (82.2%) denotes valid-pair coverage of the attempted days, not a V2G win rate.",REPLACE affected results/captions with certified R2.2 tables and figures; historical numerical evidence is not current,Round2_revision/tables + solveRound2.m
325,"Trip energy has the strongest negative rank association with pre-restoration V2G saving, followed by household load; PV energy has the strongest positive association. Spearman coefficients are ρ = −0.648 for trip energy and ρ = 0.425 for PV energy. These associations do not establish causality, and standardised regression coefficients are unavailable. Figure 14 reports the ranking.",REPLACE affected results/captions with certified R2.2 tables and figures; historical numerical evidence is not current,Round2_revision/tables + solveRound2.m
326,,REPLACE affected results/captions with certified R2.2 tables and figures; historical numerical evidence is not current,Round2_revision/tables + solveRound2.m
327,"Figure 14. Variable-impact ranking for V2G saving, showing that trip energy and daily load energy have the strongest negative associations, while daily PV energy has the strongest positive association.",REPLACE affected results/captions with certified R2.2 tables and figures; historical numerical evidence is not current,Round2_revision/tables + solveRound2.m
328,	Validation of Physical Credibility Across Runs,REPLACE affected results/captions with certified R2.2 tables and figures; historical numerical evidence is not current,Round2_revision/tables + solveRound2.m
329,"Across the 270 regime-day attempts, 238 runs returned a successful solver status and 32 were failed or flagged, giving a solver-success rate of 88.1%. Solver success is reported separately from physical credibility. V2H-Old returned successful solutions but failed the EV-availability test and is retained only as a legacy comparator. Among corrected V2H and export-enabled V2G, 148 of 180 attempted regime-day runs were solver-successful and physically credible, corresponding to 82.2% for each corrected regime.",REPLACE affected results/captions with certified R2.2 tables and figures; historical numerical evidence is not current,Round2_revision/tables + solveRound2.m
330,"Among solved cases, maximum power-balance residuals are 4.545 × 10⁻¹¹ kW for V2H-Old, 3.779 × 10⁻¹¹ kW for corrected V2H and 3.955 × 10⁻¹¹ kW for V2G. Grid-direction checks pass among these solved schedules. Table 17 distinguishes solver-success counts from availability-inclusive physical credibility.",REPLACE affected results/captions with certified R2.2 tables and figures; historical numerical evidence is not current,Round2_revision/tables + solveRound2.m
331,Table 17. Validation And Solver Credibility Summary Across Regimes.,REPLACE affected results/captions with certified R2.2 tables and figures; historical numerical evidence is not current,Round2_revision/tables + solveRound2.m
332,"Note: Counts for SOC, EV availability and grid-direction compliance are reported relative to solver-successful runs. Overall physical credibility is reported relative to the 90 attempted runs per regime. V2H-Old is not used as the principal economic comparator because it fails EV-availability compliance.",REPLACE affected results/captions with certified R2.2 tables and figures; historical numerical evidence is not current,Round2_revision/tables + solveRound2.m
333,Summary of the Principal Comparison,REPLACE affected results/captions with certified R2.2 tables and figures; historical numerical evidence is not current,Round2_revision/tables + solveRound2.m
334,Table 18. Interpretation Of Results Against The Paper Aim.,REPLACE affected results/captions with certified R2.2 tables and figures; historical numerical evidence is not current,Round2_revision/tables + solveRound2.m
335,"Table 18 summarises the principal comparison, and Figure 15 relates additional export revenue to the EV-degradation penalty. The terminal-energy adjustment follows in Section 6.E.",REPLACE affected results/captions with certified R2.2 tables and figures; historical numerical evidence is not current,Round2_revision/tables + solveRound2.m
336,,REPLACE affected results/captions with certified R2.2 tables and figures; historical numerical evidence is not current,Round2_revision/tables + solveRound2.m
337,Figure 15. Additional export revenue versus the EV degradation-cost proxy across the measured days. The pre-restoration V2G saving depends on whether the additional export revenue is sufficient to offset the associated degradation penalty and other added costs.,REPLACE affected results/captions with certified R2.2 tables and figures; historical numerical evidence is not current,Round2_revision/tables + solveRound2.m
338,D. Fixed-Dispatch Monte Carlo Accounting,REPLACE affected results/captions with certified R2.2 tables and figures; historical numerical evidence is not current; DELETE fixed-dispatch Monte Carlo section/Table 19 and related claims; retain audit evidence outside manuscript,Round2_revision/tables + solveRound2.m
339,"The Monte Carlo analysis is fixed-dispatch economic accounting, not a set of newly optimised schedules. It recalculates stored corrected-V2H and V2G costs using the selected stored day, import/export tariffs and EV/stationary-battery degradation multipliers.",REPLACE affected results/captions with certified R2.2 tables and figures; historical numerical evidence is not current; DELETE fixed-dispatch Monte Carlo section/Table 19 and related claims; retain audit evidence outside manuscript,Round2_revision/tables + solveRound2.m
340,"Of 500 requested draws, 420 produced finite paired cost outcomes and 80 were nonfinite; 408 finite outcomes had a positive pre-restoration saving. The configured random seed is 42. Sampled PV, load, trip-energy and arrival/departure values do not enter recalcCost, and no optimisation occurs inside the loop. The draws therefore do not establish sensitivity to those physical inputs. Nonfinite draws are not valid negative-saving observations.",REPLACE affected results/captions with certified R2.2 tables and figures; historical numerical evidence is not current; DELETE fixed-dispatch Monte Carlo section/Table 19 and related claims; retain audit evidence outside manuscript,Round2_revision/tables + solveRound2.m
341,Table 19. Fixed-dispatch Monte Carlo uncertainty summary,REPLACE affected results/captions with certified R2.2 tables and figures; historical numerical evidence is not current; DELETE fixed-dispatch Monte Carlo section/Table 19 and related claims; retain audit evidence outside manuscript,Round2_revision/tables + solveRound2.m
342,"Note: Descriptive statistics use the 420 finite paired cost outcomes. Counts distinguish requested draws from finite outcomes. Only stored-day choice, tariffs and degradation multipliers affect recalculated cost; sampled physical variables are inactive. Results are not operational probabilities.",REPLACE affected results/captions with certified R2.2 tables and figures; historical numerical evidence is not current; DELETE fixed-dispatch Monte Carlo section/Table 19 and related claims; retain audit evidence outside manuscript,Round2_revision/tables + solveRound2.m
343,"Across the 420 finite outcomes, mean pre-restoration V2G saving is £1.311/day, standard deviation £0.805/day, median £1.340/day, and the 5th and 95th percentiles £0.044/day and £2.635/day. Positive saving occurs in 408 finite outcomes. These statistics describe fixed-dispatch valuation under the implemented sampling procedure; they do not establish operational optimality or a probability of deployment profitability.",REPLACE affected results/captions with certified R2.2 tables and figures; historical numerical evidence is not current,Round2_revision/tables + solveRound2.m
344,E. Terminal-SOC Restoration Accounting,REPLACE affected results/captions with certified R2.2 tables and figures; historical numerical evidence is not current,Round2_revision/tables + solveRound2.m
345,Terminal-SOC treatment has a substantial effect on the economic comparison. Table 20 compares the original 24-hour operating-cost results with an accounting adjustment for the energy required to restore the EV to its initial SOC. The restoration requirement is evaluated consistently for corrected V2H and export-enabled V2G using the same charging-efficiency and tariff assumptions.,REPLACE affected results/captions with certified R2.2 tables and figures; historical numerical evidence is not current,Round2_revision/tables + solveRound2.m
346,Table 20. Effect of terminal-SOC restoration accounting on the corrected V2H–V2G economic comparison.,REPLACE affected results/captions with certified R2.2 tables and figures; historical numerical evidence is not current,Round2_revision/tables + solveRound2.m
347,"Note: Both regimes use restoration energy max(0, Einitial − Efinal), divided by charging efficiency 0.9 and valued at the same assumed import price of £0.0499/kWh for the base comparison. These are post-optimisation accounting adjustments, not terminal-constrained re-optimisation. Aggregate connected charging capacity does not establish interval-level restoration feasibility.",REPLACE affected results/captions with certified R2.2 tables and figures; historical numerical evidence is not current,Round2_revision/tables + solveRound2.m
348,"The baseline restoration-adjusted operating cost increases to £0.718/day for corrected V2H and £1.338/day for export-enabled V2G, changing the baseline V2G saving from +£0.434/day before restoration to −£0.620/day after restoration accounting. The same pattern is observed across the valid paired multi-day cases. The mean restoration-adjusted V2G saving is −£0.632/day, with a median of −£0.635/day and a range from −£0.726/day to −£0.539/day. Export-enabled V2G is therefore not lower-cost than corrected V2H on any of the 74 valid paired days after applying the common restoration accounting assumption.",REPLACE affected results/captions with certified R2.2 tables and figures; historical numerical evidence is not current,Round2_revision/tables + solveRound2.m
349,"Figure 16 shows the corresponding day-level change in economic outcome. The pre-restoration comparison is positive across the valid paired cases, whereas the restoration-adjusted comparison remains below zero throughout the paired dataset.",REPLACE affected results/captions with certified R2.2 tables and figures; historical numerical evidence is not current,Round2_revision/tables + solveRound2.m
350,,REPLACE affected results/captions with certified R2.2 tables and figures; historical numerical evidence is not current,Round2_revision/tables + solveRound2.m
351,"Figure 16. Daily V2G saving relative to corrected V2H before and after terminal-SOC restoration accounting across the 74 common valid paired days. Positive values indicate lower operating cost under export-enabled V2G, whereas negative values indicate lower cost under corrected V2H. The restoration-adjusted comparison is negative for all valid paired days, demonstrating the sensitivity of the economic result to end-of-horizon EV SOC treatment.",REPLACE affected results/captions with certified R2.2 tables and figures; historical numerical evidence is not current,Round2_revision/tables + solveRound2.m
352,F. Practical and Network Interpretation,REPLACE affected results/captions with certified R2.2 tables and figures; historical numerical evidence is not current,Round2_revision/tables + solveRound2.m
353,"From a future tariff- and policy-design perspective, the results identify several variables that require joint consideration rather than treating export remuneration in isolation. First, the strong dependence of pre-restoration V2G economics on export revenue indicates that the import/export price relationship can materially alter the optimiser’s use of the EV and the resulting grid exchange. Second, the increase in EV degradation cost shows that export remuneration should be interpreted together with the cost of battery utilisation. Third, the terminal-SOC analysis demonstrates that an apparent short-horizon export benefit can reverse when the energy required to restore the EV is accounted for. Accordingly, evaluations of future V2G tariff structures should distinguish between gross export revenue, battery-wear cost, mobility requirements and the value of end-of-horizon stored energy.",REPLACE affected results/captions with certified R2.2 tables and figures; historical numerical evidence is not current,Round2_revision/tables + solveRound2.m
354,"The results also indicate that tariff design cannot be considered independently of distribution-network conditions. Export-enabled V2G substantially increases household-boundary export, while the present model does not verify feeder voltage, transformer loading, reverse-power-flow limits or hosting capacity. Future V2G frameworks could therefore evaluate price signals together with explicit network constraints, export limits or other network-aware operating conditions. These findings do not prescribe a particular tariff or regulatory mechanism; rather, they identify the economic and physical factors that should be represented when assessing alternative V2G market and tariff structures.",REPLACE affected results/captions with certified R2.2 tables and figures; historical numerical evidence is not current,Round2_revision/tables + solveRound2.m
355,"Export capacity is another potentially important constraint, but a physically valid export-limit sensitivity requires the export-power bound to be imposed at every scheduling interval and the optimisation to be re-solved. The present study does not provide such a re-optimised export-cap experiment and therefore does not claim quantitative performance under specific 6 kW, 3.68 kW, 1.5 kW or zero-export limits. In practical deployment, tighter export limits would restrict one of the principal mechanisms generating the pre-restoration V2G cost difference and could alter both dispatch and revenue; the magnitude of that effect must be determined through explicit constrained re-optimisation.",REPLACE affected results/captions with certified R2.2 tables and figures; historical numerical evidence is not current,Round2_revision/tables + solveRound2.m
356,Grid-Level Implications of Export-Enabled V2G,REPLACE affected results/captions with certified R2.2 tables and figures; historical numerical evidence is not current,Round2_revision/tables + solveRound2.m
357,"The household-level results demonstrate that export-enabled V2G can substantially increase power exchanged with the grid boundary, but this increase should not be interpreted automatically as a distribution-network benefit. The present optimisation represents the utility grid as an import/export boundary and does not model the upstream low-voltage feeder, distribution transformer, node voltages, phase imbalance, line thermal limits or network power flow. Consequently, the present results establish household-level economic and dispatch behaviour rather than network-level hosting capacity or operational acceptability.",REPLACE affected results/captions with certified R2.2 tables and figures; historical numerical evidence is not current,Round2_revision/tables + solveRound2.m
358,"Previous distribution-network studies show why these effects cannot be inferred from a household optimisation alone. Coordinated EV charging has been shown to require explicit consideration of low-voltage network constraints, including voltage and equipment loading, while V2G-based control has also been investigated as a means of supporting distribution-voltage regulation when vehicle operation is coordinated with network conditions [17]. More recent network studies similarly identify transformer capacity, feeder loading, voltage limits and hosting capacity as relevant constraints when EV and V2G penetration increases. ",REPLACE affected results/captions with certified R2.2 tables and figures; historical numerical evidence is not current,Round2_revision/tables + solveRound2.m
359,"The direction of the network effect is therefore context dependent. Export from V2G can potentially support the network when discharge is coordinated with local demand or voltage-control requirements, but poorly coordinated or highly coincident export can also increase reverse power flow, raise local voltages, or increase utilisation of transformers and feeders. Accordingly, a household schedule that is economically attractive under an unrestricted grid-boundary model may not remain feasible if feeder-specific voltage or thermal constraints are imposed.",REPLACE affected results/captions with certified R2.2 tables and figures; historical numerical evidence is not current,Round2_revision/tables + solveRound2.m
360,"From a network-operator perspective, practical deployment would therefore require coordination between household energy management and distribution-system limits. Relevant mechanisms include interval-dependent export limits, dynamic operating envelopes, transformer-loading constraints, feeder-voltage constraints and network-aware V2G scheduling. These controls could reduce the quantity or alter the timing of export and would therefore modify both dispatch and household revenue relative to the unconstrained grid-boundary results reported here.",REPLACE affected results/captions with certified R2.2 tables and figures; historical numerical evidence is not current,Round2_revision/tables + solveRound2.m
362,"A. Dataset and external validity. The prepared House1 data period and deterministic selection are defined in Section 5. The principal comparison is conditional on the feasible paired subset identified in Section 6.C. A single household and bounded measurement period do not establish annual, all-season or population-level performance. Broader validation requires full-year, multi-household profiles with heterogeneous demand, PV and mobility patterns.","UPDATE limitations/conclusions to distinguish full 90 terminal experiment, EV-only timed accounting and no rolling/network evidence",Round2_revision/tables + solveRound2.m
363,"B. End-of-horizon energy continuity. First-trip feasibility does not impose final-SOC-equals-initial continuity, restoration cost in the objective or rolling multi-day coupling. The symmetric accounting in Section 6.E does not establish that restoration can be charged at the assumed price within feasible intervals. Terminal-constrained or rolling-horizon optimisation is needed to evaluate repeatable mobility service.","UPDATE limitations/conclusions to distinguish full 90 terminal experiment, EV-only timed accounting and no rolling/network evidence",Round2_revision/tables + solveRound2.m
364,"C. Degradation-model limitation. The throughput proxies defined in Section 4 have not been calibrated against empirical ageing data for a particular battery chemistry. Fixed-dispatch coefficient variation tests monetary sensitivity, not alternative ageing-model structures. Future work should couple experimentally calibrated cycle- and calendar-ageing models to optimisation under common mobility assumptions.","UPDATE limitations/conclusions to distinguish full 90 terminal experiment, EV-only timed accounting and no rolling/network evidence",Round2_revision/tables + solveRound2.m
365,"D. Network and deployment boundary. Section 6.F explains why household-boundary export does not establish feeder, transformer or hosting-capacity feasibility. The operating-cost comparison also excludes bidirectional-charger capital cost, installation and electrical upgrades, maintenance, financing, communication or aggregator charges, tariff-access conditions and vehicle/charger warranties. These costs and terminal-energy-consistent operation must be included before deriving payback periods or annual household returns.","UPDATE limitations/conclusions to distinguish full 90 terminal experiment, EV-only timed accounting and no rolling/network evidence",Round2_revision/tables + solveRound2.m
366,"E. System sizing and mobility sensitivity. Stationary storage remains fixed at 4 kWh and 2.7 kW; alternative sizing requires re-optimisation because it affects reserve feasibility and dispatch. The EV-capacity experiments retain a 6.6 kW power limit and 90% first-trip target, so required departure energy changes with capacity. Measured availability variation is not a controlled test of alternative commuting schedules: equal connected hours can have different value depending on PV and tariff timing. Workplace connection, stochastic travel and alternative PV sizes require explicit scenarios; the inactive physical samples in the Monte Carlo accounting do not provide those tests.","UPDATE limitations/conclusions to distinguish full 90 terminal experiment, EV-only timed accounting and no rolling/network evidence",Round2_revision/tables + solveRound2.m
367,"F. Aggregation and security extensions. The single-EV model does not represent aggregation across heterogeneous states, mobility requirements and connection periods. Such coordination could support reserve, balancing or other market services [10]; future work should examine availability diversity, commitments, market participation, revenue allocation and network-constrained scheduling. The model also assumes available market/control information without communication-security, privacy or transaction-authentication constraints. Coordinated trading may disclose mobility patterns, stored energy, bids and flexibility. Privacy-preserving matching and secure communication should therefore be evaluated together with their computational, communication and transaction overheads [16].","UPDATE limitations/conclusions to distinguish full 90 terminal experiment, EV-only timed accounting and no rolling/network evidence",Round2_revision/tables + solveRound2.m
368,8. Conclusions,"UPDATE limitations/conclusions to distinguish full 90 terminal experiment, EV-only timed accounting and no rolling/network evidence",Round2_revision/tables + solveRound2.m
369,This study examines how EV-export permission changes the economics of a residential PV-battery-EV schedule under common corrected-regime cost-minus-revenue accounting. Its contribution is the decomposition and interpretation of that economic effect within the inherited physical framework.,"UPDATE limitations/conclusions to distinguish full 90 terminal experiment, EV-only timed accounting and no rolling/network evidence",Round2_revision/tables + solveRound2.m
370,"In the baseline and multi-day comparisons, additional export revenue rather than reduced gross import explains the lower pre-restoration V2G operating cost. Increased EV discharge supplies the operational flexibility, while the EV degradation proxy provides the principal offsetting penalty.","UPDATE limitations/conclusions to distinguish full 90 terminal experiment, EV-only timed accounting and no rolling/network evidence",Round2_revision/tables + solveRound2.m
371,"Across 90 attempted days, the principal comparison contains 74 common valid pairs. V2G has lower pre-restoration cost on 74/74 pairs, with mean saving £0.509/day. Valid-pair coverage is 82.2%, not the win rate. Negative V2G operating cost occurs on 43/74 valid days (58.1081%), although mean cost remains positive.","UPDATE limitations/conclusions to distinguish full 90 terminal experiment, EV-only timed accounting and no rolling/network evidence",Round2_revision/tables + solveRound2.m
372,"Symmetric post-optimisation restoration accounting reverses the base comparison: mean adjusted V2G saving is approximately −£0.632/day, with lower adjusted V2G cost on 0/74 pairs. This is neither terminal-constrained optimisation nor proof of interval-level restoration feasibility.","UPDATE limitations/conclusions to distinguish full 90 terminal experiment, EV-only timed accounting and no rolling/network evidence",Round2_revision/tables + solveRound2.m
373,"Tariff and EV-capacity experiments were independently re-optimised; degradation sensitivity and Monte Carlo results are fixed-dispatch accounting. These analyses show dependence on the tested economic and operating assumptions, without establishing an operational probability or a purely proportional capacity effect.","UPDATE limitations/conclusions to distinguish full 90 terminal experiment, EV-only timed accounting and no rolling/network evidence",Round2_revision/tables + solveRound2.m
374,"The evidence identifies a household-specific export-revenue mechanism, not an investment case. Future evaluation should combine terminal-energy continuity with the deployment and external-validity requirements consolidated in Section 7.","UPDATE limitations/conclusions to distinguish full 90 terminal experiment, EV-only timed accounting and no rolling/network evidence",Round2_revision/tables + solveRound2.m
378,"Data Availability Statement: The processed result tables supporting the findings of this study are available from the corresponding author upon reasonable request. The study uses a prepared House1 workbook. Documentary attribution in the Swansea thesis links the household source to the London Datastore SmartMeter Energy Consumption Data in London Households dataset [20], [21]; however, the exact raw-meter identity, download version, licence and raw-to-prepared processing chain have not been independently authenticated. Access and reuse of the source data remain subject to the applicable provider conditions.",UPDATE code/data availability truthfully; public deposit and prepared-input redistribution approval unresolved,Round2_revision/tables + solveRound2.m
